division,model,route,mode,full_frequency_hz,frequency_hz,relative_frequency_error_percent
1,Original,route_invariant,1,2.707425741915122,2.707425741915122,0.0
1,Original,route_invariant,2,9.328408686762627,9.328408686762627,0.0
1,Guyan,historical_single_sided,1,2.707425741915122,2.7249770197432217,0.6482644216747632
1,Guyan,historical_single_sided,2,9.328408686762627,9.833191026053944,5.411237395801741
1,Guyan,projected_congruence,1,2.707425741915122,2.7075029390181693,0.0028513100785071094
1,Guyan,projected_congruence,2,9.328408686762627,9.36641471888135,0.4074224596597599
1,Craig-Bampton,route_invariant,1,2.707425741915122,2.70749418441907,0.0025279549827827187
1,Craig-Bampton,route_invariant,2,9.328408686762627,9.35492223097821,0.28422365599404037
2,Original,route_invariant,1,2.707425741915122,2.707425741915122,0.0
2,Original,route_invariant,2,9.328408686762627,9.328408686762627,0.0
2,Guyan,historical_single_sided,1,2.707425741915122,3.2229194935406174,19.039995950576145
2,Guyan,historical_single_sided,2,9.328408686762627,12.18051937223097,30.574461103056073
2,Guyan,projected_congruence,1,2.707425741915122,2.7204083331663518,0.47951790700070873
2,Guyan,projected_congruence,2,9.328408686762627,10.03265329887936,7.5494613900877185
2,Craig-Bampton,route_invariant,1,2.707425741915122,2.7080706547484823,0.02382014854095824
2,Craig-Bampton,route_invariant,2,9.328408686762627,9.338463296951844,0.10778483798082945
