唯一ID,划分,方法,源文件,源变量,原图横坐标索引,原图纵坐标索引,时滞1采样步,时滞2采样步,时滞1毫秒,时滞2毫秒
4-4,第一类子结构划分,原结构,第一类划分最终绘图数据_lqr_2.mat,stab_o,1,31,0,30,0.000000000,29.296875000
4-4,第一类子结构划分,原结构,第一类划分最终绘图数据_lqr_2.mat,stab_o,2,31,1,30,0.976562500,29.296875000
4-4,第一类子结构划分,原结构,第一类划分最终绘图数据_lqr_2.mat,stab_o,3,31,2,30,1.953125000,29.296875000
4-4,第一类子结构划分,原结构,第一类划分最终绘图数据_lqr_2.mat,stab_o,4,30,3,29,2.929687500,28.320312500
4-4,第一类子结构划分,原结构,第一类划分最终绘图数据_lqr_2.mat,stab_o,5,30,4,29,3.906250000,28.320312500
4-4,第一类子结构划分,原结构,第一类划分最终绘图数据_lqr_2.mat,stab_o,6,30,5,29,4.882812500,28.320312500
4-4,第一类子结构划分,原结构,第一类划分最终绘图数据_lqr_2.mat,stab_o,7,30,6,29,5.859375000,28.320312500
4-4,第一类子结构划分,原结构,第一类划分最终绘图数据_lqr_2.mat,stab_o,8,29,7,28,6.835937500,27.343750000
4-4,第一类子结构划分,原结构,第一类划分最终绘图数据_lqr_2.mat,stab_o,9,29,8,28,7.812500000,27.343750000
4-4,第一类子结构划分,原结构,第一类划分最终绘图数据_lqr_2.mat,stab_o,10,29,9,28,8.789062500,27.343750000
4-4,第一类子结构划分,原结构,第一类划分最终绘图数据_lqr_2.mat,stab_o,11,29,10,28,9.765625000,27.343750000
4-4,第一类子结构划分,原结构,第一类划分最终绘图数据_lqr_2.mat,stab_o,12,29,11,28,10.742187500,27.343750000
4-4,第一类子结构划分,原结构,第一类划分最终绘图数据_lqr_2.mat,stab_o,13,29,12,28,11.718750000,27.343750000
4-4,第一类子结构划分,原结构,第一类划分最终绘图数据_lqr_2.mat,stab_o,14,29,13,28,12.695312500,27.343750000
4-4,第一类子结构划分,原结构,第一类划分最终绘图数据_lqr_2.mat,stab_o,15,29,14,28,13.671875000,27.343750000
4-4,第一类子结构划分,原结构,第一类划分最终绘图数据_lqr_2.mat,stab_o,16,28,15,27,14.648437500,26.367187500
4-4,第一类子结构划分,原结构,第一类划分最终绘图数据_lqr_2.mat,stab_o,17,28,16,27,15.625000000,26.367187500
4-4,第一类子结构划分,原结构,第一类划分最终绘图数据_lqr_2.mat,stab_o,18,28,17,27,16.601562500,26.367187500
4-4,第一类子结构划分,原结构,第一类划分最终绘图数据_lqr_2.mat,stab_o,19,28,18,27,17.578125000,26.367187500
4-4,第一类子结构划分,原结构,第一类划分最终绘图数据_lqr_2.mat,stab_o,20,28,19,27,18.554687500,26.367187500
4-4,第一类子结构划分,原结构,第一类划分最终绘图数据_lqr_2.mat,stab_o,21,28,20,27,19.531250000,26.367187500
4-4,第一类子结构划分,原结构,第一类划分最终绘图数据_lqr_2.mat,stab_o,22,28,21,27,20.507812500,26.367187500
4-4,第一类子结构划分,原结构,第一类划分最终绘图数据_lqr_2.mat,stab_o,23,28,22,27,21.484375000,26.367187500
4-4,第一类子结构划分,原结构,第一类划分最终绘图数据_lqr_2.mat,stab_o,24,28,23,27,22.460937500,26.367187500
4-4,第一类子结构划分,原结构,第一类划分最终绘图数据_lqr_2.mat,stab_o,25,28,24,27,23.437500000,26.367187500
4-4,第一类子结构划分,原结构,第一类划分最终绘图数据_lqr_2.mat,stab_o,26,27,25,26,24.414062500,25.390625000
4-4,第一类子结构划分,原结构,第一类划分最终绘图数据_lqr_2.mat,stab_o,27,26,26,25,25.390625000,24.414062500
4-4,第一类子结构划分,原结构,第一类划分最终绘图数据_lqr_2.mat,stab_o,28,26,27,25,26.367187500,24.414062500
4-4,第一类子结构划分,原结构,第一类划分最终绘图数据_lqr_2.mat,stab_o,29,25,28,24,27.343750000,23.437500000
4-4,第一类子结构划分,原结构,第一类划分最终绘图数据_lqr_2.mat,stab_o,30,25,29,24,28.320312500,23.437500000
4-4,第一类子结构划分,原结构,第一类划分最终绘图数据_lqr_2.mat,stab_o,31,24,30,23,29.296875000,22.460937500
4-4,第一类子结构划分,原结构,第一类划分最终绘图数据_lqr_2.mat,stab_o,32,23,31,22,30.273437500,21.484375000
4-4,第一类子结构划分,原结构,第一类划分最终绘图数据_lqr_2.mat,stab_o,33,23,32,22,31.250000000,21.484375000
4-4,第一类子结构划分,原结构,第一类划分最终绘图数据_lqr_2.mat,stab_o,34,23,33,22,32.226562500,21.484375000
4-4,第一类子结构划分,原结构,第一类划分最终绘图数据_lqr_2.mat,stab_o,35,23,34,22,33.203125000,21.484375000
4-4,第一类子结构划分,原结构,第一类划分最终绘图数据_lqr_2.mat,stab_o,36,23,35,22,34.179687500,21.484375000
4-4,第一类子结构划分,原结构,第一类划分最终绘图数据_lqr_2.mat,stab_o,37,23,36,22,35.156250000,21.484375000
4-4,第一类子结构划分,原结构,第一类划分最终绘图数据_lqr_2.mat,stab_o,38,23,37,22,36.132812500,21.484375000
4-4,第一类子结构划分,原结构,第一类划分最终绘图数据_lqr_2.mat,stab_o,39,22,38,21,37.109375000,20.507812500
4-4,第一类子结构划分,原结构,第一类划分最终绘图数据_lqr_2.mat,stab_o,40,22,39,21,38.085937500,20.507812500
4-4,第一类子结构划分,原结构,第一类划分最终绘图数据_lqr_2.mat,stab_o,41,21,40,20,39.062500000,19.531250000
4-4,第一类子结构划分,原结构,第一类划分最终绘图数据_lqr_2.mat,stab_o,42,20,41,19,40.039062500,18.554687500
4-4,第一类子结构划分,原结构,第一类划分最终绘图数据_lqr_2.mat,stab_o,43,20,42,19,41.015625000,18.554687500
4-4,第一类子结构划分,原结构,第一类划分最终绘图数据_lqr_2.mat,stab_o,44,20,43,19,41.992187500,18.554687500
4-4,第一类子结构划分,原结构,第一类划分最终绘图数据_lqr_2.mat,stab_o,45,20,44,19,42.968750000,18.554687500
4-4,第一类子结构划分,原结构,第一类划分最终绘图数据_lqr_2.mat,stab_o,46,20,45,19,43.945312500,18.554687500
4-4,第一类子结构划分,原结构,第一类划分最终绘图数据_lqr_2.mat,stab_o,47,20,46,19,44.921875000,18.554687500
4-4,第一类子结构划分,原结构,第一类划分最终绘图数据_lqr_2.mat,stab_o,48,20,47,19,45.898437500,18.554687500
4-4,第一类子结构划分,原结构,第一类划分最终绘图数据_lqr_2.mat,stab_o,49,19,48,18,46.875000000,17.578125000
4-4,第一类子结构划分,原结构,第一类划分最终绘图数据_lqr_2.mat,stab_o,50,18,49,17,47.851562500,16.601562500
4-4,第一类子结构划分,原结构,第一类划分最终绘图数据_lqr_2.mat,stab_o,51,16,50,15,48.828125000,14.648437500
4-4,第一类子结构划分,原结构,第一类划分最终绘图数据_lqr_2.mat,stab_o,52,16,51,15,49.804687500,14.648437500
4-4,第一类子结构划分,原结构,第一类划分最终绘图数据_lqr_2.mat,stab_o,53,16,52,15,50.781250000,14.648437500
4-4,第一类子结构划分,原结构,第一类划分最终绘图数据_lqr_2.mat,stab_o,54,15,53,14,51.757812500,13.671875000
4-4,第一类子结构划分,原结构,第一类划分最终绘图数据_lqr_2.mat,stab_o,55,15,54,14,52.734375000,13.671875000
4-4,第一类子结构划分,原结构,第一类划分最终绘图数据_lqr_2.mat,stab_o,56,15,55,14,53.710937500,13.671875000
4-4,第一类子结构划分,原结构,第一类划分最终绘图数据_lqr_2.mat,stab_o,57,13,56,12,54.687500000,11.718750000
4-4,第一类子结构划分,原结构,第一类划分最终绘图数据_lqr_2.mat,stab_o,58,13,57,12,55.664062500,11.718750000
4-4,第一类子结构划分,原结构,第一类划分最终绘图数据_lqr_2.mat,stab_o,59,13,58,12,56.640625000,11.718750000
4-4,第一类子结构划分,原结构,第一类划分最终绘图数据_lqr_2.mat,stab_o,60,13,59,12,57.617187500,11.718750000
4-4,第一类子结构划分,原结构,第一类划分最终绘图数据_lqr_2.mat,stab_o,61,11,60,10,58.593750000,9.765625000
4-4,第一类子结构划分,原结构,第一类划分最终绘图数据_lqr_2.mat,stab_o,62,9,61,8,59.570312500,7.812500000
4-4,第一类子结构划分,原结构,第一类划分最终绘图数据_lqr_2.mat,stab_o,63,6,62,5,60.546875000,4.882812500
4-4,第一类子结构划分,原结构,第一类划分最终绘图数据_lqr_2.mat,stab_o,64,2,63,1,61.523437500,0.976562500
4-4,第一类子结构划分,Craig-Bampton,第一类划分最终绘图数据_lqr_2.mat,stab_C,1,26,0,25,0.000000000,24.414062500
4-4,第一类子结构划分,Craig-Bampton,第一类划分最终绘图数据_lqr_2.mat,stab_C,2,26,1,25,0.976562500,24.414062500
4-4,第一类子结构划分,Craig-Bampton,第一类划分最终绘图数据_lqr_2.mat,stab_C,3,26,2,25,1.953125000,24.414062500
4-4,第一类子结构划分,Craig-Bampton,第一类划分最终绘图数据_lqr_2.mat,stab_C,4,26,3,25,2.929687500,24.414062500
4-4,第一类子结构划分,Craig-Bampton,第一类划分最终绘图数据_lqr_2.mat,stab_C,5,26,4,25,3.906250000,24.414062500
4-4,第一类子结构划分,Craig-Bampton,第一类划分最终绘图数据_lqr_2.mat,stab_C,6,26,5,25,4.882812500,24.414062500
4-4,第一类子结构划分,Craig-Bampton,第一类划分最终绘图数据_lqr_2.mat,stab_C,7,26,6,25,5.859375000,24.414062500
4-4,第一类子结构划分,Craig-Bampton,第一类划分最终绘图数据_lqr_2.mat,stab_C,8,25,7,24,6.835937500,23.437500000
4-4,第一类子结构划分,Craig-Bampton,第一类划分最终绘图数据_lqr_2.mat,stab_C,9,25,8,24,7.812500000,23.437500000
4-4,第一类子结构划分,Craig-Bampton,第一类划分最终绘图数据_lqr_2.mat,stab_C,10,25,9,24,8.789062500,23.437500000
4-4,第一类子结构划分,Craig-Bampton,第一类划分最终绘图数据_lqr_2.mat,stab_C,11,25,10,24,9.765625000,23.437500000
4-4,第一类子结构划分,Craig-Bampton,第一类划分最终绘图数据_lqr_2.mat,stab_C,12,25,11,24,10.742187500,23.437500000
4-4,第一类子结构划分,Craig-Bampton,第一类划分最终绘图数据_lqr_2.mat,stab_C,13,25,12,24,11.718750000,23.437500000
4-4,第一类子结构划分,Craig-Bampton,第一类划分最终绘图数据_lqr_2.mat,stab_C,14,25,13,24,12.695312500,23.437500000
4-4,第一类子结构划分,Craig-Bampton,第一类划分最终绘图数据_lqr_2.mat,stab_C,15,25,14,24,13.671875000,23.437500000
4-4,第一类子结构划分,Craig-Bampton,第一类划分最终绘图数据_lqr_2.mat,stab_C,16,24,15,23,14.648437500,22.460937500
4-4,第一类子结构划分,Craig-Bampton,第一类划分最终绘图数据_lqr_2.mat,stab_C,17,24,16,23,15.625000000,22.460937500
4-4,第一类子结构划分,Craig-Bampton,第一类划分最终绘图数据_lqr_2.mat,stab_C,18,24,17,23,16.601562500,22.460937500
4-4,第一类子结构划分,Craig-Bampton,第一类划分最终绘图数据_lqr_2.mat,stab_C,19,24,18,23,17.578125000,22.460937500
4-4,第一类子结构划分,Craig-Bampton,第一类划分最终绘图数据_lqr_2.mat,stab_C,20,24,19,23,18.554687500,22.460937500
4-4,第一类子结构划分,Craig-Bampton,第一类划分最终绘图数据_lqr_2.mat,stab_C,21,24,20,23,19.531250000,22.460937500
4-4,第一类子结构划分,Craig-Bampton,第一类划分最终绘图数据_lqr_2.mat,stab_C,22,24,21,23,20.507812500,22.460937500
4-4,第一类子结构划分,Craig-Bampton,第一类划分最终绘图数据_lqr_2.mat,stab_C,23,24,22,23,21.484375000,22.460937500
4-4,第一类子结构划分,Craig-Bampton,第一类划分最终绘图数据_lqr_2.mat,stab_C,24,24,23,23,22.460937500,22.460937500
4-4,第一类子结构划分,Craig-Bampton,第一类划分最终绘图数据_lqr_2.mat,stab_C,25,24,24,23,23.437500000,22.460937500
4-4,第一类子结构划分,Craig-Bampton,第一类划分最终绘图数据_lqr_2.mat,stab_C,26,23,25,22,24.414062500,21.484375000
4-4,第一类子结构划分,Craig-Bampton,第一类划分最终绘图数据_lqr_2.mat,stab_C,27,22,26,21,25.390625000,20.507812500
4-4,第一类子结构划分,Craig-Bampton,第一类划分最终绘图数据_lqr_2.mat,stab_C,28,22,27,21,26.367187500,20.507812500
4-4,第一类子结构划分,Craig-Bampton,第一类划分最终绘图数据_lqr_2.mat,stab_C,29,22,28,21,27.343750000,20.507812500
4-4,第一类子结构划分,Craig-Bampton,第一类划分最终绘图数据_lqr_2.mat,stab_C,30,22,29,21,28.320312500,20.507812500
4-4,第一类子结构划分,Craig-Bampton,第一类划分最终绘图数据_lqr_2.mat,stab_C,31,22,30,21,29.296875000,20.507812500
4-4,第一类子结构划分,Craig-Bampton,第一类划分最终绘图数据_lqr_2.mat,stab_C,32,21,31,20,30.273437500,19.531250000
4-4,第一类子结构划分,Craig-Bampton,第一类划分最终绘图数据_lqr_2.mat,stab_C,33,21,32,20,31.250000000,19.531250000
4-4,第一类子结构划分,Craig-Bampton,第一类划分最终绘图数据_lqr_2.mat,stab_C,34,20,33,19,32.226562500,18.554687500
4-4,第一类子结构划分,Craig-Bampton,第一类划分最终绘图数据_lqr_2.mat,stab_C,35,20,34,19,33.203125000,18.554687500
4-4,第一类子结构划分,Craig-Bampton,第一类划分最终绘图数据_lqr_2.mat,stab_C,36,20,35,19,34.179687500,18.554687500
4-4,第一类子结构划分,Craig-Bampton,第一类划分最终绘图数据_lqr_2.mat,stab_C,37,20,36,19,35.156250000,18.554687500
4-4,第一类子结构划分,Craig-Bampton,第一类划分最终绘图数据_lqr_2.mat,stab_C,38,20,37,19,36.132812500,18.554687500
4-4,第一类子结构划分,Craig-Bampton,第一类划分最终绘图数据_lqr_2.mat,stab_C,39,20,38,19,37.109375000,18.554687500
4-4,第一类子结构划分,Craig-Bampton,第一类划分最终绘图数据_lqr_2.mat,stab_C,40,20,39,19,38.085937500,18.554687500
4-4,第一类子结构划分,Craig-Bampton,第一类划分最终绘图数据_lqr_2.mat,stab_C,41,20,40,19,39.062500000,18.554687500
4-4,第一类子结构划分,Craig-Bampton,第一类划分最终绘图数据_lqr_2.mat,stab_C,42,18,41,17,40.039062500,16.601562500
4-4,第一类子结构划分,Craig-Bampton,第一类划分最终绘图数据_lqr_2.mat,stab_C,43,18,42,17,41.015625000,16.601562500
4-4,第一类子结构划分,Craig-Bampton,第一类划分最终绘图数据_lqr_2.mat,stab_C,44,18,43,17,41.992187500,16.601562500
4-4,第一类子结构划分,Craig-Bampton,第一类划分最终绘图数据_lqr_2.mat,stab_C,45,18,44,17,42.968750000,16.601562500
4-4,第一类子结构划分,Craig-Bampton,第一类划分最终绘图数据_lqr_2.mat,stab_C,46,18,45,17,43.945312500,16.601562500
4-4,第一类子结构划分,Craig-Bampton,第一类划分最终绘图数据_lqr_2.mat,stab_C,47,18,46,17,44.921875000,16.601562500
4-4,第一类子结构划分,Craig-Bampton,第一类划分最终绘图数据_lqr_2.mat,stab_C,48,17,47,16,45.898437500,15.625000000
4-4,第一类子结构划分,Craig-Bampton,第一类划分最终绘图数据_lqr_2.mat,stab_C,49,17,48,16,46.875000000,15.625000000
4-4,第一类子结构划分,Craig-Bampton,第一类划分最终绘图数据_lqr_2.mat,stab_C,50,17,49,16,47.851562500,15.625000000
4-4,第一类子结构划分,Craig-Bampton,第一类划分最终绘图数据_lqr_2.mat,stab_C,51,16,50,15,48.828125000,14.648437500
4-4,第一类子结构划分,Craig-Bampton,第一类划分最终绘图数据_lqr_2.mat,stab_C,52,14,51,13,49.804687500,12.695312500
4-4,第一类子结构划分,Craig-Bampton,第一类划分最终绘图数据_lqr_2.mat,stab_C,53,12,52,11,50.781250000,10.742187500
4-4,第一类子结构划分,Craig-Bampton,第一类划分最终绘图数据_lqr_2.mat,stab_C,54,10,53,9,51.757812500,8.789062500
4-4,第一类子结构划分,Craig-Bampton,第一类划分最终绘图数据_lqr_2.mat,stab_C,55,7,54,6,52.734375000,5.859375000
4-4,第一类子结构划分,Guyan,第一类划分最终绘图数据_lqr_2.mat,stab_g,1,23,0,22,0.000000000,21.484375000
4-4,第一类子结构划分,Guyan,第一类划分最终绘图数据_lqr_2.mat,stab_g,2,24,1,23,0.976562500,22.460937500
4-4,第一类子结构划分,Guyan,第一类划分最终绘图数据_lqr_2.mat,stab_g,3,24,2,23,1.953125000,22.460937500
4-4,第一类子结构划分,Guyan,第一类划分最终绘图数据_lqr_2.mat,stab_g,4,25,3,24,2.929687500,23.437500000
4-4,第一类子结构划分,Guyan,第一类划分最终绘图数据_lqr_2.mat,stab_g,5,25,4,24,3.906250000,23.437500000
4-4,第一类子结构划分,Guyan,第一类划分最终绘图数据_lqr_2.mat,stab_g,6,25,5,24,4.882812500,23.437500000
4-4,第一类子结构划分,Guyan,第一类划分最终绘图数据_lqr_2.mat,stab_g,7,25,6,24,5.859375000,23.437500000
4-4,第一类子结构划分,Guyan,第一类划分最终绘图数据_lqr_2.mat,stab_g,8,24,7,23,6.835937500,22.460937500
4-4,第一类子结构划分,Guyan,第一类划分最终绘图数据_lqr_2.mat,stab_g,9,24,8,23,7.812500000,22.460937500
4-4,第一类子结构划分,Guyan,第一类划分最终绘图数据_lqr_2.mat,stab_g,10,24,9,23,8.789062500,22.460937500
4-4,第一类子结构划分,Guyan,第一类划分最终绘图数据_lqr_2.mat,stab_g,11,24,10,23,9.765625000,22.460937500
4-4,第一类子结构划分,Guyan,第一类划分最终绘图数据_lqr_2.mat,stab_g,12,23,11,22,10.742187500,21.484375000
4-4,第一类子结构划分,Guyan,第一类划分最终绘图数据_lqr_2.mat,stab_g,13,23,12,22,11.718750000,21.484375000
4-4,第一类子结构划分,Guyan,第一类划分最终绘图数据_lqr_2.mat,stab_g,14,23,13,22,12.695312500,21.484375000
4-4,第一类子结构划分,Guyan,第一类划分最终绘图数据_lqr_2.mat,stab_g,15,23,14,22,13.671875000,21.484375000
4-4,第一类子结构划分,Guyan,第一类划分最终绘图数据_lqr_2.mat,stab_g,16,22,15,21,14.648437500,20.507812500
4-4,第一类子结构划分,Guyan,第一类划分最终绘图数据_lqr_2.mat,stab_g,17,22,16,21,15.625000000,20.507812500
4-4,第一类子结构划分,Guyan,第一类划分最终绘图数据_lqr_2.mat,stab_g,18,22,17,21,16.601562500,20.507812500
4-4,第一类子结构划分,Guyan,第一类划分最终绘图数据_lqr_2.mat,stab_g,19,22,18,21,17.578125000,20.507812500
4-4,第一类子结构划分,Guyan,第一类划分最终绘图数据_lqr_2.mat,stab_g,20,22,19,21,18.554687500,20.507812500
4-4,第一类子结构划分,Guyan,第一类划分最终绘图数据_lqr_2.mat,stab_g,21,21,20,20,19.531250000,19.531250000
4-4,第一类子结构划分,Guyan,第一类划分最终绘图数据_lqr_2.mat,stab_g,22,21,21,20,20.507812500,19.531250000
4-4,第一类子结构划分,Guyan,第一类划分最终绘图数据_lqr_2.mat,stab_g,23,20,22,19,21.484375000,18.554687500
4-4,第一类子结构划分,Guyan,第一类划分最终绘图数据_lqr_2.mat,stab_g,24,20,23,19,22.460937500,18.554687500
4-4,第一类子结构划分,Guyan,第一类划分最终绘图数据_lqr_2.mat,stab_g,25,20,24,19,23.437500000,18.554687500
4-4,第一类子结构划分,Guyan,第一类划分最终绘图数据_lqr_2.mat,stab_g,26,20,25,19,24.414062500,18.554687500
4-4,第一类子结构划分,Guyan,第一类划分最终绘图数据_lqr_2.mat,stab_g,27,20,26,19,25.390625000,18.554687500
4-4,第一类子结构划分,Guyan,第一类划分最终绘图数据_lqr_2.mat,stab_g,28,20,27,19,26.367187500,18.554687500
4-4,第一类子结构划分,Guyan,第一类划分最终绘图数据_lqr_2.mat,stab_g,29,20,28,19,27.343750000,18.554687500
4-4,第一类子结构划分,Guyan,第一类划分最终绘图数据_lqr_2.mat,stab_g,30,20,29,19,28.320312500,18.554687500
4-4,第一类子结构划分,Guyan,第一类划分最终绘图数据_lqr_2.mat,stab_g,31,20,30,19,29.296875000,18.554687500
4-4,第一类子结构划分,Guyan,第一类划分最终绘图数据_lqr_2.mat,stab_g,32,20,31,19,30.273437500,18.554687500
4-4,第一类子结构划分,Guyan,第一类划分最终绘图数据_lqr_2.mat,stab_g,33,20,32,19,31.250000000,18.554687500
4-4,第一类子结构划分,Guyan,第一类划分最终绘图数据_lqr_2.mat,stab_g,34,20,33,19,32.226562500,18.554687500
4-4,第一类子结构划分,Guyan,第一类划分最终绘图数据_lqr_2.mat,stab_g,35,20,34,19,33.203125000,18.554687500
4-4,第一类子结构划分,Guyan,第一类划分最终绘图数据_lqr_2.mat,stab_g,36,20,35,19,34.179687500,18.554687500
4-4,第一类子结构划分,Guyan,第一类划分最终绘图数据_lqr_2.mat,stab_g,37,20,36,19,35.156250000,18.554687500
4-4,第一类子结构划分,Guyan,第一类划分最终绘图数据_lqr_2.mat,stab_g,38,18,37,17,36.132812500,16.601562500
4-4,第一类子结构划分,Guyan,第一类划分最终绘图数据_lqr_2.mat,stab_g,39,18,38,17,37.109375000,16.601562500
4-4,第一类子结构划分,Guyan,第一类划分最终绘图数据_lqr_2.mat,stab_g,40,18,39,17,38.085937500,16.601562500
4-4,第一类子结构划分,Guyan,第一类划分最终绘图数据_lqr_2.mat,stab_g,41,18,40,17,39.062500000,16.601562500
4-4,第一类子结构划分,Guyan,第一类划分最终绘图数据_lqr_2.mat,stab_g,42,17,41,16,40.039062500,15.625000000
4-4,第一类子结构划分,Guyan,第一类划分最终绘图数据_lqr_2.mat,stab_g,43,17,42,16,41.015625000,15.625000000
4-4,第一类子结构划分,Guyan,第一类划分最终绘图数据_lqr_2.mat,stab_g,44,16,43,15,41.992187500,14.648437500
4-4,第一类子结构划分,Guyan,第一类划分最终绘图数据_lqr_2.mat,stab_g,45,16,44,15,42.968750000,14.648437500
4-4,第一类子结构划分,Guyan,第一类划分最终绘图数据_lqr_2.mat,stab_g,46,16,45,15,43.945312500,14.648437500
4-4,第一类子结构划分,Guyan,第一类划分最终绘图数据_lqr_2.mat,stab_g,47,16,46,15,44.921875000,14.648437500
4-4,第一类子结构划分,Guyan,第一类划分最终绘图数据_lqr_2.mat,stab_g,48,14,47,13,45.898437500,12.695312500
4-4,第一类子结构划分,Guyan,第一类划分最终绘图数据_lqr_2.mat,stab_g,49,14,48,13,46.875000000,12.695312500
4-4,第一类子结构划分,Guyan,第一类划分最终绘图数据_lqr_2.mat,stab_g,50,13,49,12,47.851562500,11.718750000
4-4,第一类子结构划分,Guyan,第一类划分最终绘图数据_lqr_2.mat,stab_g,51,12,50,11,48.828125000,10.742187500
4-4,第一类子结构划分,Guyan,第一类划分最终绘图数据_lqr_2.mat,stab_g,52,10,51,9,49.804687500,8.789062500
