model_file,scope,variable,block_name,block_sid,block_type,parameter,expression,evidence,status
lvxvjie_guyan_2.slx,original_slx_archive,Mf,Gain5,4398,Gain,Gain,T_cb'*Mf,"input/response_chain/lvxvjie_guyan_2.slx!simulink/systems/system_root.xml:/System/Block[@SID='4398'][@Name=""Gain5""]/P[@Name='Gain']",PASS
lvxvjie_guyan_2.slx,original_slx_archive,T_cb,Gain5,4398,Gain,Gain,T_cb'*Mf,"input/response_chain/lvxvjie_guyan_2.slx!simulink/systems/system_root.xml:/System/Block[@SID='4398'][@Name=""Gain5""]/P[@Name='Gain']",PASS
lvxvjie_guyan_2.slx,original_slx_archive,MRrt,地震激励-力,4364,Gain,Gain,"diag([1,0,0,0,0,1,0,0,0,0,1,0,0,0,0].*MRrt)","input/response_chain/lvxvjie_guyan_2.slx!simulink/systems/system_root.xml:/System/Block[@SID='4364'][@Name=""地震激励-力""]/P[@Name='Gain']",PASS
lvxvjie_guyan_2.slx,original_slx_archive,MRrt,地震激励-力1,4384,Gain,Gain,"diag([1,0,0,0,0,1,0,0,0,0,1,0,0,0,0].*MRrt)","input/response_chain/lvxvjie_guyan_2.slx!simulink/systems/system_root.xml:/System/Block[@SID='4384'][@Name=""地震激励-力1""]/P[@Name='Gain']",PASS
lvxvjie_guyan_2.slx,original_slx_archive,Mf,地震激励-力2,4386,Gain,Gain,T'*Mf,"input/response_chain/lvxvjie_guyan_2.slx!simulink/systems/system_root.xml:/System/Block[@SID='4386'][@Name=""地震激励-力2""]/P[@Name='Gain']",PASS
lvxvjie_guyan_2.slx,original_slx_archive,T,地震激励-力2,4386,Gain,Gain,T'*Mf,"input/response_chain/lvxvjie_guyan_2.slx!simulink/systems/system_root.xml:/System/Block[@SID='4386'][@Name=""地震激励-力2""]/P[@Name='Gain']",PASS
lvxvjie_guyan_2.slx,original_slx_archive,G_1,数值子结构1,4381,StateSpace,A,G_1.A,"input/response_chain/lvxvjie_guyan_2.slx!simulink/systems/system_root.xml:/System/Block[@SID='4381'][@Name=""数值子结构1""]/P[@Name='A']",PASS
lvxvjie_guyan_2.slx,original_slx_archive,G_1,数值子结构1,4381,StateSpace,B,G_1.B,"input/response_chain/lvxvjie_guyan_2.slx!simulink/systems/system_root.xml:/System/Block[@SID='4381'][@Name=""数值子结构1""]/P[@Name='B']",PASS
lvxvjie_guyan_2.slx,original_slx_archive,G_1,数值子结构1,4381,StateSpace,C,G_1.C,"input/response_chain/lvxvjie_guyan_2.slx!simulink/systems/system_root.xml:/System/Block[@SID='4381'][@Name=""数值子结构1""]/P[@Name='C']",PASS
lvxvjie_guyan_2.slx,original_slx_archive,G_1,数值子结构1,4381,StateSpace,D,G_1.D,"input/response_chain/lvxvjie_guyan_2.slx!simulink/systems/system_root.xml:/System/Block[@SID='4381'][@Name=""数值子结构1""]/P[@Name='D']",PASS
lvxvjie_guyan_2.slx,original_slx_archive,G_2,数值子结构2,4385,StateSpace,A,G_2.A,"input/response_chain/lvxvjie_guyan_2.slx!simulink/systems/system_root.xml:/System/Block[@SID='4385'][@Name=""数值子结构2""]/P[@Name='A']",PASS
lvxvjie_guyan_2.slx,original_slx_archive,G_2,数值子结构2,4385,StateSpace,B,G_2.B,"input/response_chain/lvxvjie_guyan_2.slx!simulink/systems/system_root.xml:/System/Block[@SID='4385'][@Name=""数值子结构2""]/P[@Name='B']",PASS
lvxvjie_guyan_2.slx,original_slx_archive,G_2,数值子结构2,4385,StateSpace,C,G_2.C,"input/response_chain/lvxvjie_guyan_2.slx!simulink/systems/system_root.xml:/System/Block[@SID='4385'][@Name=""数值子结构2""]/P[@Name='C']",PASS
lvxvjie_guyan_2.slx,original_slx_archive,G_2,数值子结构2,4385,StateSpace,D,G_2.D,"input/response_chain/lvxvjie_guyan_2.slx!simulink/systems/system_root.xml:/System/Block[@SID='4385'][@Name=""数值子结构2""]/P[@Name='D']",PASS
lvxvjie_guyan_2.slx,original_slx_archive,G_3,数值子结构3,4394,StateSpace,A,G_3.A,"input/response_chain/lvxvjie_guyan_2.slx!simulink/systems/system_root.xml:/System/Block[@SID='4394'][@Name=""数值子结构3""]/P[@Name='A']",PASS
lvxvjie_guyan_2.slx,original_slx_archive,G_3,数值子结构3,4394,StateSpace,B,G_3.B,"input/response_chain/lvxvjie_guyan_2.slx!simulink/systems/system_root.xml:/System/Block[@SID='4394'][@Name=""数值子结构3""]/P[@Name='B']",PASS
lvxvjie_guyan_2.slx,original_slx_archive,G_3,数值子结构3,4394,StateSpace,C,G_3.C,"input/response_chain/lvxvjie_guyan_2.slx!simulink/systems/system_root.xml:/System/Block[@SID='4394'][@Name=""数值子结构3""]/P[@Name='C']",PASS
lvxvjie_guyan_2.slx,original_slx_archive,G_3,数值子结构3,4394,StateSpace,D,G_3.D,"input/response_chain/lvxvjie_guyan_2.slx!simulink/systems/system_root.xml:/System/Block[@SID='4394'][@Name=""数值子结构3""]/P[@Name='D']",PASS
lvxvjie_guyan.slx,original_slx_archive,Mf,Gain5,4398,Gain,Gain,T_cb'*Mf,"input/response_chain/lvxvjie_guyan.slx!simulink/systems/system_root.xml:/System/Block[@SID='4398'][@Name=""Gain5""]/P[@Name='Gain']",PASS
lvxvjie_guyan.slx,original_slx_archive,T_cb,Gain5,4398,Gain,Gain,T_cb'*Mf,"input/response_chain/lvxvjie_guyan.slx!simulink/systems/system_root.xml:/System/Block[@SID='4398'][@Name=""Gain5""]/P[@Name='Gain']",PASS
lvxvjie_guyan.slx,original_slx_archive,MRrt,地震激励-力,4364,Gain,Gain,"diag([1,0,0,0,0,1,0,0,0,0,1,0,0,0,0].*MRrt)","input/response_chain/lvxvjie_guyan.slx!simulink/systems/system_root.xml:/System/Block[@SID='4364'][@Name=""地震激励-力""]/P[@Name='Gain']",PASS
lvxvjie_guyan.slx,original_slx_archive,MRrt,地震激励-力1,4384,Gain,Gain,"diag([1,0,0,0,0,1,0,0,0,0,1,0,0,0,0].*MRrt)","input/response_chain/lvxvjie_guyan.slx!simulink/systems/system_root.xml:/System/Block[@SID='4384'][@Name=""地震激励-力1""]/P[@Name='Gain']",PASS
lvxvjie_guyan.slx,original_slx_archive,Mf,地震激励-力2,4386,Gain,Gain,T'*Mf,"input/response_chain/lvxvjie_guyan.slx!simulink/systems/system_root.xml:/System/Block[@SID='4386'][@Name=""地震激励-力2""]/P[@Name='Gain']",PASS
lvxvjie_guyan.slx,original_slx_archive,T,地震激励-力2,4386,Gain,Gain,T'*Mf,"input/response_chain/lvxvjie_guyan.slx!simulink/systems/system_root.xml:/System/Block[@SID='4386'][@Name=""地震激励-力2""]/P[@Name='Gain']",PASS
lvxvjie_guyan.slx,original_slx_archive,G_1,数值子结构1,4381,StateSpace,A,G_1.A,"input/response_chain/lvxvjie_guyan.slx!simulink/systems/system_root.xml:/System/Block[@SID='4381'][@Name=""数值子结构1""]/P[@Name='A']",PASS
lvxvjie_guyan.slx,original_slx_archive,G_1,数值子结构1,4381,StateSpace,B,G_1.B,"input/response_chain/lvxvjie_guyan.slx!simulink/systems/system_root.xml:/System/Block[@SID='4381'][@Name=""数值子结构1""]/P[@Name='B']",PASS
lvxvjie_guyan.slx,original_slx_archive,G_1,数值子结构1,4381,StateSpace,C,G_1.C,"input/response_chain/lvxvjie_guyan.slx!simulink/systems/system_root.xml:/System/Block[@SID='4381'][@Name=""数值子结构1""]/P[@Name='C']",PASS
lvxvjie_guyan.slx,original_slx_archive,G_1,数值子结构1,4381,StateSpace,D,G_1.D,"input/response_chain/lvxvjie_guyan.slx!simulink/systems/system_root.xml:/System/Block[@SID='4381'][@Name=""数值子结构1""]/P[@Name='D']",PASS
lvxvjie_guyan.slx,original_slx_archive,G_2,数值子结构2,4385,StateSpace,A,G_2.A,"input/response_chain/lvxvjie_guyan.slx!simulink/systems/system_root.xml:/System/Block[@SID='4385'][@Name=""数值子结构2""]/P[@Name='A']",PASS
lvxvjie_guyan.slx,original_slx_archive,G_2,数值子结构2,4385,StateSpace,B,G_2.B,"input/response_chain/lvxvjie_guyan.slx!simulink/systems/system_root.xml:/System/Block[@SID='4385'][@Name=""数值子结构2""]/P[@Name='B']",PASS
lvxvjie_guyan.slx,original_slx_archive,G_2,数值子结构2,4385,StateSpace,C,G_2.C,"input/response_chain/lvxvjie_guyan.slx!simulink/systems/system_root.xml:/System/Block[@SID='4385'][@Name=""数值子结构2""]/P[@Name='C']",PASS
lvxvjie_guyan.slx,original_slx_archive,G_2,数值子结构2,4385,StateSpace,D,G_2.D,"input/response_chain/lvxvjie_guyan.slx!simulink/systems/system_root.xml:/System/Block[@SID='4385'][@Name=""数值子结构2""]/P[@Name='D']",PASS
lvxvjie_guyan.slx,original_slx_archive,G_3,数值子结构3,4394,StateSpace,A,G_3.A,"input/response_chain/lvxvjie_guyan.slx!simulink/systems/system_root.xml:/System/Block[@SID='4394'][@Name=""数值子结构3""]/P[@Name='A']",PASS
lvxvjie_guyan.slx,original_slx_archive,G_3,数值子结构3,4394,StateSpace,B,G_3.B,"input/response_chain/lvxvjie_guyan.slx!simulink/systems/system_root.xml:/System/Block[@SID='4394'][@Name=""数值子结构3""]/P[@Name='B']",PASS
lvxvjie_guyan.slx,original_slx_archive,G_3,数值子结构3,4394,StateSpace,C,G_3.C,"input/response_chain/lvxvjie_guyan.slx!simulink/systems/system_root.xml:/System/Block[@SID='4394'][@Name=""数值子结构3""]/P[@Name='C']",PASS
lvxvjie_guyan.slx,original_slx_archive,G_3,数值子结构3,4394,StateSpace,D,G_3.D,"input/response_chain/lvxvjie_guyan.slx!simulink/systems/system_root.xml:/System/Block[@SID='4394'][@Name=""数值子结构3""]/P[@Name='D']",PASS
division1_repro.slx;division2_repro.slx,current_generator_assignin,G_1,base workspace,,assignin,names/vals,G_1,input/response_chain/regenerate_chapter3_data.m:311,PASS
division1_repro.slx;division2_repro.slx,current_generator_assignin,G_2,base workspace,,assignin,names/vals,G_2,input/response_chain/regenerate_chapter3_data.m:311,PASS
division1_repro.slx;division2_repro.slx,current_generator_assignin,G_3,base workspace,,assignin,names/vals,G_3,input/response_chain/regenerate_chapter3_data.m:311,PASS
division1_repro.slx;division2_repro.slx,current_generator_assignin,T,base workspace,,assignin,names/vals,T,input/response_chain/regenerate_chapter3_data.m:311,PASS
division1_repro.slx;division2_repro.slx,current_generator_assignin,T_cb,base workspace,,assignin,names/vals,T_cb,input/response_chain/regenerate_chapter3_data.m:311,PASS
division1_repro.slx;division2_repro.slx,current_generator_assignin,Mf,base workspace,,assignin,names/vals,Mf,input/response_chain/regenerate_chapter3_data.m:311,PASS
division1_repro.slx;division2_repro.slx,current_generator_assignin,output_matrix_original,base workspace,,assignin,names/vals,output_matrix_original,input/response_chain/regenerate_chapter3_data.m:312,PASS
division1_repro.slx;division2_repro.slx,current_generator_assignin,output_matrix_guyan,base workspace,,assignin,names/vals,output_matrix_guyan,input/response_chain/regenerate_chapter3_data.m:312,PASS
division1_repro.slx;division2_repro.slx,current_generator_assignin,output_matrix_cb,base workspace,,assignin,names/vals,output_matrix_cb,input/response_chain/regenerate_chapter3_data.m:312,PASS
division1_repro.slx;division2_repro.slx,current_generator_assignin,feedthrough_matrix_original,base workspace,,assignin,names/vals,feedthrough_matrix_original,input/response_chain/regenerate_chapter3_data.m:313,PASS
division1_repro.slx;division2_repro.slx,current_generator_assignin,feedthrough_matrix_guyan,base workspace,,assignin,names/vals,feedthrough_matrix_guyan,input/response_chain/regenerate_chapter3_data.m:313,PASS
division1_repro.slx;division2_repro.slx,current_generator_assignin,feedthrough_matrix_cb,base workspace,,assignin,names/vals,feedthrough_matrix_cb,input/response_chain/regenerate_chapter3_data.m:313,PASS
division1_repro.slx;division2_repro.slx,current_generator_assignin,MRrt,base workspace,,assignin,names/vals,MRrt,input/response_chain/regenerate_chapter3_data.m:313,PASS
division1_repro.slx;division2_repro.slx,current_generator_assignin,excitation_input,base workspace,,assignin,runtime input,excitation_input,input/response_chain/regenerate_chapter3_data.m:322,PASS
division1_repro.slx;division2_repro.slx,current_generator_assignin,dt,base workspace,,assignin,runtime input,dt,input/response_chain/regenerate_chapter3_data.m:323,PASS
