figure_id,division,method,route_id,route_role,j,tau1_ms,boundary_presence_relation,historical_max_l,candidate_max_l,candidate_minus_historical_max_l,candidate_minus_historical_tau2_ms,candidate_column_hole_count,boundary_comparison_role
F4-4,div1,Original,main_ori_div1,PRIMARY,0,0,BOTH,30,5,-25,-24.4140625,0,VALID_UPPER_BOUNDARY_COMPARISON
F4-4,div1,Original,main_ori_div1,PRIMARY,1,0.9765625,BOTH,30,5,-25,-24.4140625,0,VALID_UPPER_BOUNDARY_COMPARISON
F4-4,div1,Original,main_ori_div1,PRIMARY,2,1.953125,BOTH,30,4,-26,-25.390625,0,VALID_UPPER_BOUNDARY_COMPARISON
F4-4,div1,Original,main_ori_div1,PRIMARY,3,2.9296875,BOTH,29,4,-25,-24.4140625,0,VALID_UPPER_BOUNDARY_COMPARISON
F4-4,div1,Original,main_ori_div1,PRIMARY,4,3.90625,BOTH,29,4,-25,-24.4140625,0,VALID_UPPER_BOUNDARY_COMPARISON
F4-4,div1,Original,main_ori_div1,PRIMARY,5,4.8828125,BOTH,29,4,-25,-24.4140625,0,VALID_UPPER_BOUNDARY_COMPARISON
F4-4,div1,Original,main_ori_div1,PRIMARY,6,5.859375,BOTH,29,3,-26,-25.390625,0,VALID_UPPER_BOUNDARY_COMPARISON
F4-4,div1,Original,main_ori_div1,PRIMARY,7,6.8359375,BOTH,28,3,-25,-24.4140625,0,VALID_UPPER_BOUNDARY_COMPARISON
F4-4,div1,Original,main_ori_div1,PRIMARY,8,7.8125,BOTH,28,3,-25,-24.4140625,0,VALID_UPPER_BOUNDARY_COMPARISON
F4-4,div1,Original,main_ori_div1,PRIMARY,9,8.7890625,BOTH,28,2,-26,-25.390625,0,VALID_UPPER_BOUNDARY_COMPARISON
F4-4,div1,Original,main_ori_div1,PRIMARY,10,9.765625,BOTH,28,2,-26,-25.390625,0,VALID_UPPER_BOUNDARY_COMPARISON
F4-4,div1,Original,main_ori_div1,PRIMARY,11,10.7421875,BOTH,28,2,-26,-25.390625,0,VALID_UPPER_BOUNDARY_COMPARISON
F4-4,div1,Original,main_ori_div1,PRIMARY,12,11.71875,BOTH,28,2,-26,-25.390625,0,VALID_UPPER_BOUNDARY_COMPARISON
F4-4,div1,Original,main_ori_div1,PRIMARY,13,12.6953125,BOTH,28,2,-26,-25.390625,0,VALID_UPPER_BOUNDARY_COMPARISON
F4-4,div1,Original,main_ori_div1,PRIMARY,14,13.671875,BOTH,28,1,-27,-26.3671875,0,VALID_UPPER_BOUNDARY_COMPARISON
F4-4,div1,Original,main_ori_div1,PRIMARY,15,14.6484375,BOTH,27,1,-26,-25.390625,0,VALID_UPPER_BOUNDARY_COMPARISON
F4-4,div1,Original,main_ori_div1,PRIMARY,16,15.625,BOTH,27,1,-26,-25.390625,0,VALID_UPPER_BOUNDARY_COMPARISON
F4-4,div1,Original,main_ori_div1,PRIMARY,17,16.6015625,HISTORICAL_ONLY,27,,,,0,VALID_UPPER_BOUNDARY_COMPARISON
F4-4,div1,Original,main_ori_div1,PRIMARY,18,17.578125,HISTORICAL_ONLY,27,,,,0,VALID_UPPER_BOUNDARY_COMPARISON
F4-4,div1,Original,main_ori_div1,PRIMARY,19,18.5546875,HISTORICAL_ONLY,27,,,,0,VALID_UPPER_BOUNDARY_COMPARISON
F4-4,div1,Original,main_ori_div1,PRIMARY,20,19.53125,HISTORICAL_ONLY,27,,,,0,VALID_UPPER_BOUNDARY_COMPARISON
F4-4,div1,Original,main_ori_div1,PRIMARY,21,20.5078125,HISTORICAL_ONLY,27,,,,0,VALID_UPPER_BOUNDARY_COMPARISON
F4-4,div1,Original,main_ori_div1,PRIMARY,22,21.484375,HISTORICAL_ONLY,27,,,,0,VALID_UPPER_BOUNDARY_COMPARISON
F4-4,div1,Original,main_ori_div1,PRIMARY,23,22.4609375,HISTORICAL_ONLY,27,,,,0,VALID_UPPER_BOUNDARY_COMPARISON
F4-4,div1,Original,main_ori_div1,PRIMARY,24,23.4375,HISTORICAL_ONLY,27,,,,0,VALID_UPPER_BOUNDARY_COMPARISON
F4-4,div1,Original,main_ori_div1,PRIMARY,25,24.4140625,HISTORICAL_ONLY,26,,,,0,VALID_UPPER_BOUNDARY_COMPARISON
F4-4,div1,Original,main_ori_div1,PRIMARY,26,25.390625,HISTORICAL_ONLY,25,,,,0,VALID_UPPER_BOUNDARY_COMPARISON
F4-4,div1,Original,main_ori_div1,PRIMARY,27,26.3671875,HISTORICAL_ONLY,25,,,,0,VALID_UPPER_BOUNDARY_COMPARISON
F4-4,div1,Original,main_ori_div1,PRIMARY,28,27.34375,HISTORICAL_ONLY,24,,,,0,VALID_UPPER_BOUNDARY_COMPARISON
F4-4,div1,Original,main_ori_div1,PRIMARY,29,28.3203125,HISTORICAL_ONLY,24,,,,0,VALID_UPPER_BOUNDARY_COMPARISON
F4-4,div1,Original,main_ori_div1,PRIMARY,30,29.296875,HISTORICAL_ONLY,23,,,,0,VALID_UPPER_BOUNDARY_COMPARISON
F4-4,div1,Original,main_ori_div1,PRIMARY,31,30.2734375,HISTORICAL_ONLY,22,,,,0,VALID_UPPER_BOUNDARY_COMPARISON
F4-4,div1,Original,main_ori_div1,PRIMARY,32,31.25,HISTORICAL_ONLY,22,,,,0,VALID_UPPER_BOUNDARY_COMPARISON
F4-4,div1,Original,main_ori_div1,PRIMARY,33,32.2265625,HISTORICAL_ONLY,22,,,,0,VALID_UPPER_BOUNDARY_COMPARISON
F4-4,div1,Original,main_ori_div1,PRIMARY,34,33.203125,HISTORICAL_ONLY,22,,,,0,VALID_UPPER_BOUNDARY_COMPARISON
F4-4,div1,Original,main_ori_div1,PRIMARY,35,34.1796875,HISTORICAL_ONLY,22,,,,0,VALID_UPPER_BOUNDARY_COMPARISON
F4-4,div1,Original,main_ori_div1,PRIMARY,36,35.15625,HISTORICAL_ONLY,22,,,,0,VALID_UPPER_BOUNDARY_COMPARISON
F4-4,div1,Original,main_ori_div1,PRIMARY,37,36.1328125,HISTORICAL_ONLY,22,,,,0,VALID_UPPER_BOUNDARY_COMPARISON
F4-4,div1,Original,main_ori_div1,PRIMARY,38,37.109375,HISTORICAL_ONLY,21,,,,0,VALID_UPPER_BOUNDARY_COMPARISON
F4-4,div1,Original,main_ori_div1,PRIMARY,39,38.0859375,HISTORICAL_ONLY,21,,,,0,VALID_UPPER_BOUNDARY_COMPARISON
F4-4,div1,Original,main_ori_div1,PRIMARY,40,39.0625,HISTORICAL_ONLY,20,,,,0,VALID_UPPER_BOUNDARY_COMPARISON
F4-4,div1,Original,main_ori_div1,PRIMARY,41,40.0390625,HISTORICAL_ONLY,19,,,,0,VALID_UPPER_BOUNDARY_COMPARISON
F4-4,div1,Original,main_ori_div1,PRIMARY,42,41.015625,HISTORICAL_ONLY,19,,,,0,VALID_UPPER_BOUNDARY_COMPARISON
F4-4,div1,Original,main_ori_div1,PRIMARY,43,41.9921875,HISTORICAL_ONLY,19,,,,0,VALID_UPPER_BOUNDARY_COMPARISON
F4-4,div1,Original,main_ori_div1,PRIMARY,44,42.96875,HISTORICAL_ONLY,19,,,,0,VALID_UPPER_BOUNDARY_COMPARISON
F4-4,div1,Original,main_ori_div1,PRIMARY,45,43.9453125,HISTORICAL_ONLY,19,,,,0,VALID_UPPER_BOUNDARY_COMPARISON
F4-4,div1,Original,main_ori_div1,PRIMARY,46,44.921875,HISTORICAL_ONLY,19,,,,0,VALID_UPPER_BOUNDARY_COMPARISON
F4-4,div1,Original,main_ori_div1,PRIMARY,47,45.8984375,HISTORICAL_ONLY,19,,,,0,VALID_UPPER_BOUNDARY_COMPARISON
F4-4,div1,Original,main_ori_div1,PRIMARY,48,46.875,HISTORICAL_ONLY,18,,,,0,VALID_UPPER_BOUNDARY_COMPARISON
F4-4,div1,Original,main_ori_div1,PRIMARY,49,47.8515625,HISTORICAL_ONLY,17,,,,0,VALID_UPPER_BOUNDARY_COMPARISON
F4-4,div1,Original,main_ori_div1,PRIMARY,50,48.828125,HISTORICAL_ONLY,15,,,,0,VALID_UPPER_BOUNDARY_COMPARISON
F4-4,div1,Original,main_ori_div1,PRIMARY,51,49.8046875,HISTORICAL_ONLY,15,,,,0,VALID_UPPER_BOUNDARY_COMPARISON
F4-4,div1,Original,main_ori_div1,PRIMARY,52,50.78125,HISTORICAL_ONLY,15,,,,0,VALID_UPPER_BOUNDARY_COMPARISON
F4-4,div1,Original,main_ori_div1,PRIMARY,53,51.7578125,HISTORICAL_ONLY,14,,,,0,VALID_UPPER_BOUNDARY_COMPARISON
F4-4,div1,Original,main_ori_div1,PRIMARY,54,52.734375,HISTORICAL_ONLY,14,,,,0,VALID_UPPER_BOUNDARY_COMPARISON
F4-4,div1,Original,main_ori_div1,PRIMARY,55,53.7109375,HISTORICAL_ONLY,14,,,,0,VALID_UPPER_BOUNDARY_COMPARISON
F4-4,div1,Original,main_ori_div1,PRIMARY,56,54.6875,HISTORICAL_ONLY,12,,,,0,VALID_UPPER_BOUNDARY_COMPARISON
F4-4,div1,Original,main_ori_div1,PRIMARY,57,55.6640625,HISTORICAL_ONLY,12,,,,0,VALID_UPPER_BOUNDARY_COMPARISON
F4-4,div1,Original,main_ori_div1,PRIMARY,58,56.640625,HISTORICAL_ONLY,12,,,,0,VALID_UPPER_BOUNDARY_COMPARISON
F4-4,div1,Original,main_ori_div1,PRIMARY,59,57.6171875,HISTORICAL_ONLY,12,,,,0,VALID_UPPER_BOUNDARY_COMPARISON
F4-4,div1,Original,main_ori_div1,PRIMARY,60,58.59375,HISTORICAL_ONLY,10,,,,0,VALID_UPPER_BOUNDARY_COMPARISON
F4-4,div1,Original,main_ori_div1,PRIMARY,61,59.5703125,HISTORICAL_ONLY,8,,,,0,VALID_UPPER_BOUNDARY_COMPARISON
F4-4,div1,Original,main_ori_div1,PRIMARY,62,60.546875,HISTORICAL_ONLY,5,,,,0,VALID_UPPER_BOUNDARY_COMPARISON
F4-4,div1,Original,main_ori_div1,PRIMARY,63,61.5234375,HISTORICAL_ONLY,1,,,,0,VALID_UPPER_BOUNDARY_COMPARISON
F4-4,div1,Original,main_ori_div1,PRIMARY,64,62.5,NEITHER,,,,,0,VALID_UPPER_BOUNDARY_COMPARISON
F4-4,div1,Original,main_ori_div1,PRIMARY,65,63.4765625,NEITHER,,,,,0,VALID_UPPER_BOUNDARY_COMPARISON
F4-4,div1,Original,main_ori_div1,PRIMARY,66,64.453125,NEITHER,,,,,0,VALID_UPPER_BOUNDARY_COMPARISON
F4-4,div1,Guyan,main_guyan_div1,PRIMARY,0,0,BOTH,22,5,-17,-16.6015625,0,VALID_UPPER_BOUNDARY_COMPARISON
F4-4,div1,Guyan,main_guyan_div1,PRIMARY,1,0.9765625,BOTH,23,5,-18,-17.578125,0,VALID_UPPER_BOUNDARY_COMPARISON
F4-4,div1,Guyan,main_guyan_div1,PRIMARY,2,1.953125,BOTH,23,5,-18,-17.578125,0,VALID_UPPER_BOUNDARY_COMPARISON
F4-4,div1,Guyan,main_guyan_div1,PRIMARY,3,2.9296875,BOTH,24,6,-18,-17.578125,0,VALID_UPPER_BOUNDARY_COMPARISON
F4-4,div1,Guyan,main_guyan_div1,PRIMARY,4,3.90625,BOTH,24,5,-19,-18.5546875,0,VALID_UPPER_BOUNDARY_COMPARISON
F4-4,div1,Guyan,main_guyan_div1,PRIMARY,5,4.8828125,BOTH,24,5,-19,-18.5546875,0,VALID_UPPER_BOUNDARY_COMPARISON
F4-4,div1,Guyan,main_guyan_div1,PRIMARY,6,5.859375,BOTH,24,4,-20,-19.53125,0,VALID_UPPER_BOUNDARY_COMPARISON
F4-4,div1,Guyan,main_guyan_div1,PRIMARY,7,6.8359375,BOTH,23,4,-19,-18.5546875,0,VALID_UPPER_BOUNDARY_COMPARISON
F4-4,div1,Guyan,main_guyan_div1,PRIMARY,8,7.8125,BOTH,23,4,-19,-18.5546875,0,VALID_UPPER_BOUNDARY_COMPARISON
F4-4,div1,Guyan,main_guyan_div1,PRIMARY,9,8.7890625,BOTH,23,4,-19,-18.5546875,0,VALID_UPPER_BOUNDARY_COMPARISON
F4-4,div1,Guyan,main_guyan_div1,PRIMARY,10,9.765625,BOTH,23,3,-20,-19.53125,0,VALID_UPPER_BOUNDARY_COMPARISON
F4-4,div1,Guyan,main_guyan_div1,PRIMARY,11,10.7421875,BOTH,22,3,-19,-18.5546875,0,VALID_UPPER_BOUNDARY_COMPARISON
F4-4,div1,Guyan,main_guyan_div1,PRIMARY,12,11.71875,BOTH,22,3,-19,-18.5546875,0,VALID_UPPER_BOUNDARY_COMPARISON
F4-4,div1,Guyan,main_guyan_div1,PRIMARY,13,12.6953125,BOTH,22,3,-19,-18.5546875,0,VALID_UPPER_BOUNDARY_COMPARISON
F4-4,div1,Guyan,main_guyan_div1,PRIMARY,14,13.671875,BOTH,22,3,-19,-18.5546875,0,VALID_UPPER_BOUNDARY_COMPARISON
F4-4,div1,Guyan,main_guyan_div1,PRIMARY,15,14.6484375,BOTH,21,3,-18,-17.578125,0,VALID_UPPER_BOUNDARY_COMPARISON
F4-4,div1,Guyan,main_guyan_div1,PRIMARY,16,15.625,BOTH,21,3,-18,-17.578125,0,VALID_UPPER_BOUNDARY_COMPARISON
F4-4,div1,Guyan,main_guyan_div1,PRIMARY,17,16.6015625,BOTH,21,3,-18,-17.578125,0,VALID_UPPER_BOUNDARY_COMPARISON
F4-4,div1,Guyan,main_guyan_div1,PRIMARY,18,17.578125,BOTH,21,3,-18,-17.578125,0,VALID_UPPER_BOUNDARY_COMPARISON
F4-4,div1,Guyan,main_guyan_div1,PRIMARY,19,18.5546875,HISTORICAL_ONLY,21,,,,0,VALID_UPPER_BOUNDARY_COMPARISON
F4-4,div1,Guyan,main_guyan_div1,PRIMARY,20,19.53125,HISTORICAL_ONLY,20,,,,0,VALID_UPPER_BOUNDARY_COMPARISON
F4-4,div1,Guyan,main_guyan_div1,PRIMARY,21,20.5078125,HISTORICAL_ONLY,20,,,,0,VALID_UPPER_BOUNDARY_COMPARISON
F4-4,div1,Guyan,main_guyan_div1,PRIMARY,22,21.484375,HISTORICAL_ONLY,19,,,,0,VALID_UPPER_BOUNDARY_COMPARISON
F4-4,div1,Guyan,main_guyan_div1,PRIMARY,23,22.4609375,HISTORICAL_ONLY,19,,,,0,VALID_UPPER_BOUNDARY_COMPARISON
F4-4,div1,Guyan,main_guyan_div1,PRIMARY,24,23.4375,HISTORICAL_ONLY,19,,,,0,VALID_UPPER_BOUNDARY_COMPARISON
F4-4,div1,Guyan,main_guyan_div1,PRIMARY,25,24.4140625,HISTORICAL_ONLY,19,,,,0,VALID_UPPER_BOUNDARY_COMPARISON
F4-4,div1,Guyan,main_guyan_div1,PRIMARY,26,25.390625,HISTORICAL_ONLY,19,,,,0,VALID_UPPER_BOUNDARY_COMPARISON
F4-4,div1,Guyan,main_guyan_div1,PRIMARY,27,26.3671875,HISTORICAL_ONLY,19,,,,0,VALID_UPPER_BOUNDARY_COMPARISON
F4-4,div1,Guyan,main_guyan_div1,PRIMARY,28,27.34375,HISTORICAL_ONLY,19,,,,0,VALID_UPPER_BOUNDARY_COMPARISON
F4-4,div1,Guyan,main_guyan_div1,PRIMARY,29,28.3203125,HISTORICAL_ONLY,19,,,,0,VALID_UPPER_BOUNDARY_COMPARISON
F4-4,div1,Guyan,main_guyan_div1,PRIMARY,30,29.296875,HISTORICAL_ONLY,19,,,,0,VALID_UPPER_BOUNDARY_COMPARISON
F4-4,div1,Guyan,main_guyan_div1,PRIMARY,31,30.2734375,HISTORICAL_ONLY,19,,,,0,VALID_UPPER_BOUNDARY_COMPARISON
F4-4,div1,Guyan,main_guyan_div1,PRIMARY,32,31.25,HISTORICAL_ONLY,19,,,,0,VALID_UPPER_BOUNDARY_COMPARISON
F4-4,div1,Guyan,main_guyan_div1,PRIMARY,33,32.2265625,HISTORICAL_ONLY,19,,,,0,VALID_UPPER_BOUNDARY_COMPARISON
F4-4,div1,Guyan,main_guyan_div1,PRIMARY,34,33.203125,HISTORICAL_ONLY,19,,,,0,VALID_UPPER_BOUNDARY_COMPARISON
F4-4,div1,Guyan,main_guyan_div1,PRIMARY,35,34.1796875,HISTORICAL_ONLY,19,,,,0,VALID_UPPER_BOUNDARY_COMPARISON
F4-4,div1,Guyan,main_guyan_div1,PRIMARY,36,35.15625,HISTORICAL_ONLY,19,,,,0,VALID_UPPER_BOUNDARY_COMPARISON
F4-4,div1,Guyan,main_guyan_div1,PRIMARY,37,36.1328125,HISTORICAL_ONLY,17,,,,0,VALID_UPPER_BOUNDARY_COMPARISON
F4-4,div1,Guyan,main_guyan_div1,PRIMARY,38,37.109375,HISTORICAL_ONLY,17,,,,0,VALID_UPPER_BOUNDARY_COMPARISON
F4-4,div1,Guyan,main_guyan_div1,PRIMARY,39,38.0859375,HISTORICAL_ONLY,17,,,,0,VALID_UPPER_BOUNDARY_COMPARISON
F4-4,div1,Guyan,main_guyan_div1,PRIMARY,40,39.0625,HISTORICAL_ONLY,17,,,,0,VALID_UPPER_BOUNDARY_COMPARISON
F4-4,div1,Guyan,main_guyan_div1,PRIMARY,41,40.0390625,HISTORICAL_ONLY,16,,,,0,VALID_UPPER_BOUNDARY_COMPARISON
F4-4,div1,Guyan,main_guyan_div1,PRIMARY,42,41.015625,HISTORICAL_ONLY,16,,,,0,VALID_UPPER_BOUNDARY_COMPARISON
F4-4,div1,Guyan,main_guyan_div1,PRIMARY,43,41.9921875,HISTORICAL_ONLY,15,,,,0,VALID_UPPER_BOUNDARY_COMPARISON
F4-4,div1,Guyan,main_guyan_div1,PRIMARY,44,42.96875,HISTORICAL_ONLY,15,,,,0,VALID_UPPER_BOUNDARY_COMPARISON
F4-4,div1,Guyan,main_guyan_div1,PRIMARY,45,43.9453125,HISTORICAL_ONLY,15,,,,0,VALID_UPPER_BOUNDARY_COMPARISON
F4-4,div1,Guyan,main_guyan_div1,PRIMARY,46,44.921875,HISTORICAL_ONLY,15,,,,0,VALID_UPPER_BOUNDARY_COMPARISON
F4-4,div1,Guyan,main_guyan_div1,PRIMARY,47,45.8984375,HISTORICAL_ONLY,13,,,,0,VALID_UPPER_BOUNDARY_COMPARISON
F4-4,div1,Guyan,main_guyan_div1,PRIMARY,48,46.875,HISTORICAL_ONLY,13,,,,0,VALID_UPPER_BOUNDARY_COMPARISON
F4-4,div1,Guyan,main_guyan_div1,PRIMARY,49,47.8515625,HISTORICAL_ONLY,12,,,,0,VALID_UPPER_BOUNDARY_COMPARISON
F4-4,div1,Guyan,main_guyan_div1,PRIMARY,50,48.828125,HISTORICAL_ONLY,11,,,,0,VALID_UPPER_BOUNDARY_COMPARISON
F4-4,div1,Guyan,main_guyan_div1,PRIMARY,51,49.8046875,HISTORICAL_ONLY,9,,,,0,VALID_UPPER_BOUNDARY_COMPARISON
F4-4,div1,Guyan,main_guyan_div1,PRIMARY,52,50.78125,NEITHER,,,,,0,VALID_UPPER_BOUNDARY_COMPARISON
F4-4,div1,Guyan,main_guyan_div1,PRIMARY,53,51.7578125,NEITHER,,,,,0,VALID_UPPER_BOUNDARY_COMPARISON
F4-4,div1,Guyan,main_guyan_div1,PRIMARY,54,52.734375,NEITHER,,,,,0,VALID_UPPER_BOUNDARY_COMPARISON
F4-4,div1,Guyan,main_guyan_div1,PRIMARY,55,53.7109375,NEITHER,,,,,0,VALID_UPPER_BOUNDARY_COMPARISON
F4-4,div1,Guyan,main_guyan_div1,PRIMARY,56,54.6875,NEITHER,,,,,0,VALID_UPPER_BOUNDARY_COMPARISON
F4-4,div1,Guyan,main_guyan_div1,PRIMARY,57,55.6640625,NEITHER,,,,,0,VALID_UPPER_BOUNDARY_COMPARISON
F4-4,div1,Guyan,main_guyan_div1,PRIMARY,58,56.640625,NEITHER,,,,,0,VALID_UPPER_BOUNDARY_COMPARISON
F4-4,div1,Guyan,main_guyan_div1,PRIMARY,59,57.6171875,NEITHER,,,,,0,VALID_UPPER_BOUNDARY_COMPARISON
F4-4,div1,Guyan,main_guyan_div1,PRIMARY,60,58.59375,NEITHER,,,,,0,VALID_UPPER_BOUNDARY_COMPARISON
F4-4,div1,Guyan,main_guyan_div1,PRIMARY,61,59.5703125,NEITHER,,,,,0,VALID_UPPER_BOUNDARY_COMPARISON
F4-4,div1,Guyan,main_guyan_div1,PRIMARY,62,60.546875,NEITHER,,,,,0,VALID_UPPER_BOUNDARY_COMPARISON
F4-4,div1,Guyan,main_guyan_div1,PRIMARY,63,61.5234375,NEITHER,,,,,0,VALID_UPPER_BOUNDARY_COMPARISON
F4-4,div1,Guyan,main_guyan_div1,PRIMARY,64,62.5,NEITHER,,,,,0,VALID_UPPER_BOUNDARY_COMPARISON
F4-4,div1,Guyan,main_guyan_div1,PRIMARY,65,63.4765625,NEITHER,,,,,0,VALID_UPPER_BOUNDARY_COMPARISON
F4-4,div1,Guyan,main_guyan_div1,PRIMARY,66,64.453125,NEITHER,,,,,0,VALID_UPPER_BOUNDARY_COMPARISON
F4-4,div1,Guyan,alt_guyan_div1_stable_full_ps3,ALTERNATIVE_NOT_PRIMARY,0,0,BOTH,22,3,-19,-18.5546875,0,VALID_UPPER_BOUNDARY_COMPARISON
F4-4,div1,Guyan,alt_guyan_div1_stable_full_ps3,ALTERNATIVE_NOT_PRIMARY,1,0.9765625,BOTH,23,2,-21,-20.5078125,0,VALID_UPPER_BOUNDARY_COMPARISON
F4-4,div1,Guyan,alt_guyan_div1_stable_full_ps3,ALTERNATIVE_NOT_PRIMARY,2,1.953125,HISTORICAL_ONLY,23,,,,0,VALID_UPPER_BOUNDARY_COMPARISON
F4-4,div1,Guyan,alt_guyan_div1_stable_full_ps3,ALTERNATIVE_NOT_PRIMARY,3,2.9296875,HISTORICAL_ONLY,24,,,,0,VALID_UPPER_BOUNDARY_COMPARISON
F4-4,div1,Guyan,alt_guyan_div1_stable_full_ps3,ALTERNATIVE_NOT_PRIMARY,4,3.90625,HISTORICAL_ONLY,24,,,,0,VALID_UPPER_BOUNDARY_COMPARISON
F4-4,div1,Guyan,alt_guyan_div1_stable_full_ps3,ALTERNATIVE_NOT_PRIMARY,5,4.8828125,HISTORICAL_ONLY,24,,,,0,VALID_UPPER_BOUNDARY_COMPARISON
F4-4,div1,Guyan,alt_guyan_div1_stable_full_ps3,ALTERNATIVE_NOT_PRIMARY,6,5.859375,HISTORICAL_ONLY,24,,,,0,VALID_UPPER_BOUNDARY_COMPARISON
F4-4,div1,Guyan,alt_guyan_div1_stable_full_ps3,ALTERNATIVE_NOT_PRIMARY,7,6.8359375,HISTORICAL_ONLY,23,,,,0,VALID_UPPER_BOUNDARY_COMPARISON
F4-4,div1,Guyan,alt_guyan_div1_stable_full_ps3,ALTERNATIVE_NOT_PRIMARY,8,7.8125,HISTORICAL_ONLY,23,,,,0,VALID_UPPER_BOUNDARY_COMPARISON
F4-4,div1,Guyan,alt_guyan_div1_stable_full_ps3,ALTERNATIVE_NOT_PRIMARY,9,8.7890625,HISTORICAL_ONLY,23,,,,0,VALID_UPPER_BOUNDARY_COMPARISON
F4-4,div1,Guyan,alt_guyan_div1_stable_full_ps3,ALTERNATIVE_NOT_PRIMARY,10,9.765625,HISTORICAL_ONLY,23,,,,0,VALID_UPPER_BOUNDARY_COMPARISON
F4-4,div1,Guyan,alt_guyan_div1_stable_full_ps3,ALTERNATIVE_NOT_PRIMARY,11,10.7421875,HISTORICAL_ONLY,22,,,,0,VALID_UPPER_BOUNDARY_COMPARISON
F4-4,div1,Guyan,alt_guyan_div1_stable_full_ps3,ALTERNATIVE_NOT_PRIMARY,12,11.71875,HISTORICAL_ONLY,22,,,,0,VALID_UPPER_BOUNDARY_COMPARISON
F4-4,div1,Guyan,alt_guyan_div1_stable_full_ps3,ALTERNATIVE_NOT_PRIMARY,13,12.6953125,HISTORICAL_ONLY,22,,,,0,VALID_UPPER_BOUNDARY_COMPARISON
F4-4,div1,Guyan,alt_guyan_div1_stable_full_ps3,ALTERNATIVE_NOT_PRIMARY,14,13.671875,HISTORICAL_ONLY,22,,,,0,VALID_UPPER_BOUNDARY_COMPARISON
F4-4,div1,Guyan,alt_guyan_div1_stable_full_ps3,ALTERNATIVE_NOT_PRIMARY,15,14.6484375,HISTORICAL_ONLY,21,,,,0,VALID_UPPER_BOUNDARY_COMPARISON
F4-4,div1,Guyan,alt_guyan_div1_stable_full_ps3,ALTERNATIVE_NOT_PRIMARY,16,15.625,HISTORICAL_ONLY,21,,,,0,VALID_UPPER_BOUNDARY_COMPARISON
F4-4,div1,Guyan,alt_guyan_div1_stable_full_ps3,ALTERNATIVE_NOT_PRIMARY,17,16.6015625,HISTORICAL_ONLY,21,,,,0,VALID_UPPER_BOUNDARY_COMPARISON
F4-4,div1,Guyan,alt_guyan_div1_stable_full_ps3,ALTERNATIVE_NOT_PRIMARY,18,17.578125,HISTORICAL_ONLY,21,,,,0,VALID_UPPER_BOUNDARY_COMPARISON
F4-4,div1,Guyan,alt_guyan_div1_stable_full_ps3,ALTERNATIVE_NOT_PRIMARY,19,18.5546875,HISTORICAL_ONLY,21,,,,0,VALID_UPPER_BOUNDARY_COMPARISON
F4-4,div1,Guyan,alt_guyan_div1_stable_full_ps3,ALTERNATIVE_NOT_PRIMARY,20,19.53125,HISTORICAL_ONLY,20,,,,0,VALID_UPPER_BOUNDARY_COMPARISON
F4-4,div1,Guyan,alt_guyan_div1_stable_full_ps3,ALTERNATIVE_NOT_PRIMARY,21,20.5078125,HISTORICAL_ONLY,20,,,,0,VALID_UPPER_BOUNDARY_COMPARISON
F4-4,div1,Guyan,alt_guyan_div1_stable_full_ps3,ALTERNATIVE_NOT_PRIMARY,22,21.484375,HISTORICAL_ONLY,19,,,,0,VALID_UPPER_BOUNDARY_COMPARISON
F4-4,div1,Guyan,alt_guyan_div1_stable_full_ps3,ALTERNATIVE_NOT_PRIMARY,23,22.4609375,HISTORICAL_ONLY,19,,,,0,VALID_UPPER_BOUNDARY_COMPARISON
F4-4,div1,Guyan,alt_guyan_div1_stable_full_ps3,ALTERNATIVE_NOT_PRIMARY,24,23.4375,HISTORICAL_ONLY,19,,,,0,VALID_UPPER_BOUNDARY_COMPARISON
F4-4,div1,Guyan,alt_guyan_div1_stable_full_ps3,ALTERNATIVE_NOT_PRIMARY,25,24.4140625,HISTORICAL_ONLY,19,,,,0,VALID_UPPER_BOUNDARY_COMPARISON
F4-4,div1,Guyan,alt_guyan_div1_stable_full_ps3,ALTERNATIVE_NOT_PRIMARY,26,25.390625,HISTORICAL_ONLY,19,,,,0,VALID_UPPER_BOUNDARY_COMPARISON
F4-4,div1,Guyan,alt_guyan_div1_stable_full_ps3,ALTERNATIVE_NOT_PRIMARY,27,26.3671875,HISTORICAL_ONLY,19,,,,0,VALID_UPPER_BOUNDARY_COMPARISON
F4-4,div1,Guyan,alt_guyan_div1_stable_full_ps3,ALTERNATIVE_NOT_PRIMARY,28,27.34375,HISTORICAL_ONLY,19,,,,0,VALID_UPPER_BOUNDARY_COMPARISON
F4-4,div1,Guyan,alt_guyan_div1_stable_full_ps3,ALTERNATIVE_NOT_PRIMARY,29,28.3203125,HISTORICAL_ONLY,19,,,,0,VALID_UPPER_BOUNDARY_COMPARISON
F4-4,div1,Guyan,alt_guyan_div1_stable_full_ps3,ALTERNATIVE_NOT_PRIMARY,30,29.296875,HISTORICAL_ONLY,19,,,,0,VALID_UPPER_BOUNDARY_COMPARISON
F4-4,div1,Guyan,alt_guyan_div1_stable_full_ps3,ALTERNATIVE_NOT_PRIMARY,31,30.2734375,HISTORICAL_ONLY,19,,,,0,VALID_UPPER_BOUNDARY_COMPARISON
F4-4,div1,Guyan,alt_guyan_div1_stable_full_ps3,ALTERNATIVE_NOT_PRIMARY,32,31.25,HISTORICAL_ONLY,19,,,,0,VALID_UPPER_BOUNDARY_COMPARISON
F4-4,div1,Guyan,alt_guyan_div1_stable_full_ps3,ALTERNATIVE_NOT_PRIMARY,33,32.2265625,HISTORICAL_ONLY,19,,,,0,VALID_UPPER_BOUNDARY_COMPARISON
F4-4,div1,Guyan,alt_guyan_div1_stable_full_ps3,ALTERNATIVE_NOT_PRIMARY,34,33.203125,HISTORICAL_ONLY,19,,,,0,VALID_UPPER_BOUNDARY_COMPARISON
F4-4,div1,Guyan,alt_guyan_div1_stable_full_ps3,ALTERNATIVE_NOT_PRIMARY,35,34.1796875,HISTORICAL_ONLY,19,,,,0,VALID_UPPER_BOUNDARY_COMPARISON
F4-4,div1,Guyan,alt_guyan_div1_stable_full_ps3,ALTERNATIVE_NOT_PRIMARY,36,35.15625,HISTORICAL_ONLY,19,,,,0,VALID_UPPER_BOUNDARY_COMPARISON
F4-4,div1,Guyan,alt_guyan_div1_stable_full_ps3,ALTERNATIVE_NOT_PRIMARY,37,36.1328125,HISTORICAL_ONLY,17,,,,0,VALID_UPPER_BOUNDARY_COMPARISON
F4-4,div1,Guyan,alt_guyan_div1_stable_full_ps3,ALTERNATIVE_NOT_PRIMARY,38,37.109375,HISTORICAL_ONLY,17,,,,0,VALID_UPPER_BOUNDARY_COMPARISON
F4-4,div1,Guyan,alt_guyan_div1_stable_full_ps3,ALTERNATIVE_NOT_PRIMARY,39,38.0859375,HISTORICAL_ONLY,17,,,,0,VALID_UPPER_BOUNDARY_COMPARISON
F4-4,div1,Guyan,alt_guyan_div1_stable_full_ps3,ALTERNATIVE_NOT_PRIMARY,40,39.0625,HISTORICAL_ONLY,17,,,,0,VALID_UPPER_BOUNDARY_COMPARISON
F4-4,div1,Guyan,alt_guyan_div1_stable_full_ps3,ALTERNATIVE_NOT_PRIMARY,41,40.0390625,HISTORICAL_ONLY,16,,,,0,VALID_UPPER_BOUNDARY_COMPARISON
F4-4,div1,Guyan,alt_guyan_div1_stable_full_ps3,ALTERNATIVE_NOT_PRIMARY,42,41.015625,HISTORICAL_ONLY,16,,,,0,VALID_UPPER_BOUNDARY_COMPARISON
F4-4,div1,Guyan,alt_guyan_div1_stable_full_ps3,ALTERNATIVE_NOT_PRIMARY,43,41.9921875,HISTORICAL_ONLY,15,,,,0,VALID_UPPER_BOUNDARY_COMPARISON
F4-4,div1,Guyan,alt_guyan_div1_stable_full_ps3,ALTERNATIVE_NOT_PRIMARY,44,42.96875,HISTORICAL_ONLY,15,,,,0,VALID_UPPER_BOUNDARY_COMPARISON
F4-4,div1,Guyan,alt_guyan_div1_stable_full_ps3,ALTERNATIVE_NOT_PRIMARY,45,43.9453125,HISTORICAL_ONLY,15,,,,0,VALID_UPPER_BOUNDARY_COMPARISON
F4-4,div1,Guyan,alt_guyan_div1_stable_full_ps3,ALTERNATIVE_NOT_PRIMARY,46,44.921875,HISTORICAL_ONLY,15,,,,0,VALID_UPPER_BOUNDARY_COMPARISON
F4-4,div1,Guyan,alt_guyan_div1_stable_full_ps3,ALTERNATIVE_NOT_PRIMARY,47,45.8984375,HISTORICAL_ONLY,13,,,,0,VALID_UPPER_BOUNDARY_COMPARISON
F4-4,div1,Guyan,alt_guyan_div1_stable_full_ps3,ALTERNATIVE_NOT_PRIMARY,48,46.875,HISTORICAL_ONLY,13,,,,0,VALID_UPPER_BOUNDARY_COMPARISON
F4-4,div1,Guyan,alt_guyan_div1_stable_full_ps3,ALTERNATIVE_NOT_PRIMARY,49,47.8515625,HISTORICAL_ONLY,12,,,,0,VALID_UPPER_BOUNDARY_COMPARISON
F4-4,div1,Guyan,alt_guyan_div1_stable_full_ps3,ALTERNATIVE_NOT_PRIMARY,50,48.828125,HISTORICAL_ONLY,11,,,,0,VALID_UPPER_BOUNDARY_COMPARISON
F4-4,div1,Guyan,alt_guyan_div1_stable_full_ps3,ALTERNATIVE_NOT_PRIMARY,51,49.8046875,HISTORICAL_ONLY,9,,,,0,VALID_UPPER_BOUNDARY_COMPARISON
F4-4,div1,Guyan,alt_guyan_div1_stable_full_ps3,ALTERNATIVE_NOT_PRIMARY,52,50.78125,NEITHER,,,,,0,VALID_UPPER_BOUNDARY_COMPARISON
F4-4,div1,Guyan,alt_guyan_div1_stable_full_ps3,ALTERNATIVE_NOT_PRIMARY,53,51.7578125,NEITHER,,,,,0,VALID_UPPER_BOUNDARY_COMPARISON
F4-4,div1,Guyan,alt_guyan_div1_stable_full_ps3,ALTERNATIVE_NOT_PRIMARY,54,52.734375,NEITHER,,,,,0,VALID_UPPER_BOUNDARY_COMPARISON
F4-4,div1,Guyan,alt_guyan_div1_stable_full_ps3,ALTERNATIVE_NOT_PRIMARY,55,53.7109375,NEITHER,,,,,0,VALID_UPPER_BOUNDARY_COMPARISON
F4-4,div1,Guyan,alt_guyan_div1_stable_full_ps3,ALTERNATIVE_NOT_PRIMARY,56,54.6875,NEITHER,,,,,0,VALID_UPPER_BOUNDARY_COMPARISON
F4-4,div1,Guyan,alt_guyan_div1_stable_full_ps3,ALTERNATIVE_NOT_PRIMARY,57,55.6640625,NEITHER,,,,,0,VALID_UPPER_BOUNDARY_COMPARISON
F4-4,div1,Guyan,alt_guyan_div1_stable_full_ps3,ALTERNATIVE_NOT_PRIMARY,58,56.640625,NEITHER,,,,,0,VALID_UPPER_BOUNDARY_COMPARISON
F4-4,div1,Guyan,alt_guyan_div1_stable_full_ps3,ALTERNATIVE_NOT_PRIMARY,59,57.6171875,NEITHER,,,,,0,VALID_UPPER_BOUNDARY_COMPARISON
F4-4,div1,Guyan,alt_guyan_div1_stable_full_ps3,ALTERNATIVE_NOT_PRIMARY,60,58.59375,NEITHER,,,,,0,VALID_UPPER_BOUNDARY_COMPARISON
F4-4,div1,Guyan,alt_guyan_div1_stable_full_ps3,ALTERNATIVE_NOT_PRIMARY,61,59.5703125,NEITHER,,,,,0,VALID_UPPER_BOUNDARY_COMPARISON
F4-4,div1,Guyan,alt_guyan_div1_stable_full_ps3,ALTERNATIVE_NOT_PRIMARY,62,60.546875,NEITHER,,,,,0,VALID_UPPER_BOUNDARY_COMPARISON
F4-4,div1,Guyan,alt_guyan_div1_stable_full_ps3,ALTERNATIVE_NOT_PRIMARY,63,61.5234375,NEITHER,,,,,0,VALID_UPPER_BOUNDARY_COMPARISON
F4-4,div1,Guyan,alt_guyan_div1_stable_full_ps3,ALTERNATIVE_NOT_PRIMARY,64,62.5,NEITHER,,,,,0,VALID_UPPER_BOUNDARY_COMPARISON
F4-4,div1,Guyan,alt_guyan_div1_stable_full_ps3,ALTERNATIVE_NOT_PRIMARY,65,63.4765625,NEITHER,,,,,0,VALID_UPPER_BOUNDARY_COMPARISON
F4-4,div1,Guyan,alt_guyan_div1_stable_full_ps3,ALTERNATIVE_NOT_PRIMARY,66,64.453125,NEITHER,,,,,0,VALID_UPPER_BOUNDARY_COMPARISON
F4-5,div2,Original,main_ori_div2,PRIMARY,0,0,BOTH,27,16,-11,-10.7421875,7,DIAGNOSTIC_ENVELOPE_ONLY_CANDIDATE_HAS_HOLES
F4-5,div2,Original,main_ori_div2,PRIMARY,1,0.9765625,BOTH,27,16,-11,-10.7421875,10,DIAGNOSTIC_ENVELOPE_ONLY_CANDIDATE_HAS_HOLES
F4-5,div2,Original,main_ori_div2,PRIMARY,2,1.953125,BOTH,27,16,-11,-10.7421875,12,DIAGNOSTIC_ENVELOPE_ONLY_CANDIDATE_HAS_HOLES
F4-5,div2,Original,main_ori_div2,PRIMARY,3,2.9296875,BOTH,27,2,-25,-24.4140625,0,VALID_UPPER_BOUNDARY_COMPARISON
F4-5,div2,Original,main_ori_div2,PRIMARY,4,3.90625,BOTH,27,2,-25,-24.4140625,0,VALID_UPPER_BOUNDARY_COMPARISON
F4-5,div2,Original,main_ori_div2,PRIMARY,5,4.8828125,BOTH,27,1,-26,-25.390625,0,VALID_UPPER_BOUNDARY_COMPARISON
F4-5,div2,Original,main_ori_div2,PRIMARY,6,5.859375,BOTH,26,0,-26,-25.390625,0,VALID_UPPER_BOUNDARY_COMPARISON
F4-5,div2,Original,main_ori_div2,PRIMARY,7,6.8359375,BOTH,26,0,-26,-25.390625,0,VALID_UPPER_BOUNDARY_COMPARISON
F4-5,div2,Original,main_ori_div2,PRIMARY,8,7.8125,BOTH,26,0,-26,-25.390625,0,VALID_UPPER_BOUNDARY_COMPARISON
F4-5,div2,Original,main_ori_div2,PRIMARY,9,8.7890625,BOTH,26,0,-26,-25.390625,0,VALID_UPPER_BOUNDARY_COMPARISON
F4-5,div2,Original,main_ori_div2,PRIMARY,10,9.765625,HISTORICAL_ONLY,26,,,,0,VALID_UPPER_BOUNDARY_COMPARISON
F4-5,div2,Original,main_ori_div2,PRIMARY,11,10.7421875,HISTORICAL_ONLY,25,,,,0,VALID_UPPER_BOUNDARY_COMPARISON
F4-5,div2,Original,main_ori_div2,PRIMARY,12,11.71875,HISTORICAL_ONLY,25,,,,0,VALID_UPPER_BOUNDARY_COMPARISON
F4-5,div2,Original,main_ori_div2,PRIMARY,13,12.6953125,HISTORICAL_ONLY,25,,,,0,VALID_UPPER_BOUNDARY_COMPARISON
F4-5,div2,Original,main_ori_div2,PRIMARY,14,13.671875,HISTORICAL_ONLY,25,,,,0,VALID_UPPER_BOUNDARY_COMPARISON
F4-5,div2,Original,main_ori_div2,PRIMARY,15,14.6484375,HISTORICAL_ONLY,25,,,,0,VALID_UPPER_BOUNDARY_COMPARISON
F4-5,div2,Original,main_ori_div2,PRIMARY,16,15.625,HISTORICAL_ONLY,25,,,,0,VALID_UPPER_BOUNDARY_COMPARISON
F4-5,div2,Original,main_ori_div2,PRIMARY,17,16.6015625,HISTORICAL_ONLY,24,,,,0,VALID_UPPER_BOUNDARY_COMPARISON
F4-5,div2,Original,main_ori_div2,PRIMARY,18,17.578125,HISTORICAL_ONLY,24,,,,0,VALID_UPPER_BOUNDARY_COMPARISON
F4-5,div2,Original,main_ori_div2,PRIMARY,19,18.5546875,HISTORICAL_ONLY,24,,,,0,VALID_UPPER_BOUNDARY_COMPARISON
F4-5,div2,Original,main_ori_div2,PRIMARY,20,19.53125,HISTORICAL_ONLY,24,,,,0,VALID_UPPER_BOUNDARY_COMPARISON
F4-5,div2,Original,main_ori_div2,PRIMARY,21,20.5078125,HISTORICAL_ONLY,24,,,,0,VALID_UPPER_BOUNDARY_COMPARISON
F4-5,div2,Original,main_ori_div2,PRIMARY,22,21.484375,HISTORICAL_ONLY,24,,,,0,VALID_UPPER_BOUNDARY_COMPARISON
F4-5,div2,Original,main_ori_div2,PRIMARY,23,22.4609375,HISTORICAL_ONLY,24,,,,0,VALID_UPPER_BOUNDARY_COMPARISON
F4-5,div2,Original,main_ori_div2,PRIMARY,24,23.4375,HISTORICAL_ONLY,24,,,,0,VALID_UPPER_BOUNDARY_COMPARISON
F4-5,div2,Original,main_ori_div2,PRIMARY,25,24.4140625,HISTORICAL_ONLY,23,,,,0,VALID_UPPER_BOUNDARY_COMPARISON
F4-5,div2,Original,main_ori_div2,PRIMARY,26,25.390625,HISTORICAL_ONLY,23,,,,0,VALID_UPPER_BOUNDARY_COMPARISON
F4-5,div2,Original,main_ori_div2,PRIMARY,27,26.3671875,HISTORICAL_ONLY,23,,,,0,VALID_UPPER_BOUNDARY_COMPARISON
F4-5,div2,Original,main_ori_div2,PRIMARY,28,27.34375,HISTORICAL_ONLY,23,,,,0,VALID_UPPER_BOUNDARY_COMPARISON
F4-5,div2,Original,main_ori_div2,PRIMARY,29,28.3203125,HISTORICAL_ONLY,23,,,,0,VALID_UPPER_BOUNDARY_COMPARISON
F4-5,div2,Original,main_ori_div2,PRIMARY,30,29.296875,HISTORICAL_ONLY,21,,,,0,VALID_UPPER_BOUNDARY_COMPARISON
F4-5,div2,Original,main_ori_div2,PRIMARY,31,30.2734375,HISTORICAL_ONLY,21,,,,0,VALID_UPPER_BOUNDARY_COMPARISON
F4-5,div2,Original,main_ori_div2,PRIMARY,32,31.25,HISTORICAL_ONLY,21,,,,0,VALID_UPPER_BOUNDARY_COMPARISON
F4-5,div2,Original,main_ori_div2,PRIMARY,33,32.2265625,HISTORICAL_ONLY,21,,,,0,VALID_UPPER_BOUNDARY_COMPARISON
F4-5,div2,Original,main_ori_div2,PRIMARY,34,33.203125,HISTORICAL_ONLY,21,,,,0,VALID_UPPER_BOUNDARY_COMPARISON
F4-5,div2,Original,main_ori_div2,PRIMARY,35,34.1796875,HISTORICAL_ONLY,20,,,,0,VALID_UPPER_BOUNDARY_COMPARISON
F4-5,div2,Original,main_ori_div2,PRIMARY,36,35.15625,HISTORICAL_ONLY,20,,,,0,VALID_UPPER_BOUNDARY_COMPARISON
F4-5,div2,Original,main_ori_div2,PRIMARY,37,36.1328125,HISTORICAL_ONLY,20,,,,0,VALID_UPPER_BOUNDARY_COMPARISON
F4-5,div2,Original,main_ori_div2,PRIMARY,38,37.109375,HISTORICAL_ONLY,20,,,,0,VALID_UPPER_BOUNDARY_COMPARISON
F4-5,div2,Original,main_ori_div2,PRIMARY,39,38.0859375,HISTORICAL_ONLY,19,,,,0,VALID_UPPER_BOUNDARY_COMPARISON
F4-5,div2,Original,main_ori_div2,PRIMARY,40,39.0625,HISTORICAL_ONLY,19,,,,0,VALID_UPPER_BOUNDARY_COMPARISON
F4-5,div2,Original,main_ori_div2,PRIMARY,41,40.0390625,HISTORICAL_ONLY,19,,,,0,VALID_UPPER_BOUNDARY_COMPARISON
F4-5,div2,Original,main_ori_div2,PRIMARY,42,41.015625,HISTORICAL_ONLY,17,,,,0,VALID_UPPER_BOUNDARY_COMPARISON
F4-5,div2,Original,main_ori_div2,PRIMARY,43,41.9921875,HISTORICAL_ONLY,17,,,,0,VALID_UPPER_BOUNDARY_COMPARISON
F4-5,div2,Original,main_ori_div2,PRIMARY,44,42.96875,HISTORICAL_ONLY,17,,,,0,VALID_UPPER_BOUNDARY_COMPARISON
F4-5,div2,Original,main_ori_div2,PRIMARY,45,43.9453125,HISTORICAL_ONLY,17,,,,0,VALID_UPPER_BOUNDARY_COMPARISON
F4-5,div2,Original,main_ori_div2,PRIMARY,46,44.921875,HISTORICAL_ONLY,17,,,,0,VALID_UPPER_BOUNDARY_COMPARISON
F4-5,div2,Original,main_ori_div2,PRIMARY,47,45.8984375,HISTORICAL_ONLY,15,,,,0,VALID_UPPER_BOUNDARY_COMPARISON
F4-5,div2,Original,main_ori_div2,PRIMARY,48,46.875,HISTORICAL_ONLY,15,,,,0,VALID_UPPER_BOUNDARY_COMPARISON
F4-5,div2,Original,main_ori_div2,PRIMARY,49,47.8515625,HISTORICAL_ONLY,15,,,,0,VALID_UPPER_BOUNDARY_COMPARISON
F4-5,div2,Original,main_ori_div2,PRIMARY,50,48.828125,HISTORICAL_ONLY,15,,,,0,VALID_UPPER_BOUNDARY_COMPARISON
F4-5,div2,Original,main_ori_div2,PRIMARY,51,49.8046875,HISTORICAL_ONLY,15,,,,0,VALID_UPPER_BOUNDARY_COMPARISON
F4-5,div2,Original,main_ori_div2,PRIMARY,52,50.78125,HISTORICAL_ONLY,13,,,,0,VALID_UPPER_BOUNDARY_COMPARISON
F4-5,div2,Original,main_ori_div2,PRIMARY,53,51.7578125,HISTORICAL_ONLY,9,,,,0,VALID_UPPER_BOUNDARY_COMPARISON
F4-5,div2,Original,main_ori_div2,PRIMARY,54,52.734375,HISTORICAL_ONLY,7,,,,0,VALID_UPPER_BOUNDARY_COMPARISON
F4-5,div2,Original,main_ori_div2,PRIMARY,55,53.7109375,HISTORICAL_ONLY,7,,,,0,VALID_UPPER_BOUNDARY_COMPARISON
F4-5,div2,Original,main_ori_div2,PRIMARY,56,54.6875,HISTORICAL_ONLY,3,,,,0,VALID_UPPER_BOUNDARY_COMPARISON
F4-5,div2,Original,main_ori_div2,PRIMARY,57,55.6640625,NEITHER,,,,,0,VALID_UPPER_BOUNDARY_COMPARISON
F4-5,div2,Original,main_ori_div2,PRIMARY,58,56.640625,NEITHER,,,,,0,VALID_UPPER_BOUNDARY_COMPARISON
F4-5,div2,Original,main_ori_div2,PRIMARY,59,57.6171875,NEITHER,,,,,0,VALID_UPPER_BOUNDARY_COMPARISON
F4-5,div2,Original,main_ori_div2,PRIMARY,60,58.59375,NEITHER,,,,,0,VALID_UPPER_BOUNDARY_COMPARISON
F4-5,div2,Original,main_ori_div2,PRIMARY,61,59.5703125,NEITHER,,,,,0,VALID_UPPER_BOUNDARY_COMPARISON
F4-5,div2,Original,main_ori_div2,PRIMARY,62,60.546875,NEITHER,,,,,0,VALID_UPPER_BOUNDARY_COMPARISON
F4-5,div2,Original,main_ori_div2,PRIMARY,63,61.5234375,NEITHER,,,,,0,VALID_UPPER_BOUNDARY_COMPARISON
F4-5,div2,Original,main_ori_div2,PRIMARY,64,62.5,NEITHER,,,,,0,VALID_UPPER_BOUNDARY_COMPARISON
F4-5,div2,Original,main_ori_div2,PRIMARY,65,63.4765625,NEITHER,,,,,0,VALID_UPPER_BOUNDARY_COMPARISON
F4-5,div2,Original,main_ori_div2,PRIMARY,66,64.453125,NEITHER,,,,,0,VALID_UPPER_BOUNDARY_COMPARISON
F4-5,div2,Guyan,main_guyan_div2,PRIMARY,0,0,BOTH,24,16,-8,-7.8125,7,DIAGNOSTIC_ENVELOPE_ONLY_CANDIDATE_HAS_HOLES
F4-5,div2,Guyan,main_guyan_div2,PRIMARY,1,0.9765625,BOTH,24,16,-8,-7.8125,10,DIAGNOSTIC_ENVELOPE_ONLY_CANDIDATE_HAS_HOLES
F4-5,div2,Guyan,main_guyan_div2,PRIMARY,2,1.953125,BOTH,23,16,-7,-6.8359375,12,DIAGNOSTIC_ENVELOPE_ONLY_CANDIDATE_HAS_HOLES
F4-5,div2,Guyan,main_guyan_div2,PRIMARY,3,2.9296875,BOTH,23,2,-21,-20.5078125,0,VALID_UPPER_BOUNDARY_COMPARISON
F4-5,div2,Guyan,main_guyan_div2,PRIMARY,4,3.90625,BOTH,23,2,-21,-20.5078125,0,VALID_UPPER_BOUNDARY_COMPARISON
F4-5,div2,Guyan,main_guyan_div2,PRIMARY,5,4.8828125,BOTH,23,1,-22,-21.484375,0,VALID_UPPER_BOUNDARY_COMPARISON
F4-5,div2,Guyan,main_guyan_div2,PRIMARY,6,5.859375,BOTH,22,0,-22,-21.484375,0,VALID_UPPER_BOUNDARY_COMPARISON
F4-5,div2,Guyan,main_guyan_div2,PRIMARY,7,6.8359375,BOTH,22,0,-22,-21.484375,0,VALID_UPPER_BOUNDARY_COMPARISON
F4-5,div2,Guyan,main_guyan_div2,PRIMARY,8,7.8125,BOTH,22,0,-22,-21.484375,0,VALID_UPPER_BOUNDARY_COMPARISON
F4-5,div2,Guyan,main_guyan_div2,PRIMARY,9,8.7890625,BOTH,22,0,-22,-21.484375,0,VALID_UPPER_BOUNDARY_COMPARISON
F4-5,div2,Guyan,main_guyan_div2,PRIMARY,10,9.765625,HISTORICAL_ONLY,22,,,,0,VALID_UPPER_BOUNDARY_COMPARISON
F4-5,div2,Guyan,main_guyan_div2,PRIMARY,11,10.7421875,HISTORICAL_ONLY,22,,,,0,VALID_UPPER_BOUNDARY_COMPARISON
F4-5,div2,Guyan,main_guyan_div2,PRIMARY,12,11.71875,HISTORICAL_ONLY,21,,,,0,VALID_UPPER_BOUNDARY_COMPARISON
F4-5,div2,Guyan,main_guyan_div2,PRIMARY,13,12.6953125,HISTORICAL_ONLY,21,,,,0,VALID_UPPER_BOUNDARY_COMPARISON
F4-5,div2,Guyan,main_guyan_div2,PRIMARY,14,13.671875,HISTORICAL_ONLY,21,,,,0,VALID_UPPER_BOUNDARY_COMPARISON
F4-5,div2,Guyan,main_guyan_div2,PRIMARY,15,14.6484375,HISTORICAL_ONLY,21,,,,0,VALID_UPPER_BOUNDARY_COMPARISON
F4-5,div2,Guyan,main_guyan_div2,PRIMARY,16,15.625,HISTORICAL_ONLY,21,,,,0,VALID_UPPER_BOUNDARY_COMPARISON
F4-5,div2,Guyan,main_guyan_div2,PRIMARY,17,16.6015625,HISTORICAL_ONLY,21,,,,0,VALID_UPPER_BOUNDARY_COMPARISON
F4-5,div2,Guyan,main_guyan_div2,PRIMARY,18,17.578125,HISTORICAL_ONLY,21,,,,0,VALID_UPPER_BOUNDARY_COMPARISON
F4-5,div2,Guyan,main_guyan_div2,PRIMARY,19,18.5546875,HISTORICAL_ONLY,20,,,,0,VALID_UPPER_BOUNDARY_COMPARISON
F4-5,div2,Guyan,main_guyan_div2,PRIMARY,20,19.53125,HISTORICAL_ONLY,20,,,,0,VALID_UPPER_BOUNDARY_COMPARISON
F4-5,div2,Guyan,main_guyan_div2,PRIMARY,21,20.5078125,HISTORICAL_ONLY,19,,,,0,VALID_UPPER_BOUNDARY_COMPARISON
F4-5,div2,Guyan,main_guyan_div2,PRIMARY,22,21.484375,HISTORICAL_ONLY,19,,,,0,VALID_UPPER_BOUNDARY_COMPARISON
F4-5,div2,Guyan,main_guyan_div2,PRIMARY,23,22.4609375,HISTORICAL_ONLY,19,,,,0,VALID_UPPER_BOUNDARY_COMPARISON
F4-5,div2,Guyan,main_guyan_div2,PRIMARY,24,23.4375,HISTORICAL_ONLY,19,,,,0,VALID_UPPER_BOUNDARY_COMPARISON
F4-5,div2,Guyan,main_guyan_div2,PRIMARY,25,24.4140625,HISTORICAL_ONLY,18,,,,0,VALID_UPPER_BOUNDARY_COMPARISON
F4-5,div2,Guyan,main_guyan_div2,PRIMARY,26,25.390625,HISTORICAL_ONLY,18,,,,0,VALID_UPPER_BOUNDARY_COMPARISON
F4-5,div2,Guyan,main_guyan_div2,PRIMARY,27,26.3671875,HISTORICAL_ONLY,18,,,,0,VALID_UPPER_BOUNDARY_COMPARISON
F4-5,div2,Guyan,main_guyan_div2,PRIMARY,28,27.34375,HISTORICAL_ONLY,17,,,,0,VALID_UPPER_BOUNDARY_COMPARISON
F4-5,div2,Guyan,main_guyan_div2,PRIMARY,29,28.3203125,HISTORICAL_ONLY,17,,,,0,VALID_UPPER_BOUNDARY_COMPARISON
F4-5,div2,Guyan,main_guyan_div2,PRIMARY,30,29.296875,HISTORICAL_ONLY,17,,,,0,VALID_UPPER_BOUNDARY_COMPARISON
F4-5,div2,Guyan,main_guyan_div2,PRIMARY,31,30.2734375,HISTORICAL_ONLY,16,,,,0,VALID_UPPER_BOUNDARY_COMPARISON
F4-5,div2,Guyan,main_guyan_div2,PRIMARY,32,31.25,HISTORICAL_ONLY,16,,,,0,VALID_UPPER_BOUNDARY_COMPARISON
F4-5,div2,Guyan,main_guyan_div2,PRIMARY,33,32.2265625,HISTORICAL_ONLY,15,,,,0,VALID_UPPER_BOUNDARY_COMPARISON
F4-5,div2,Guyan,main_guyan_div2,PRIMARY,34,33.203125,HISTORICAL_ONLY,15,,,,0,VALID_UPPER_BOUNDARY_COMPARISON
F4-5,div2,Guyan,main_guyan_div2,PRIMARY,35,34.1796875,HISTORICAL_ONLY,14,,,,0,VALID_UPPER_BOUNDARY_COMPARISON
F4-5,div2,Guyan,main_guyan_div2,PRIMARY,36,35.15625,HISTORICAL_ONLY,14,,,,0,VALID_UPPER_BOUNDARY_COMPARISON
F4-5,div2,Guyan,main_guyan_div2,PRIMARY,37,36.1328125,HISTORICAL_ONLY,14,,,,0,VALID_UPPER_BOUNDARY_COMPARISON
F4-5,div2,Guyan,main_guyan_div2,PRIMARY,38,37.109375,HISTORICAL_ONLY,14,,,,0,VALID_UPPER_BOUNDARY_COMPARISON
F4-5,div2,Guyan,main_guyan_div2,PRIMARY,39,38.0859375,HISTORICAL_ONLY,13,,,,0,VALID_UPPER_BOUNDARY_COMPARISON
F4-5,div2,Guyan,main_guyan_div2,PRIMARY,40,39.0625,HISTORICAL_ONLY,13,,,,0,VALID_UPPER_BOUNDARY_COMPARISON
F4-5,div2,Guyan,main_guyan_div2,PRIMARY,41,40.0390625,HISTORICAL_ONLY,13,,,,0,VALID_UPPER_BOUNDARY_COMPARISON
F4-5,div2,Guyan,main_guyan_div2,PRIMARY,42,41.015625,HISTORICAL_ONLY,12,,,,0,VALID_UPPER_BOUNDARY_COMPARISON
F4-5,div2,Guyan,main_guyan_div2,PRIMARY,43,41.9921875,HISTORICAL_ONLY,12,,,,0,VALID_UPPER_BOUNDARY_COMPARISON
F4-5,div2,Guyan,main_guyan_div2,PRIMARY,44,42.96875,HISTORICAL_ONLY,11,,,,0,VALID_UPPER_BOUNDARY_COMPARISON
F4-5,div2,Guyan,main_guyan_div2,PRIMARY,45,43.9453125,HISTORICAL_ONLY,11,,,,0,VALID_UPPER_BOUNDARY_COMPARISON
F4-5,div2,Guyan,main_guyan_div2,PRIMARY,46,44.921875,HISTORICAL_ONLY,10,,,,0,VALID_UPPER_BOUNDARY_COMPARISON
F4-5,div2,Guyan,main_guyan_div2,PRIMARY,47,45.8984375,HISTORICAL_ONLY,10,,,,0,VALID_UPPER_BOUNDARY_COMPARISON
F4-5,div2,Guyan,main_guyan_div2,PRIMARY,48,46.875,HISTORICAL_ONLY,8,,,,0,VALID_UPPER_BOUNDARY_COMPARISON
F4-5,div2,Guyan,main_guyan_div2,PRIMARY,49,47.8515625,HISTORICAL_ONLY,5,,,,0,VALID_UPPER_BOUNDARY_COMPARISON
F4-5,div2,Guyan,main_guyan_div2,PRIMARY,50,48.828125,HISTORICAL_ONLY,2,,,,0,VALID_UPPER_BOUNDARY_COMPARISON
F4-5,div2,Guyan,main_guyan_div2,PRIMARY,51,49.8046875,NEITHER,,,,,0,VALID_UPPER_BOUNDARY_COMPARISON
F4-5,div2,Guyan,main_guyan_div2,PRIMARY,52,50.78125,NEITHER,,,,,0,VALID_UPPER_BOUNDARY_COMPARISON
F4-5,div2,Guyan,main_guyan_div2,PRIMARY,53,51.7578125,NEITHER,,,,,0,VALID_UPPER_BOUNDARY_COMPARISON
F4-5,div2,Guyan,main_guyan_div2,PRIMARY,54,52.734375,NEITHER,,,,,0,VALID_UPPER_BOUNDARY_COMPARISON
F4-5,div2,Guyan,main_guyan_div2,PRIMARY,55,53.7109375,NEITHER,,,,,0,VALID_UPPER_BOUNDARY_COMPARISON
F4-5,div2,Guyan,main_guyan_div2,PRIMARY,56,54.6875,NEITHER,,,,,0,VALID_UPPER_BOUNDARY_COMPARISON
F4-5,div2,Guyan,main_guyan_div2,PRIMARY,57,55.6640625,NEITHER,,,,,0,VALID_UPPER_BOUNDARY_COMPARISON
F4-5,div2,Guyan,main_guyan_div2,PRIMARY,58,56.640625,NEITHER,,,,,0,VALID_UPPER_BOUNDARY_COMPARISON
F4-5,div2,Guyan,main_guyan_div2,PRIMARY,59,57.6171875,NEITHER,,,,,0,VALID_UPPER_BOUNDARY_COMPARISON
F4-5,div2,Guyan,main_guyan_div2,PRIMARY,60,58.59375,NEITHER,,,,,0,VALID_UPPER_BOUNDARY_COMPARISON
F4-5,div2,Guyan,main_guyan_div2,PRIMARY,61,59.5703125,NEITHER,,,,,0,VALID_UPPER_BOUNDARY_COMPARISON
F4-5,div2,Guyan,main_guyan_div2,PRIMARY,62,60.546875,NEITHER,,,,,0,VALID_UPPER_BOUNDARY_COMPARISON
F4-5,div2,Guyan,main_guyan_div2,PRIMARY,63,61.5234375,NEITHER,,,,,0,VALID_UPPER_BOUNDARY_COMPARISON
F4-5,div2,Guyan,main_guyan_div2,PRIMARY,64,62.5,NEITHER,,,,,0,VALID_UPPER_BOUNDARY_COMPARISON
F4-5,div2,Guyan,main_guyan_div2,PRIMARY,65,63.4765625,NEITHER,,,,,0,VALID_UPPER_BOUNDARY_COMPARISON
F4-5,div2,Guyan,main_guyan_div2,PRIMARY,66,64.453125,NEITHER,,,,,0,VALID_UPPER_BOUNDARY_COMPARISON
