本地文件,权威来源,字节数,本地SHA256,来源SHA256,逐字节一致
输入数据\第1至2章示意图参数.json,D:\JZ_PhD\10_论文_Papers\Li\RHTS\liangyustability-master\figure\第2章_系统缩聚理论和模型建立\输入数据\第1至2章示意图参数.json,2997,624401034044CDF1DA38A2038C60EF15FBAE302CBF22801790EA66FB0D061411,624401034044CDF1DA38A2038C60EF15FBAE302CBF22801790EA66FB0D061411,是
输入数据\图3-1与图3-2_结构自由度参数.json,D:\JZ_PhD\10_论文_Papers\Li\RHTS\liangyustability-master\figure\第3章_缩聚对试验精度的影响\输入数据\图3-1与图3-2_结构自由度参数.json,1250,D248F9B83101E2181D8632D61388C35340FA5504B1D50A2E955DFC89A0E55691,D248F9B83101E2181D8632D61388C35340FA5504B1D50A2E955DFC89A0E55691,是
输入数据\第一类划分_ElCentro地震响应.csv,D:\JZ_PhD\10_论文_Papers\Li\RHTS\liangyustability-master\figure\第3章_缩聚对试验精度的影响\输入数据\第一类划分_ElCentro地震响应.csv,6584073,E7149DD6777B2127527393CE1D7B126B040576F0A535618BE33E882738ACFC40,E7149DD6777B2127527393CE1D7B126B040576F0A535618BE33E882738ACFC40,是
输入数据\第二类划分_ElCentro地震响应.csv,D:\JZ_PhD\10_论文_Papers\Li\RHTS\liangyustability-master\figure\第3章_缩聚对试验精度的影响\输入数据\第二类划分_ElCentro地震响应.csv,6589237,2899DFD2C03B22AAEE701C7E4B3B70E40D49668531BB6734FA6B52E8246B5E5D,2899DFD2C03B22AAEE701C7E4B3B70E40D49668531BB6734FA6B52E8246B5E5D,是
输入数据\第一类划分_Chirp响应.csv,D:\JZ_PhD\10_论文_Papers\Li\RHTS\liangyustability-master\figure\第3章_缩聚对试验精度的影响\输入数据\第一类划分_Chirp响应.csv,7254991,2FDC6B5BF3B48118A51DD147ECE32B6711CEFDCD702D88EEC64CFC4E6A13DF49,2FDC6B5BF3B48118A51DD147ECE32B6711CEFDCD702D88EEC64CFC4E6A13DF49,是
输入数据\第二类划分_Chirp响应.csv,D:\JZ_PhD\10_论文_Papers\Li\RHTS\liangyustability-master\figure\第3章_缩聚对试验精度的影响\输入数据\第二类划分_Chirp响应.csv,7248756,88919C2AFA4FC431EDB08772A1DCB091B6D8DC1445253C0A4D30334223040457,88919C2AFA4FC431EDB08772A1DCB091B6D8DC1445253C0A4D30334223040457,是
输入数据\图4-2_极点映射参数.json,D:\JZ_PhD\10_论文_Papers\Li\RHTS\liangyustability-master\figure\第4章_缩聚对试验稳定性的影响\输入数据\图4-2_极点映射参数.json,439,FD3EEE217BA84E183FAC51EFF13EE73174672CDB0C9B9A5F80E252E6A0B33992,FD3EEE217BA84E183FAC51EFF13EE73174672CDB0C9B9A5F80E252E6A0B33992,是
输入数据\图4-4_第一类子结构划分稳定域_边界数据.csv,D:\JZ_PhD\10_论文_Papers\Li\RHTS\liangyustability-master\figure\第4章_缩聚对试验稳定性的影响\输入数据\图4-4_第一类子结构划分稳定域_边界数据.csv,22117,58F45ADB3FA125A61AB636696E72AAD82FAB05EAD8556B742394069D681A372D,58F45ADB3FA125A61AB636696E72AAD82FAB05EAD8556B742394069D681A372D,是
输入数据\图4-5_第二类子结构划分稳定域_边界数据.csv,D:\JZ_PhD\10_论文_Papers\Li\RHTS\liangyustability-master\figure\第4章_缩聚对试验稳定性的影响\输入数据\图4-5_第二类子结构划分稳定域_边界数据.csv,20941,BAB62AFA096E5427AB0D8ABA49F6CCBE4556890E82178132628F4654FCE6F10E,BAB62AFA096E5427AB0D8ABA49F6CCBE4556890E82178132628F4654FCE6F10E,是
