route_id,contract_id,division,method,dimension,channel_pair,feedback_placement,gain_scale,finite_pass,dimension_pass,maximum_symmetry_relative_error,symmetry_pass,minimum_positive_eigenvalue,positive_definite_pass,recovery_rank,selector_rank,rank_pass,local_master_zero_based,local_static_constraint_relative_residual,local_projection_reference_status,local_projection_source_relative_error,local_projection_pass,controllability_rank,controllability_relative_minimum_singular_value,controllability_pass,care_relative_residual,care_pass,design_closed_loop_maximum_real_part,design_closed_loop_stability_pass,low_rank_factor_max_relative_error,low_rank_factor_pass,physical_closure_max_relative_error,physical_closure_pass,zero_delay_total_closure_max_relative_error,zero_delay_operator_closure_max_relative_error,zero_delay_total_closure_pass,matrix_al_identity_relative_error,matrix_al_identity_pass,mass_term_rank,mass_term_rank_pass,board20_r03_source_regression_relative_error,board20_r03_source_regression_pass,paired_route_id,paired_zero_delay_operator_relative_error,paired_zero_delay_operator_pass,preliminary_stage0_pass,overall_stage0_pass
B1_D1_Original,B1,1,Original,15,psi1/psi6,OUTSIDE_H,0.25,True,True,7.568781297364618e-17,True,0.01,True,15,2,True,0/3,1.0331749757819595e-16,STEP8B_PSI1_PSI6_MATCH,1.6055809742053307e-16,True,4,0.0001938900227596869,True,1.3186106308410693e-13,True,-2.5058108218078936,True,0.0,True,0.0,True,0.0,1.207501878423339e-16,True,4.073114408854821e-18,True,15,True,,NOT_APPLICABLE,B2_D1_Original,8.559689676105162e-17,True,True,True
B1_D1_Guyan,B1,1,Guyan,6,psi1/psi6,OUTSIDE_H,0.25,True,True,1.4507677005932922e-16,True,0.01,True,6,2,True,0/3,1.0331749757819595e-16,STEP8B_PSI1_PSI6_MATCH,1.6055809742053307e-16,True,4,0.0001938900227596869,True,1.3186106308410693e-13,True,-2.5058108218078936,True,0.0,True,0.0,True,0.0,7.899877190027731e-17,True,2.5916412151923004e-16,True,6,True,,NOT_APPLICABLE,B2_D1_Guyan,7.884039556591101e-17,True,True,True
B1_D1_Craig_Bampton,B1,1,Craig_Bampton,9,psi1/psi6,OUTSIDE_H,0.25,True,True,1.4508423504992586e-16,True,0.01,True,9,2,True,0/3,1.0331749757819595e-16,STEP8B_PSI1_PSI6_MATCH,1.6055809742053307e-16,True,4,0.0001938900227596869,True,1.3186106308410693e-13,True,-2.5058108218078936,True,0.0,True,1.9852045616791214e-19,True,1.9851458829996906e-19,7.900078639737983e-17,True,1.9135051791611173e-16,True,9,True,,NOT_APPLICABLE,B2_D1_Craig_Bampton,7.883996650197934e-17,True,True,True
B1_D2_Original,B1,2,Original,15,psi1/psi11,OUTSIDE_H,0.25,True,True,1.4649751775284722e-16,True,0.01,True,15,2,True,0/6,2.752747845476444e-16,DERIVED_FROM_SOURCE_DOF_MAP,,True,4,0.0006300072291065572,True,6.844312362482033e-13,True,-1.2134886916376855,True,0.0,True,0.0,True,0.0,8.265023976338827e-17,True,7.860083013633658e-17,True,15,True,,NOT_APPLICABLE,B3_D2_Original,0.0,True,True,True
B1_D2_Guyan,B1,2,Guyan,5,psi1/psi11,OUTSIDE_H,0.25,True,True,1.4649751775284722e-16,True,0.01,True,5,2,True,0/6,2.752747845476444e-16,DERIVED_FROM_SOURCE_DOF_MAP,,True,4,0.0006300072291065572,True,6.844312362482033e-13,True,-1.2134886916376855,True,0.0,True,5.0371672712975025e-18,True,5.037167270721627e-18,1.7004713227119823e-17,True,1.3865192612606847e-16,True,5,True,,NOT_APPLICABLE,B3_D2_Guyan,6.801830153860266e-17,True,True,True
B1_D2_Craig_Bampton,B1,2,Craig_Bampton,8,psi1/psi11,OUTSIDE_H,0.25,True,True,1.4649751775284722e-16,True,0.01,True,8,2,True,0/6,2.752747845476444e-16,DERIVED_FROM_SOURCE_DOF_MAP,,True,4,0.0006300072291065572,True,6.844312362482033e-13,True,-1.2134886916376855,True,0.0,True,5.0488087889888374e-18,True,5.048808788411631e-18,1.704544958768192e-17,True,3.8599152764734965e-17,True,8,True,,NOT_APPLICABLE,B3_D2_Craig_Bampton,6.801488095705516e-17,True,True,True
B2_D1_Original,B2,1,Original,15,psi1/psi6,INSIDE_H,0.25,True,True,7.568781297364618e-17,True,0.01,True,15,2,True,0/3,1.0331749757819595e-16,STEP8B_PSI1_PSI6_MATCH,1.6055809742053307e-16,True,4,0.0001938900227596869,True,1.3186106308410693e-13,True,-2.5058108218078936,True,0.0,True,0.0,True,7.037656255643492e-17,1.207501878423339e-16,True,4.073114408854821e-18,True,15,True,,NOT_APPLICABLE_NONUNIT_GAIN,ANALYTIC_H_OUT_D1_Original,8.559689676105162e-17,True,True,True
B2_D1_Guyan,B2,1,Guyan,6,psi1/psi6,INSIDE_H,0.25,True,True,1.4507677005932922e-16,True,0.01,True,6,2,True,0/3,1.0331749757819595e-16,STEP8B_PSI1_PSI6_MATCH,1.6055809742053307e-16,True,4,0.0001938900227596869,True,1.3186106308410693e-13,True,-2.5058108218078936,True,0.0,True,0.0,True,9.420175980747483e-17,7.896023592087022e-17,True,2.5916412151923004e-16,True,6,True,,NOT_APPLICABLE_NONUNIT_GAIN,ANALYTIC_H_OUT_D1_Guyan,7.884039556591101e-17,True,True,True
B2_D1_Craig_Bampton,B2,1,Craig_Bampton,9,psi1/psi6,INSIDE_H,0.25,True,True,1.4508423504992586e-16,True,0.01,True,9,2,True,0/3,1.0331749757819595e-16,STEP8B_PSI1_PSI6_MATCH,1.6055809742053307e-16,True,4,0.0001938900227596869,True,1.3186106308410693e-13,True,-2.5058108218078936,True,0.0,True,1.9852045616791214e-19,True,9.420178999589296e-17,7.896225182167396e-17,True,1.9135051791611173e-16,True,9,True,,NOT_APPLICABLE_NONUNIT_GAIN,ANALYTIC_H_OUT_D1_Craig_Bampton,7.883996650197934e-17,True,True,True
B2_D2_Original,B2,2,Original,15,psi1/psi6,INSIDE_H,0.25,True,True,1.494442983037312e-16,True,0.01,True,15,2,True,0/3,2.603433520360677e-16,STEP8B_PSI1_PSI6_MATCH,4.394571928016818e-17,True,4,0.00010985386416616783,True,7.373244027186955e-13,True,-1.2305272964439902,True,0.0,True,0.0,True,1.2348462999622325e-16,8.130658141073192e-17,True,7.860083013633658e-17,True,15,True,,NOT_APPLICABLE_NONUNIT_GAIN,ANALYTIC_H_OUT_D2_Original,8.26501116400008e-17,True,True,True
B2_D2_Guyan,B2,2,Guyan,5,psi1/psi6,INSIDE_H,0.25,True,True,1.494442983037312e-16,True,0.01,True,5,2,True,0/3,2.603433520360677e-16,STEP8B_PSI1_PSI6_MATCH,4.394571928016818e-17,True,4,0.00010985386416616783,True,7.373244027186955e-13,True,-1.2305272964439902,True,0.0,True,5.11526754532453e-18,True,1.3327098209331697e-17,1.3816357208094992e-16,True,1.3865192612606847e-16,True,5,True,,NOT_APPLICABLE_NONUNIT_GAIN,ANALYTIC_H_OUT_D2_Guyan,1.3704391594256253e-16,True,True,True
B2_D2_Craig_Bampton,B2,2,Craig_Bampton,8,psi1/psi6,INSIDE_H,0.25,True,True,1.494442983037312e-16,True,0.01,True,8,2,True,0/3,2.603433520360677e-16,STEP8B_PSI1_PSI6_MATCH,4.394571928016818e-17,True,4,0.00010985386416616783,True,7.373244027186955e-13,True,-1.2305272964439902,True,0.0,True,5.117973944714969e-18,True,1.3337059256802044e-17,1.3816076406444829e-16,True,3.8599152764734965e-17,True,8,True,,NOT_APPLICABLE_NONUNIT_GAIN,ANALYTIC_H_OUT_D2_Craig_Bampton,1.3703806583931732e-16,True,True,True
B3_D2_Original,B3,2,Original,15,psi1/psi11,INSIDE_H,0.25,True,True,1.4649751775284722e-16,True,0.01,True,15,2,True,0/6,2.752747845476444e-16,DERIVED_FROM_SOURCE_DOF_MAP,,True,4,0.0006300072291065572,True,6.844312362482033e-13,True,-1.2134886916376855,True,0.0,True,0.0,True,4.0392497301540286e-17,8.265023976338827e-17,True,7.860083013633658e-17,True,15,True,,NOT_APPLICABLE,B1_D2_Original,0.0,True,True,True
B3_D2_Guyan,B3,2,Guyan,5,psi1/psi11,INSIDE_H,0.25,True,True,1.4649751775284722e-16,True,0.01,True,5,2,True,0/6,2.752747845476444e-16,DERIVED_FROM_SOURCE_DOF_MAP,,True,4,0.0006300072291065572,True,6.844312362482033e-13,True,-1.2134886916376855,True,0.0,True,5.0371672712975025e-18,True,4.9936804907591934e-17,7.01116938615297e-17,True,1.3865192612606847e-16,True,5,True,,NOT_APPLICABLE,B1_D2_Guyan,6.801830153860266e-17,True,True,True
B3_D2_Craig_Bampton,B3,2,Craig_Bampton,8,psi1/psi11,INSIDE_H,0.25,True,True,1.4649751775284722e-16,True,0.01,True,8,2,True,0/6,2.752747845476444e-16,DERIVED_FROM_SOURCE_DOF_MAP,,True,4,0.0006300072291065572,True,6.844312362482033e-13,True,-1.2134886916376855,True,0.0,True,5.0488087889888374e-18,True,4.9937960942352587e-17,7.011826711527168e-17,True,3.8599152764734965e-17,True,8,True,,NOT_APPLICABLE,B1_D2_Craig_Bampton,6.801488095705516e-17,True,True,True
