cell_id,object_id,object_name,division,condition,method,route,calculated_value,paper_value,printed_decimals,rounded_value,absolute_difference,rounded_match,cross_language_pass,evidence_label,formula,source_file,source_sha256
T3-3-D1-Chirp-B1-CB,T3-3,表3-3 两类划分五个Chirp频段及El Centro响应NRMSE,1,0.1-1.9 Hz；报告楼层2,Craig-Bampton,historical_mean_full_range；group_inferred_uniform_floor,5.126151346441519e-05,5e-05,5,5e-05,1.2615134644151853e-06,True,True,计算级复现（当前冻结响应+历史脚本口径；作者历史逐点数组待决定）,100*sqrt(mean((x_full-x_red)^2))/(max(x_full)-min(x_full)),第一类划分_Chirp响应.csv,2FDC6B5BF3B48118A51DD147ECE32B6711CEFDCD702D88EEC64CFC4E6A13DF49
T3-3-D1-Chirp-B1-G,T3-3,表3-3 两类划分五个Chirp频段及El Centro响应NRMSE,1,0.1-1.9 Hz；报告楼层2,Guyan,historical_mean_full_range；group_inferred_uniform_floor,0.02950817285837224,0.0295,4,0.0295,8.172858372242076e-06,True,True,计算级复现（当前冻结响应+历史脚本口径；作者历史逐点数组待决定）,100*sqrt(mean((x_full-x_red)^2))/(max(x_full)-min(x_full)),第一类划分_Chirp响应.csv,2FDC6B5BF3B48118A51DD147ECE32B6711CEFDCD702D88EEC64CFC4E6A13DF49
T3-3-D1-Chirp-B2-CB,T3-3,表3-3 两类划分五个Chirp频段及El Centro响应NRMSE,1,1.9-3.5 Hz；报告楼层2,Craig-Bampton,historical_mean_full_range；group_inferred_uniform_floor,0.007913809591530192,0.0079,4,0.0079,1.3809591530191193e-05,True,True,计算级复现（当前冻结响应+历史脚本口径；作者历史逐点数组待决定）,100*sqrt(mean((x_full-x_red)^2))/(max(x_full)-min(x_full)),第一类划分_Chirp响应.csv,2FDC6B5BF3B48118A51DD147ECE32B6711CEFDCD702D88EEC64CFC4E6A13DF49
T3-3-D1-Chirp-B2-G,T3-3,表3-3 两类划分五个Chirp频段及El Centro响应NRMSE,1,1.9-3.5 Hz；报告楼层2,Guyan,historical_mean_full_range；group_inferred_uniform_floor,1.9950043468963203,1.995,4,1.995,4.346896320228666e-06,True,True,计算级复现（当前冻结响应+历史脚本口径；作者历史逐点数组待决定）,100*sqrt(mean((x_full-x_red)^2))/(max(x_full)-min(x_full)),第一类划分_Chirp响应.csv,2FDC6B5BF3B48118A51DD147ECE32B6711CEFDCD702D88EEC64CFC4E6A13DF49
T3-3-D1-Chirp-B3-CB,T3-3,表3-3 两类划分五个Chirp频段及El Centro响应NRMSE,1,3.5-5.4 Hz；报告楼层2,Craig-Bampton,historical_mean_full_range；group_inferred_uniform_floor,0.0025540673270155407,0.0026,4,0.0026,4.593267298445922e-05,True,True,计算级复现（当前冻结响应+历史脚本口径；作者历史逐点数组待决定）,100*sqrt(mean((x_full-x_red)^2))/(max(x_full)-min(x_full)),第一类划分_Chirp响应.csv,2FDC6B5BF3B48118A51DD147ECE32B6711CEFDCD702D88EEC64CFC4E6A13DF49
T3-3-D1-Chirp-B3-G,T3-3,表3-3 两类划分五个Chirp频段及El Centro响应NRMSE,1,3.5-5.4 Hz；报告楼层2,Guyan,historical_mean_full_range；group_inferred_uniform_floor,0.6224725667504947,0.6225,4,0.6225,2.743324950538195e-05,True,True,计算级复现（当前冻结响应+历史脚本口径；作者历史逐点数组待决定）,100*sqrt(mean((x_full-x_red)^2))/(max(x_full)-min(x_full)),第一类划分_Chirp响应.csv,2FDC6B5BF3B48118A51DD147ECE32B6711CEFDCD702D88EEC64CFC4E6A13DF49
T3-3-D1-Chirp-B4-CB,T3-3,表3-3 两类划分五个Chirp频段及El Centro响应NRMSE,1,5.4-8.1 Hz；报告楼层2,Craig-Bampton,historical_mean_full_range；group_inferred_uniform_floor,0.0028426926310600115,0.0028,4,0.0028,4.269263106001153e-05,True,True,计算级复现（当前冻结响应+历史脚本口径；作者历史逐点数组待决定）,100*sqrt(mean((x_full-x_red)^2))/(max(x_full)-min(x_full)),第一类划分_Chirp响应.csv,2FDC6B5BF3B48118A51DD147ECE32B6711CEFDCD702D88EEC64CFC4E6A13DF49
T3-3-D1-Chirp-B4-G,T3-3,表3-3 两类划分五个Chirp频段及El Centro响应NRMSE,1,5.4-8.1 Hz；报告楼层2,Guyan,historical_mean_full_range；group_inferred_uniform_floor,0.07637048926060054,0.0764,4,0.0764,2.951073939945481e-05,True,True,计算级复现（当前冻结响应+历史脚本口径；作者历史逐点数组待决定）,100*sqrt(mean((x_full-x_red)^2))/(max(x_full)-min(x_full)),第一类划分_Chirp响应.csv,2FDC6B5BF3B48118A51DD147ECE32B6711CEFDCD702D88EEC64CFC4E6A13DF49
T3-3-D1-Chirp-B5-CB,T3-3,表3-3 两类划分五个Chirp频段及El Centro响应NRMSE,1,8.1-10 Hz；报告楼层2,Craig-Bampton,historical_mean_full_range；group_inferred_uniform_floor,0.05052683355777134,0.0505,4,0.0505,2.6833557771339944e-05,True,True,计算级复现（当前冻结响应+历史脚本口径；作者历史逐点数组待决定）,100*sqrt(mean((x_full-x_red)^2))/(max(x_full)-min(x_full)),第一类划分_Chirp响应.csv,2FDC6B5BF3B48118A51DD147ECE32B6711CEFDCD702D88EEC64CFC4E6A13DF49
T3-3-D1-Chirp-B5-G,T3-3,表3-3 两类划分五个Chirp频段及El Centro响应NRMSE,1,8.1-10 Hz；报告楼层2,Guyan,historical_mean_full_range；group_inferred_uniform_floor,0.7450123189296456,0.7452,4,0.745,0.00018768107035438408,False,True,历史值/待决定,100*sqrt(mean((x_full-x_red)^2))/(max(x_full)-min(x_full)),第一类划分_Chirp响应.csv,2FDC6B5BF3B48118A51DD147ECE32B6711CEFDCD702D88EEC64CFC4E6A13DF49
T3-3-D1-ElCentro-B0-CB,T3-3,表3-3 两类划分五个Chirp频段及El Centro响应NRMSE,1,El Centro full；报告楼层2,Craig-Bampton,historical_mean_full_range；group_inferred_uniform_floor,0.005750175782225684,0.0058,4,0.0058,4.982421777431547e-05,True,True,计算级复现（当前冻结响应+历史脚本口径；作者历史逐点数组待决定）,100*sqrt(mean((x_full-x_red)^2))/(max(x_full)-min(x_full)),第一类划分_ElCentro地震响应.csv,E7149DD6777B2127527393CE1D7B126B040576F0A535618BE33E882738ACFC40
T3-3-D1-ElCentro-B0-G,T3-3,表3-3 两类划分五个Chirp频段及El Centro响应NRMSE,1,El Centro full；报告楼层2,Guyan,historical_mean_full_range；group_inferred_uniform_floor,0.7578077511377075,0.7578,4,0.7578,7.751137707456834e-06,True,True,计算级复现（当前冻结响应+历史脚本口径；作者历史逐点数组待决定）,100*sqrt(mean((x_full-x_red)^2))/(max(x_full)-min(x_full)),第一类划分_ElCentro地震响应.csv,E7149DD6777B2127527393CE1D7B126B040576F0A535618BE33E882738ACFC40
T3-3-D2-Chirp-B1-CB,T3-3,表3-3 两类划分五个Chirp频段及El Centro响应NRMSE,2,0.1-1.9 Hz；报告楼层1,Craig-Bampton,historical_mean_full_range；no_uniform_floor; nearest_historical_reported_only,0.001197351439857806,0.0037,4,0.0012,0.0025026485601421945,False,True,历史值/待决定,100*sqrt(mean((x_full-x_red)^2))/(max(x_full)-min(x_full)),第二类划分_Chirp响应.csv,88919C2AFA4FC431EDB08772A1DCB091B6D8DC1445253C0A4D30334223040457
T3-3-D2-Chirp-B1-G,T3-3,表3-3 两类划分五个Chirp频段及El Centro响应NRMSE,2,0.1-1.9 Hz；报告楼层2,Guyan,historical_mean_full_range；no_uniform_floor; nearest_historical_reported_only,0.8143986289091448,2.9956,4,0.8144,2.181201371090855,False,True,历史值/待决定,100*sqrt(mean((x_full-x_red)^2))/(max(x_full)-min(x_full)),第二类划分_Chirp响应.csv,88919C2AFA4FC431EDB08772A1DCB091B6D8DC1445253C0A4D30334223040457
T3-3-D2-Chirp-B2-CB,T3-3,表3-3 两类划分五个Chirp频段及El Centro响应NRMSE,2,1.9-3.5 Hz；报告楼层3,Craig-Bampton,historical_mean_full_range；no_uniform_floor; nearest_historical_reported_only,0.0731654428151781,0.056,4,0.0732,0.0171654428151781,False,True,历史值/待决定,100*sqrt(mean((x_full-x_red)^2))/(max(x_full)-min(x_full)),第二类划分_Chirp响应.csv,88919C2AFA4FC431EDB08772A1DCB091B6D8DC1445253C0A4D30334223040457
T3-3-D2-Chirp-B2-G,T3-3,表3-3 两类划分五个Chirp频段及El Centro响应NRMSE,2,1.9-3.5 Hz；报告楼层1,Guyan,historical_mean_full_range；no_uniform_floor; nearest_historical_reported_only,26.85971928168189,19.0594,4,26.8597,7.80031928168189,False,True,历史值/待决定,100*sqrt(mean((x_full-x_red)^2))/(max(x_full)-min(x_full)),第二类划分_Chirp响应.csv,88919C2AFA4FC431EDB08772A1DCB091B6D8DC1445253C0A4D30334223040457
T3-3-D2-Chirp-B3-CB,T3-3,表3-3 两类划分五个Chirp频段及El Centro响应NRMSE,2,3.5-5.4 Hz；报告楼层1,Craig-Bampton,historical_mean_full_range；no_uniform_floor; nearest_historical_reported_only,0.022615119527870615,0.0296,4,0.0226,0.0069848804721293865,False,True,历史值/待决定,100*sqrt(mean((x_full-x_red)^2))/(max(x_full)-min(x_full)),第二类划分_Chirp响应.csv,88919C2AFA4FC431EDB08772A1DCB091B6D8DC1445253C0A4D30334223040457
T3-3-D2-Chirp-B3-G,T3-3,表3-3 两类划分五个Chirp频段及El Centro响应NRMSE,2,3.5-5.4 Hz；报告楼层3,Guyan,historical_mean_full_range；no_uniform_floor; nearest_historical_reported_only,11.17723182403666,14.876,4,11.1772,3.6987681759633393,False,True,历史值/待决定,100*sqrt(mean((x_full-x_red)^2))/(max(x_full)-min(x_full)),第二类划分_Chirp响应.csv,88919C2AFA4FC431EDB08772A1DCB091B6D8DC1445253C0A4D30334223040457
T3-3-D2-Chirp-B4-CB,T3-3,表3-3 两类划分五个Chirp频段及El Centro响应NRMSE,2,5.4-8.1 Hz；报告楼层1,Craig-Bampton,historical_mean_full_range；no_uniform_floor; nearest_historical_reported_only,0.003966210676641572,0.0139,4,0.004,0.009933789323358427,False,True,历史值/待决定,100*sqrt(mean((x_full-x_red)^2))/(max(x_full)-min(x_full)),第二类划分_Chirp响应.csv,88919C2AFA4FC431EDB08772A1DCB091B6D8DC1445253C0A4D30334223040457
T3-3-D2-Chirp-B4-G,T3-3,表3-3 两类划分五个Chirp频段及El Centro响应NRMSE,2,5.4-8.1 Hz；报告楼层3,Guyan,historical_mean_full_range；no_uniform_floor; nearest_historical_reported_only,0.4439323913761823,7.4984,4,0.4439,7.054467608623818,False,True,历史值/待决定,100*sqrt(mean((x_full-x_red)^2))/(max(x_full)-min(x_full)),第二类划分_Chirp响应.csv,88919C2AFA4FC431EDB08772A1DCB091B6D8DC1445253C0A4D30334223040457
T3-3-D2-Chirp-B5-CB,T3-3,表3-3 两类划分五个Chirp频段及El Centro响应NRMSE,2,8.1-10 Hz；报告楼层3,Craig-Bampton,historical_mean_full_range；no_uniform_floor; nearest_historical_reported_only,0.011696723131378692,0.007,4,0.0117,0.004696723131378692,False,True,历史值/待决定,100*sqrt(mean((x_full-x_red)^2))/(max(x_full)-min(x_full)),第二类划分_Chirp响应.csv,88919C2AFA4FC431EDB08772A1DCB091B6D8DC1445253C0A4D30334223040457
T3-3-D2-Chirp-B5-G,T3-3,表3-3 两类划分五个Chirp频段及El Centro响应NRMSE,2,8.1-10 Hz；报告楼层1,Guyan,historical_mean_full_range；no_uniform_floor; nearest_historical_reported_only,3.0177212086320986,2.8127,4,3.0177,0.2050212086320986,False,True,历史值/待决定,100*sqrt(mean((x_full-x_red)^2))/(max(x_full)-min(x_full)),第二类划分_Chirp响应.csv,88919C2AFA4FC431EDB08772A1DCB091B6D8DC1445253C0A4D30334223040457
T3-3-D2-ElCentro-B0-CB,T3-3,表3-3 两类划分五个Chirp频段及El Centro响应NRMSE,2,El Centro full；报告楼层3,Craig-Bampton,historical_mean_full_range；group_inferred_uniform_floor,0.0272009098415715,0.0272,4,0.0272,9.098415715003139e-07,True,True,计算级复现（当前冻结响应+历史脚本口径；作者历史逐点数组待决定）,100*sqrt(mean((x_full-x_red)^2))/(max(x_full)-min(x_full)),第二类划分_ElCentro地震响应.csv,2899DFD2C03B22AAEE701C7E4B3B70E40D49668531BB6734FA6B52E8246B5E5D
T3-3-D2-ElCentro-B0-G,T3-3,表3-3 两类划分五个Chirp频段及El Centro响应NRMSE,2,El Centro full；报告楼层3,Guyan,historical_mean_full_range；group_inferred_uniform_floor,10.935517674042613,10.9355,4,10.9355,1.767404261343586e-05,True,True,计算级复现（当前冻结响应+历史脚本口径；作者历史逐点数组待决定）,100*sqrt(mean((x_full-x_red)^2))/(max(x_full)-min(x_full)),第二类划分_ElCentro地震响应.csv,2899DFD2C03B22AAEE701C7E4B3B70E40D49668531BB6734FA6B52E8246B5E5D
