item_id,category,role,source_absolute_path,source_relative_label,frozen_relative_path,source_size_bytes,source_mtime_iso,source_sha256,frozen_size_bytes,frozen_sha256,live_change_policy,status
B20-0001,theory,梁禹硕士论文,D:\JZ_PhD\10_论文_Papers\Li\RHTS\梁禹手稿.pdf,rths/梁禹手稿.pdf,theory/梁禹手稿.pdf,3800682,2026-08-12T12:21:14.840662+08:00,DDA04CE3DBFF6A5DCE33E6A7D07191F5A33D27F025174087EE395DFE4CF9D5D1,3800682,DDA04CE3DBFF6A5DCE33E6A7D07191F5A33D27F025174087EE395DFE4CF9D5D1,immutable,MATCH
B20-0002,theory,小论文公式源,D:\JZ_PhD\10_论文_Papers\Li\RHTS\260817\manuscript_0824.tex,rths/260817/manuscript_0824.tex,theory/manuscript_0824.tex,64442,2026-08-24T22:47:09.593726+08:00,15A5025246A25809E33E8A38F13C3E71C23607C7765D967730F6105B5445DB76,64442,15A5025246A25809E33E8A38F13C3E71C23607C7765D967730F6105B5445DB76,immutable,MATCH
B20-0003,theory,梁禹论文精读笔记_板块20前快照,D:\JZ_PhD\10_论文_Papers\Li\RHTS\liangyustability-master\Ref\notes\Liang2025_实时混合试验缩聚与稳定性.md,project/Ref/notes/Liang2025_实时混合试验缩聚与稳定性.md,theory/Liang2025_实时混合试验缩聚与稳定性_板块20前快照.md,33405,2026-08-25T03:56:00.787204+08:00,7F90194474EA1ADBA28247B1DD3D5973F4AC122A2468846ED4350B0EB527660B,33405,7F90194474EA1ADBA28247B1DD3D5973F4AC122A2468846ED4350B0EB527660B,authorized_evolution,MATCH
B20-0004,project_contract,全部对象总索引_板块20前快照,D:\JZ_PhD\10_论文_Papers\Li\RHTS\liangyustability-master\test\00_总索引与复现规则\全部对象总索引.csv,project/test/00_总索引与复现规则/全部对象总索引.csv,project_contract/全部对象总索引_板块20前快照.csv,26482,2026-08-25T03:56:00.786205+08:00,737F7D47A5FE641430E45FA508D0885D120FDE6FB00EF9E3CACAFE39A9136418,26482,737F7D47A5FE641430E45FA508D0885D120FDE6FB00EF9E3CACAFE39A9136418,authorized_evolution,MATCH
B20-0005,project_contract,板块15源文件冻结清单,D:\JZ_PhD\10_论文_Papers\Li\RHTS\liangyustability-master\test\00_总索引与复现规则\源文件冻结清单.csv,project/test/00_总索引与复现规则/源文件冻结清单.csv,project_contract/板块15_源文件冻结清单.csv,123107,2026-08-25T00:34:57.994562+08:00,897C43D958ACB8CBC160F689847D4EB14EBCF425D08C251FC6AE6AFEF0BAD45A,123107,897C43D958ACB8CBC160F689847D4EB14EBCF425D08C251FC6AE6AFEF0BAD45A,immutable,MATCH
B20-0006,project_contract,板块15源文件冻结复核,D:\JZ_PhD\10_论文_Papers\Li\RHTS\liangyustability-master\test\00_总索引与复现规则\源文件冻结复核.csv,project/test/00_总索引与复现规则/源文件冻结复核.csv,project_contract/板块15_源文件冻结复核.csv,146279,2026-08-25T00:52:03.495152+08:00,3E4FCE13603FD9AFE4741FA0F7023DB2016358E3ACA04EFEC0E7ECCC9420FB7B,146279,3E4FCE13603FD9AFE4741FA0F7023DB2016358E3ACA04EFEC0E7ECCC9420FB7B,immutable,MATCH
B20-0007,project_contract,test说明_板块20前快照,D:\JZ_PhD\10_论文_Papers\Li\RHTS\liangyustability-master\test\README.md,project/test/README.md,project_contract/test_README_板块20前快照.md,1524,2026-08-25T00:34:44.378697+08:00,BAFBC9CDCA331BDBA0777E969D584CCCD464342C6EB08E4998BD806E2237CEB1,1524,BAFBC9CDCA331BDBA0777E969D584CCCD464342C6EB08E4998BD806E2237CEB1,authorized_evolution,MATCH
B20-0008,project_contract,总体验收记录_板块20前快照,D:\JZ_PhD\10_论文_Papers\Li\RHTS\liangyustability-master\test\00_总索引与复现规则\验收记录.md,project/test/00_总索引与复现规则/验收记录.md,project_contract/验收记录_板块20前快照.md,1325,2026-08-25T00:52:03.496159+08:00,8A2368D6EEF8C706C44F9F646E071DD0C80418FAB37DFFAA77C789425A67F9E9,1325,8A2368D6EEF8C706C44F9F646E071DD0C80418FAB37DFFAA77C789425A67F9E9,authorized_evolution,MATCH
B20-0009,historical_stability_route,稳定域目录原件:cb_2.mat,D:\JZ_PhD\10_论文_Papers\Li\RHTS\liangyustability-master\liangyustability-master\新结构稳定\稳定域\cb_2.mat,project/liangyustability-master/新结构稳定/稳定域/cb_2.mat,historical_stability_route/稳定域/cb_2.mat,2925,2026-08-06T17:18:58.655235+08:00,9E12DF94E653549805FFB124286D563B3EEFFA8A82553DFB29F37A16EDFC77E3,2925,9E12DF94E653549805FFB124286D563B3EEFFA8A82553DFB29F37A16EDFC77E3,immutable,MATCH
B20-0010,historical_stability_route,稳定域目录原件:Copy_of_monicanshu_2.mlx,D:\JZ_PhD\10_论文_Papers\Li\RHTS\liangyustability-master\liangyustability-master\新结构稳定\稳定域\Copy_of_monicanshu_2.mlx,project/liangyustability-master/新结构稳定/稳定域/Copy_of_monicanshu_2.mlx,historical_stability_route/稳定域/Copy_of_monicanshu_2.mlx,6607,2026-08-06T17:18:58.465645+08:00,4A5BD238E15BB3F20613A7F12A5E82B069E98A57A9E7E7BA584D062D2E6E21FC,6607,4A5BD238E15BB3F20613A7F12A5E82B069E98A57A9E7E7BA584D062D2E6E21FC,immutable,MATCH
B20-0011,historical_stability_route,稳定域目录原件:example.m,D:\JZ_PhD\10_论文_Papers\Li\RHTS\liangyustability-master\liangyustability-master\新结构稳定\稳定域\example.m,project/liangyustability-master/新结构稳定/稳定域/example.m,historical_stability_route/稳定域/example.m,1136,2026-08-06T17:18:58.684634+08:00,C116E1B7AC416D0BA2EC739E83085EC9B0BE1383C2298EB7FDC87445E75DAE76,1136,C116E1B7AC416D0BA2EC739E83085EC9B0BE1383C2298EB7FDC87445E75DAE76,immutable,MATCH
B20-0012,historical_stability_route,稳定域目录原件:luxvjie_cb_2.mlx,D:\JZ_PhD\10_论文_Papers\Li\RHTS\liangyustability-master\liangyustability-master\新结构稳定\稳定域\luxvjie_cb_2.mlx,project/liangyustability-master/新结构稳定/稳定域/luxvjie_cb_2.mlx,historical_stability_route/稳定域/luxvjie_cb_2.mlx,16267,2026-08-06T17:18:58.719697+08:00,39E05BDFF4DC6C7AFB775AC136A8948FEADAE6F29A70D2017DD82E75A261EF6B,16267,39E05BDFF4DC6C7AFB775AC136A8948FEADAE6F29A70D2017DD82E75A261EF6B,immutable,MATCH
B20-0013,historical_stability_route,稳定域目录原件:luxvjie_cb_3.mlx,D:\JZ_PhD\10_论文_Papers\Li\RHTS\liangyustability-master\liangyustability-master\新结构稳定\稳定域\luxvjie_cb_3.mlx,project/liangyustability-master/新结构稳定/稳定域/luxvjie_cb_3.mlx,historical_stability_route/稳定域/luxvjie_cb_3.mlx,16267,2026-08-06T17:18:58.743516+08:00,39E05BDFF4DC6C7AFB775AC136A8948FEADAE6F29A70D2017DD82E75A261EF6B,16267,39E05BDFF4DC6C7AFB775AC136A8948FEADAE6F29A70D2017DD82E75A261EF6B,immutable,MATCH
B20-0014,historical_stability_route,稳定域目录原件:luxvjie_cb_LQR2.mlx,D:\JZ_PhD\10_论文_Papers\Li\RHTS\liangyustability-master\liangyustability-master\新结构稳定\稳定域\luxvjie_cb_LQR2.mlx,project/liangyustability-master/新结构稳定/稳定域/luxvjie_cb_LQR2.mlx,historical_stability_route/稳定域/luxvjie_cb_LQR2.mlx,16267,2026-08-06T17:18:58.767666+08:00,39E05BDFF4DC6C7AFB775AC136A8948FEADAE6F29A70D2017DD82E75A261EF6B,16267,39E05BDFF4DC6C7AFB775AC136A8948FEADAE6F29A70D2017DD82E75A261EF6B,immutable,MATCH
B20-0015,historical_stability_route,稳定域目录原件:luxvjie_cb_LQR3.mlx,D:\JZ_PhD\10_论文_Papers\Li\RHTS\liangyustability-master\liangyustability-master\新结构稳定\稳定域\luxvjie_cb_LQR3.mlx,project/liangyustability-master/新结构稳定/稳定域/luxvjie_cb_LQR3.mlx,historical_stability_route/稳定域/luxvjie_cb_LQR3.mlx,16267,2026-08-06T17:18:58.795344+08:00,39E05BDFF4DC6C7AFB775AC136A8948FEADAE6F29A70D2017DD82E75A261EF6B,16267,39E05BDFF4DC6C7AFB775AC136A8948FEADAE6F29A70D2017DD82E75A261EF6B,immutable,MATCH
B20-0016,historical_stability_route,稳定域目录原件:luxvjie_guyan_2.mlx,D:\JZ_PhD\10_论文_Papers\Li\RHTS\liangyustability-master\liangyustability-master\新结构稳定\稳定域\luxvjie_guyan_2.mlx,project/liangyustability-master/新结构稳定/稳定域/luxvjie_guyan_2.mlx,historical_stability_route/稳定域/luxvjie_guyan_2.mlx,14736,2026-08-06T17:18:58.820202+08:00,48A76D80D7771273B874CD8EDF6FCE6D4FC78B02012F9BC73D2769982C534077,14736,48A76D80D7771273B874CD8EDF6FCE6D4FC78B02012F9BC73D2769982C534077,immutable,MATCH
B20-0017,historical_stability_route,稳定域目录原件:luxvjie_guyan_3.mlx,D:\JZ_PhD\10_论文_Papers\Li\RHTS\liangyustability-master\liangyustability-master\新结构稳定\稳定域\luxvjie_guyan_3.mlx,project/liangyustability-master/新结构稳定/稳定域/luxvjie_guyan_3.mlx,historical_stability_route/稳定域/luxvjie_guyan_3.mlx,6779,2026-08-06T17:18:58.839786+08:00,C9A843A87F4B45D02DDB80F8780AB8E549E70BF6D2BE61A0C4B621E746CC2451,6779,C9A843A87F4B45D02DDB80F8780AB8E549E70BF6D2BE61A0C4B621E746CC2451,immutable,MATCH
B20-0018,historical_stability_route,稳定域目录原件:luxvjie_guyan_LQR2.mlx,D:\JZ_PhD\10_论文_Papers\Li\RHTS\liangyustability-master\liangyustability-master\新结构稳定\稳定域\luxvjie_guyan_LQR2.mlx,project/liangyustability-master/新结构稳定/稳定域/luxvjie_guyan_LQR2.mlx,historical_stability_route/稳定域/luxvjie_guyan_LQR2.mlx,14736,2026-08-06T17:18:58.859682+08:00,48A76D80D7771273B874CD8EDF6FCE6D4FC78B02012F9BC73D2769982C534077,14736,48A76D80D7771273B874CD8EDF6FCE6D4FC78B02012F9BC73D2769982C534077,immutable,MATCH
B20-0019,historical_stability_route,稳定域目录原件:luxvjie_guyan_LQR3.mlx,D:\JZ_PhD\10_论文_Papers\Li\RHTS\liangyustability-master\liangyustability-master\新结构稳定\稳定域\luxvjie_guyan_LQR3.mlx,project/liangyustability-master/新结构稳定/稳定域/luxvjie_guyan_LQR3.mlx,historical_stability_route/稳定域/luxvjie_guyan_LQR3.mlx,6779,2026-08-06T17:18:58.879317+08:00,C9A843A87F4B45D02DDB80F8780AB8E549E70BF6D2BE61A0C4B621E746CC2451,6779,C9A843A87F4B45D02DDB80F8780AB8E549E70BF6D2BE61A0C4B621E746CC2451,immutable,MATCH
B20-0020,historical_stability_route,稳定域目录原件:luxvjie_ori_LQR2.mlx,D:\JZ_PhD\10_论文_Papers\Li\RHTS\liangyustability-master\liangyustability-master\新结构稳定\稳定域\luxvjie_ori_LQR2.mlx,project/liangyustability-master/新结构稳定/稳定域/luxvjie_ori_LQR2.mlx,historical_stability_route/稳定域/luxvjie_ori_LQR2.mlx,4001,2026-08-06T17:18:58.897978+08:00,B8D80F17C8EC1112D14188BF2C01666B339D9A400E8FEBAE6C38656AB68558CD,4001,B8D80F17C8EC1112D14188BF2C01666B339D9A400E8FEBAE6C38656AB68558CD,immutable,MATCH
B20-0021,historical_stability_route,稳定域目录原件:luxvjie_ori_LQR3.mlx,D:\JZ_PhD\10_论文_Papers\Li\RHTS\liangyustability-master\liangyustability-master\新结构稳定\稳定域\luxvjie_ori_LQR3.mlx,project/liangyustability-master/新结构稳定/稳定域/luxvjie_ori_LQR3.mlx,historical_stability_route/稳定域/luxvjie_ori_LQR3.mlx,6756,2026-08-06T17:18:58.917705+08:00,2606758B347C01574B812A4CD79BB2C353DCD6680C1DBF07B9AF485C5C03569D,6756,2606758B347C01574B812A4CD79BB2C353DCD6680C1DBF07B9AF485C5C03569D,immutable,MATCH
B20-0022,historical_stability_route,稳定域目录原件:lvxvjie_2.slx.original,D:\JZ_PhD\10_论文_Papers\Li\RHTS\liangyustability-master\liangyustability-master\新结构稳定\稳定域\lvxvjie_2.slx.original,project/liangyustability-master/新结构稳定/稳定域/lvxvjie_2.slx.original,historical_stability_route/稳定域/lvxvjie_2.slx.original,54129,2026-08-06T17:18:58.932917+08:00,0348EF01DBA6DFABCF0C356D276336DAA55B185851596BB6624D8B464BF99532,54129,0348EF01DBA6DFABCF0C356D276336DAA55B185851596BB6624D8B464BF99532,immutable,MATCH
B20-0023,historical_stability_route,稳定域目录原件:lvxvjie_2_test.slx,D:\JZ_PhD\10_论文_Papers\Li\RHTS\liangyustability-master\liangyustability-master\新结构稳定\稳定域\lvxvjie_2_test.slx,project/liangyustability-master/新结构稳定/稳定域/lvxvjie_2_test.slx,historical_stability_route/稳定域/lvxvjie_2_test.slx,54474,2026-08-06T17:18:58.961632+08:00,83497615FC7D00879A6ABAD30006C95E450A2639EFB21D97084B4CAC3AE9688C,54474,83497615FC7D00879A6ABAD30006C95E450A2639EFB21D97084B4CAC3AE9688C,immutable,MATCH
B20-0024,historical_stability_route,稳定域目录原件:lvxvjie_2_tf.slx,D:\JZ_PhD\10_论文_Papers\Li\RHTS\liangyustability-master\liangyustability-master\新结构稳定\稳定域\lvxvjie_2_tf.slx,project/liangyustability-master/新结构稳定/稳定域/lvxvjie_2_tf.slx,historical_stability_route/稳定域/lvxvjie_2_tf.slx,57929,2026-08-06T17:18:58.981654+08:00,04E2DFC881135D29B9B3C588898BE9910ACAD5EDF14EE6D33277069AE4C2F894,57929,04E2DFC881135D29B9B3C588898BE9910ACAD5EDF14EE6D33277069AE4C2F894,immutable,MATCH
B20-0025,historical_stability_route,稳定域目录原件:monicanshu_2.mlx,D:\JZ_PhD\10_论文_Papers\Li\RHTS\liangyustability-master\liangyustability-master\新结构稳定\稳定域\monicanshu_2.mlx,project/liangyustability-master/新结构稳定/稳定域/monicanshu_2.mlx,historical_stability_route/稳定域/monicanshu_2.mlx,6102,2026-08-06T17:18:59.001975+08:00,6FBB764454D6D741BEC99CC9026A68CA93C51FAF98AC95191CC7E24576433AF8,6102,6FBB764454D6D741BEC99CC9026A68CA93C51FAF98AC95191CC7E24576433AF8,immutable,MATCH
B20-0026,historical_stability_route,稳定域目录原件:monicanshu_2_cb.mlx,D:\JZ_PhD\10_论文_Papers\Li\RHTS\liangyustability-master\liangyustability-master\新结构稳定\稳定域\monicanshu_2_cb.mlx,project/liangyustability-master/新结构稳定/稳定域/monicanshu_2_cb.mlx,historical_stability_route/稳定域/monicanshu_2_cb.mlx,4312,2026-08-06T17:18:59.020367+08:00,15245A1073A47A87C7E166C20DEBD2B19F9DAABEB78B45A13ECC58230F1FA16B,4312,15245A1073A47A87C7E166C20DEBD2B19F9DAABEB78B45A13ECC58230F1FA16B,immutable,MATCH
B20-0027,historical_stability_route,稳定域目录原件:monicanshu_2_guyan.mlx,D:\JZ_PhD\10_论文_Papers\Li\RHTS\liangyustability-master\liangyustability-master\新结构稳定\稳定域\monicanshu_2_guyan.mlx,project/liangyustability-master/新结构稳定/稳定域/monicanshu_2_guyan.mlx,historical_stability_route/稳定域/monicanshu_2_guyan.mlx,4312,2026-08-06T17:18:59.040173+08:00,15245A1073A47A87C7E166C20DEBD2B19F9DAABEB78B45A13ECC58230F1FA16B,4312,15245A1073A47A87C7E166C20DEBD2B19F9DAABEB78B45A13ECC58230F1FA16B,immutable,MATCH
B20-0028,historical_stability_route,稳定域目录原件:New_Full.m,D:\JZ_PhD\10_论文_Papers\Li\RHTS\liangyustability-master\liangyustability-master\新结构稳定\稳定域\New_Full.m,project/liangyustability-master/新结构稳定/稳定域/New_Full.m,historical_stability_route/稳定域/New_Full.m,6617,2026-08-06T17:18:58.504592+08:00,ABCC622ABB1E10ECA1A027DB04AF765719E16F8EFC4B14F1B73AE9E6A03A6C8E,6617,ABCC622ABB1E10ECA1A027DB04AF765719E16F8EFC4B14F1B73AE9E6A03A6C8E,immutable,MATCH
B20-0029,historical_stability_route,稳定域目录原件:New_Ns3.m,D:\JZ_PhD\10_论文_Papers\Li\RHTS\liangyustability-master\liangyustability-master\新结构稳定\稳定域\New_Ns3.m,project/liangyustability-master/新结构稳定/稳定域/New_Ns3.m,historical_stability_route/稳定域/New_Ns3.m,761,2026-08-06T17:18:58.542624+08:00,0415F863B5D1257B8F817AF4D0984EF3FB41A0440BF1C5987913622D4C543426,761,0415F863B5D1257B8F817AF4D0984EF3FB41A0440BF1C5987913622D4C543426,immutable,MATCH
B20-0030,historical_stability_route,稳定域目录原件:New_Ns3_2.m,D:\JZ_PhD\10_论文_Papers\Li\RHTS\liangyustability-master\liangyustability-master\新结构稳定\稳定域\New_Ns3_2.m,project/liangyustability-master/新结构稳定/稳定域/New_Ns3_2.m,historical_stability_route/稳定域/New_Ns3_2.m,761,2026-08-06T17:18:58.576885+08:00,0415F863B5D1257B8F817AF4D0984EF3FB41A0440BF1C5987913622D4C543426,761,0415F863B5D1257B8F817AF4D0984EF3FB41A0440BF1C5987913622D4C543426,immutable,MATCH
B20-0031,historical_stability_route,稳定域目录原件:New_Ps3.m,D:\JZ_PhD\10_论文_Papers\Li\RHTS\liangyustability-master\liangyustability-master\新结构稳定\稳定域\New_Ps3.m,project/liangyustability-master/新结构稳定/稳定域/New_Ps3.m,historical_stability_route/稳定域/New_Ps3.m,2139,2026-08-06T17:18:58.614355+08:00,1F7ECDBDE5003486A6E742EEA63AB72F17D349978550BE419B327E763F276C49,2139,1F7ECDBDE5003486A6E742EEA63AB72F17D349978550BE419B327E763F276C49,immutable,MATCH
B20-0032,historical_stability_route,稳定域目录原件:New_Ps3_2.m,D:\JZ_PhD\10_论文_Papers\Li\RHTS\liangyustability-master\liangyustability-master\新结构稳定\稳定域\New_Ps3_2.m,project/liangyustability-master/新结构稳定/稳定域/New_Ps3_2.m,historical_stability_route/稳定域/New_Ps3_2.m,2139,2026-08-06T17:18:58.640762+08:00,1F7ECDBDE5003486A6E742EEA63AB72F17D349978550BE419B327E763F276C49,2139,1F7ECDBDE5003486A6E742EEA63AB72F17D349978550BE419B327E763F276C49,immutable,MATCH
B20-0033,historical_stability_route,稳定域目录原件:selection_matrix.m,D:\JZ_PhD\10_论文_Papers\Li\RHTS\liangyustability-master\liangyustability-master\新结构稳定\稳定域\selection_matrix.m,project/liangyustability-master/新结构稳定/稳定域/selection_matrix.m,historical_stability_route/稳定域/selection_matrix.m,320,2026-08-06T17:18:59.069940+08:00,4CC8FBA7D6300903B89D5D1AB3FB3627A607F1715025DBE1E37E57D207B70031,320,4CC8FBA7D6300903B89D5D1AB3FB3627A607F1715025DBE1E37E57D207B70031,immutable,MATCH
B20-0034,historical_stability_route,稳定域目录原件:stab_2.mat,D:\JZ_PhD\10_论文_Papers\Li\RHTS\liangyustability-master\liangyustability-master\新结构稳定\稳定域\stab_2.mat,project/liangyustability-master/新结构稳定/稳定域/stab_2.mat,historical_stability_route/稳定域/stab_2.mat,1117,2026-08-06T17:18:59.087065+08:00,8713D9FEFC7C46D2955ADC82F8B0E1AE0521B4A049B729480EA6FB542E64FBE1,1117,8713D9FEFC7C46D2955ADC82F8B0E1AE0521B4A049B729480EA6FB542E64FBE1,immutable,MATCH
B20-0035,historical_stability_route,稳定域目录原件:stab_2_guyan.mat,D:\JZ_PhD\10_论文_Papers\Li\RHTS\liangyustability-master\liangyustability-master\新结构稳定\稳定域\stab_2_guyan.mat,project/liangyustability-master/新结构稳定/稳定域/stab_2_guyan.mat,historical_stability_route/稳定域/stab_2_guyan.mat,1102,2026-08-06T17:18:59.103153+08:00,D802A0FE7019AF30D894A5E3DE9BF0FC762A86C1292814E9ADCA86D3212AE27F,1102,D802A0FE7019AF30D894A5E3DE9BF0FC762A86C1292814E9ADCA86D3212AE27F,immutable,MATCH
B20-0036,historical_stability_route,稳定域目录原件:stab_guyan_lqr.mat,D:\JZ_PhD\10_论文_Papers\Li\RHTS\liangyustability-master\liangyustability-master\新结构稳定\稳定域\stab_guyan_lqr.mat,project/liangyustability-master/新结构稳定/稳定域/stab_guyan_lqr.mat,historical_stability_route/稳定域/stab_guyan_lqr.mat,1102,2026-08-06T17:18:59.118926+08:00,DEA0654CBC583D9127F55082F2D3B07EFA867B7EDE24B2772B9CB54C0555F4EC,1102,DEA0654CBC583D9127F55082F2D3B07EFA867B7EDE24B2772B9CB54C0555F4EC,immutable,MATCH
B20-0037,historical_upstream,新结构稳定上游:New_Full.m,D:\JZ_PhD\10_论文_Papers\Li\RHTS\liangyustability-master\liangyustability-master\新结构稳定\New_Full.m,project/liangyustability-master/新结构稳定/New_Full.m,historical_upstream/新结构稳定/New_Full.m,6624,2026-08-06T17:18:58.323184+08:00,0049C9B88FB6F8C0CFF01B56717AF6222B4EDF8DC3D557ACEB2CF575810990A8,6624,0049C9B88FB6F8C0CFF01B56717AF6222B4EDF8DC3D557ACEB2CF575810990A8,immutable,MATCH
B20-0038,historical_upstream,新结构稳定上游:New_Ns2.m,D:\JZ_PhD\10_论文_Papers\Li\RHTS\liangyustability-master\liangyustability-master\新结构稳定\New_Ns2.m,project/liangyustability-master/新结构稳定/New_Ns2.m,historical_upstream/新结构稳定/New_Ns2.m,2157,2026-08-06T17:18:58.344066+08:00,E4735E9F55F25EE9ED0EB55D585C1D2A97AC84537BF4FC178FF742E3259DB18A,2157,E4735E9F55F25EE9ED0EB55D585C1D2A97AC84537BF4FC178FF742E3259DB18A,immutable,MATCH
B20-0039,historical_upstream,新结构稳定上游:New_Ps2.m,D:\JZ_PhD\10_论文_Papers\Li\RHTS\liangyustability-master\liangyustability-master\新结构稳定\New_Ps2.m,project/liangyustability-master/新结构稳定/New_Ps2.m,historical_upstream/新结构稳定/New_Ps2.m,1519,2026-08-06T17:18:58.364213+08:00,D96BE694E8A07F0A6701F12F017D6952E1D53D05419BEA280017C5F84D4B85DB,1519,D96BE694E8A07F0A6701F12F017D6952E1D53D05419BEA280017C5F84D4B85DB,immutable,MATCH
B20-0040,historical_upstream,新结构稳定上游:New_stability_luxvjie_guyan.mlx,D:\JZ_PhD\10_论文_Papers\Li\RHTS\liangyustability-master\liangyustability-master\新结构稳定\New_stability_luxvjie_guyan.mlx,project/liangyustability-master/新结构稳定/New_stability_luxvjie_guyan.mlx,historical_upstream/新结构稳定/New_stability_luxvjie_guyan.mlx,9631,2026-08-06T17:18:58.415940+08:00,8EC2F080DA0FA607D4B8FB7238746CB196A778B345459AFCDBC367192FB31BAB,9631,8EC2F080DA0FA607D4B8FB7238746CB196A778B345459AFCDBC367192FB31BAB,immutable,MATCH
B20-0041,historical_upstream,新结构稳定上游:New_stability_luxvjie4.mlx,D:\JZ_PhD\10_论文_Papers\Li\RHTS\liangyustability-master\liangyustability-master\新结构稳定\New_stability_luxvjie4.mlx,project/liangyustability-master/新结构稳定/New_stability_luxvjie4.mlx,historical_upstream/新结构稳定/New_stability_luxvjie4.mlx,9284,2026-08-06T17:18:58.385257+08:00,5870CF1C65C106183DFFA2EDEF27641C6CBE11B213DC9D377CF5097A057C8B9E,9284,5870CF1C65C106183DFFA2EDEF27641C6CBE11B213DC9D377CF5097A057C8B9E,immutable,MATCH
B20-0042,historical_plotting,作者绘图目录:huitu_2.m,D:\JZ_PhD\10_论文_Papers\Li\RHTS\liangyustability-master\liangyustability-master\新结构稳定\绘图\huitu_2.m,project/liangyustability-master/新结构稳定/绘图/huitu_2.m,historical_plotting/作者绘图目录/huitu_2.m,1497,2026-08-06T17:18:59.673785+08:00,85CB7D5300F3F820AFA80926B76F0430718709BD55722F45486F2F8B9848D1BC,1497,85CB7D5300F3F820AFA80926B76F0430718709BD55722F45486F2F8B9848D1BC,immutable,MATCH
B20-0043,historical_plotting,作者绘图目录:lqr_2.mat,D:\JZ_PhD\10_论文_Papers\Li\RHTS\liangyustability-master\liangyustability-master\新结构稳定\绘图\lqr_2.mat,project/liangyustability-master/新结构稳定/绘图/lqr_2.mat,historical_plotting/作者绘图目录/lqr_2.mat,932,2026-08-06T17:18:59.695526+08:00,9B08117CEA7A9DF95D60C4300F3BDCB515765209CD03162114F0436C5094A4C4,932,9B08117CEA7A9DF95D60C4300F3BDCB515765209CD03162114F0436C5094A4C4,immutable,MATCH
B20-0044,historical_plotting,作者绘图目录:lqr_3.mat,D:\JZ_PhD\10_论文_Papers\Li\RHTS\liangyustability-master\liangyustability-master\新结构稳定\绘图\lqr_3.mat,project/liangyustability-master/新结构稳定/绘图/lqr_3.mat,historical_plotting/作者绘图目录/lqr_3.mat,1431,2026-08-06T17:18:59.721234+08:00,69344E2E703AFE3BDFC1FA6DA133D36E450299B774C085ECE3252BCB18BDDEC1,1431,69344E2E703AFE3BDFC1FA6DA133D36E450299B774C085ECE3252BCB18BDDEC1,immutable,MATCH
B20-0045,historical_plotting,作者绘图目录:origin_lqr_2.mat,D:\JZ_PhD\10_论文_Papers\Li\RHTS\liangyustability-master\liangyustability-master\新结构稳定\绘图\origin_lqr_2.mat,project/liangyustability-master/新结构稳定/绘图/origin_lqr_2.mat,historical_plotting/作者绘图目录/origin_lqr_2.mat,414,2026-08-06T17:18:59.914222+08:00,862ECF9015C4FCBB0D270853006EEC7030C96D97BF9322CD394DF54BF0380FA0,414,862ECF9015C4FCBB0D270853006EEC7030C96D97BF9322CD394DF54BF0380FA0,immutable,MATCH
B20-0046,historical_plotting,作者绘图目录:origin_lqr_3.mat,D:\JZ_PhD\10_论文_Papers\Li\RHTS\liangyustability-master\liangyustability-master\新结构稳定\绘图\origin_lqr_3.mat,project/liangyustability-master/新结构稳定/绘图/origin_lqr_3.mat,historical_plotting/作者绘图目录/origin_lqr_3.mat,10327,2026-08-06T17:18:59.927113+08:00,2FA0817CCA2A50DB630DDC4743EA9DC7F7EA1AD1703CAD85D7C1E821066A48AB,10327,2FA0817CCA2A50DB630DDC4743EA9DC7F7EA1AD1703CAD85D7C1E821066A48AB,immutable,MATCH
B20-0047,historical_plotting,作者绘图目录:guyan_lqr_2.mat,D:\JZ_PhD\10_论文_Papers\Li\RHTS\liangyustability-master\liangyustability-master\新结构稳定\绘图\guyan_lqr_2.mat,project/liangyustability-master/新结构稳定/绘图/guyan_lqr_2.mat,historical_plotting/作者绘图目录/guyan_lqr_2.mat,414,2026-08-06T17:18:59.567608+08:00,AB09576892825D29DEE99E20BF595CB35D073470E7F974B473A0B73D645BBCE0,414,AB09576892825D29DEE99E20BF595CB35D073470E7F974B473A0B73D645BBCE0,immutable,MATCH
B20-0048,historical_plotting,作者绘图目录:guyan_lqr_3.mat,D:\JZ_PhD\10_论文_Papers\Li\RHTS\liangyustability-master\liangyustability-master\新结构稳定\绘图\guyan_lqr_3.mat,project/liangyustability-master/新结构稳定/绘图/guyan_lqr_3.mat,historical_plotting/作者绘图目录/guyan_lqr_3.mat,10327,2026-08-06T17:18:59.590453+08:00,2FA0817CCA2A50DB630DDC4743EA9DC7F7EA1AD1703CAD85D7C1E821066A48AB,10327,2FA0817CCA2A50DB630DDC4743EA9DC7F7EA1AD1703CAD85D7C1E821066A48AB,immutable,MATCH
B20-0049,historical_plotting,作者绘图目录:CB_lqr_2.mat,D:\JZ_PhD\10_论文_Papers\Li\RHTS\liangyustability-master\liangyustability-master\新结构稳定\绘图\CB_lqr_2.mat,project/liangyustability-master/新结构稳定/绘图/CB_lqr_2.mat,historical_plotting/作者绘图目录/CB_lqr_2.mat,10327,2026-08-06T17:18:59.358805+08:00,2FA0817CCA2A50DB630DDC4743EA9DC7F7EA1AD1703CAD85D7C1E821066A48AB,10327,2FA0817CCA2A50DB630DDC4743EA9DC7F7EA1AD1703CAD85D7C1E821066A48AB,immutable,MATCH
B20-0050,historical_plotting,作者绘图目录:CB_lqr_3.mat,D:\JZ_PhD\10_论文_Papers\Li\RHTS\liangyustability-master\liangyustability-master\新结构稳定\绘图\CB_lqr_3.mat,project/liangyustability-master/新结构稳定/绘图/CB_lqr_3.mat,historical_plotting/作者绘图目录/CB_lqr_3.mat,10327,2026-08-06T17:18:59.374025+08:00,2FA0817CCA2A50DB630DDC4743EA9DC7F7EA1AD1703CAD85D7C1E821066A48AB,10327,2FA0817CCA2A50DB630DDC4743EA9DC7F7EA1AD1703CAD85D7C1E821066A48AB,immutable,MATCH
B20-0051,historical_plotting,作者绘图目录:lvxvjie_guyan_2.slx,D:\JZ_PhD\10_论文_Papers\Li\RHTS\liangyustability-master\liangyustability-master\新结构稳定\绘图\lvxvjie_guyan_2.slx,project/liangyustability-master/新结构稳定/绘图/lvxvjie_guyan_2.slx,historical_plotting/作者绘图目录/lvxvjie_guyan_2.slx,78199,2026-08-06T17:18:59.792318+08:00,01D23182120E49F84BA333E4393E7CB56D01242C65A0E68FC84B1F31BCCD330E,78199,01D23182120E49F84BA333E4393E7CB56D01242C65A0E68FC84B1F31BCCD330E,immutable,MATCH
B20-0052,historical_plotting,作者绘图目录:lvxvjie_guyan.slx,D:\JZ_PhD\10_论文_Papers\Li\RHTS\liangyustability-master\liangyustability-master\新结构稳定\绘图\lvxvjie_guyan.slx,project/liangyustability-master/新结构稳定/绘图/lvxvjie_guyan.slx,historical_plotting/作者绘图目录/lvxvjie_guyan.slx,78225,2026-08-06T17:18:59.754639+08:00,975B3D75137CADD04F08AF4583C51C4883CF6DE992080CC8009A1FF92E76099D,78225,975B3D75137CADD04F08AF4583C51C4883CF6DE992080CC8009A1FF92E76099D,immutable,MATCH
B20-0053,historical_plotting,作者绘图目录:PDmonicanshu.m,D:\JZ_PhD\10_论文_Papers\Li\RHTS\liangyustability-master\liangyustability-master\新结构稳定\绘图\PDmonicanshu.m,project/liangyustability-master/新结构稳定/绘图/PDmonicanshu.m,historical_plotting/作者绘图目录/PDmonicanshu.m,8568,2026-08-06T17:18:59.450767+08:00,CB25DFABD21175FE0CE5F93ABE722B365D25C0D4ADE9BEAF3B7EBD25328D1C4D,8568,CB25DFABD21175FE0CE5F93ABE722B365D25C0D4ADE9BEAF3B7EBD25328D1C4D,immutable,MATCH
B20-0054,alternative_lqr_route,能量目录冲突候选:luxvjie_ori_LQR2.mlx,D:\JZ_PhD\10_论文_Papers\Li\RHTS\liangyustability-master\liangyustability-master\能量指标\luxvjie_ori_LQR2.mlx,project/liangyustability-master/能量指标/luxvjie_ori_LQR2.mlx,alternative_lqr_route/能量指标/luxvjie_ori_LQR2.mlx,3832,2026-08-06T17:19:02.036989+08:00,8ECA148D813F0C7652F412F5896D2DB8EF5B1279CA0DCBBF10A1FFB45FEA5509,3832,8ECA148D813F0C7652F412F5896D2DB8EF5B1279CA0DCBBF10A1FFB45FEA5509,immutable,MATCH
B20-0055,alternative_lqr_route,能量目录冲突候选:luxvjie_ori_LQR3.mlx,D:\JZ_PhD\10_论文_Papers\Li\RHTS\liangyustability-master\liangyustability-master\能量指标\luxvjie_ori_LQR3.mlx,project/liangyustability-master/能量指标/luxvjie_ori_LQR3.mlx,alternative_lqr_route/能量指标/luxvjie_ori_LQR3.mlx,4048,2026-08-06T17:19:02.058800+08:00,149E9FDD7F98CFD0A5B581D7BD2B27521908BC89FFB2DEF1F891D4402E4B89D5,4048,149E9FDD7F98CFD0A5B581D7BD2B27521908BC89FFB2DEF1F891D4402E4B89D5,immutable,MATCH
B20-0056,alternative_lqr_route,能量目录冲突候选:luxvjie_guyan_LQR2.mlx,D:\JZ_PhD\10_论文_Papers\Li\RHTS\liangyustability-master\liangyustability-master\能量指标\luxvjie_guyan_LQR2.mlx,project/liangyustability-master/能量指标/luxvjie_guyan_LQR2.mlx,alternative_lqr_route/能量指标/luxvjie_guyan_LQR2.mlx,6173,2026-08-06T17:19:01.997946+08:00,85B71050673BCB956E397490E41A8BC6D748AF2E633F00F5D0D8968BAFB67102,6173,85B71050673BCB956E397490E41A8BC6D748AF2E633F00F5D0D8968BAFB67102,immutable,MATCH
B20-0057,alternative_lqr_route,能量目录冲突候选:luxvjie_guyan_LQR3.mlx,D:\JZ_PhD\10_论文_Papers\Li\RHTS\liangyustability-master\liangyustability-master\能量指标\luxvjie_guyan_LQR3.mlx,project/liangyustability-master/能量指标/luxvjie_guyan_LQR3.mlx,alternative_lqr_route/能量指标/luxvjie_guyan_LQR3.mlx,5993,2026-08-06T17:19:02.018922+08:00,3A9291D5FC4B5DD183C88874879B34623B38F3C020F0FBC66991E070936EDE05,5993,3A9291D5FC4B5DD183C88874879B34623B38F3C020F0FBC66991E070936EDE05,immutable,MATCH
B20-0058,alternative_lqr_route,能量目录冲突候选:luxvjie_cb_LQR2.mlx,D:\JZ_PhD\10_论文_Papers\Li\RHTS\liangyustability-master\liangyustability-master\能量指标\luxvjie_cb_LQR2.mlx,project/liangyustability-master/能量指标/luxvjie_cb_LQR2.mlx,alternative_lqr_route/能量指标/luxvjie_cb_LQR2.mlx,5285,2026-08-06T17:19:01.935925+08:00,803A5CCE13D2E15F5761D62F87B12F0B0C77376A8AD1718647D226A8DD3E20FD,5285,803A5CCE13D2E15F5761D62F87B12F0B0C77376A8AD1718647D226A8DD3E20FD,immutable,MATCH
B20-0059,alternative_lqr_route,能量目录冲突候选:luxvjie_cb_LQR3.mlx,D:\JZ_PhD\10_论文_Papers\Li\RHTS\liangyustability-master\liangyustability-master\能量指标\luxvjie_cb_LQR3.mlx,project/liangyustability-master/能量指标/luxvjie_cb_LQR3.mlx,alternative_lqr_route/能量指标/luxvjie_cb_LQR3.mlx,5267,2026-08-06T17:19:01.955379+08:00,4BC123ED437DD7E632F0638A009D6BFD08649335480B9730DBAAC01691B72689,5267,4BC123ED437DD7E632F0638A009D6BFD08649335480B9730DBAAC01691B72689,immutable,MATCH
B20-0060,alternative_lqr_route,能量目录冲突候选:PDmonicanshu2.m,D:\JZ_PhD\10_论文_Papers\Li\RHTS\liangyustability-master\liangyustability-master\能量指标\PDmonicanshu2.m,project/liangyustability-master/能量指标/PDmonicanshu2.m,alternative_lqr_route/能量指标/PDmonicanshu2.m,5191,2026-08-06T17:19:01.763320+08:00,ADF1C89A4C9443168DCBBBBC5F9AAA1C68CE275C4F49E449C1CBABDEF86FF110,5191,ADF1C89A4C9443168DCBBBBC5F9AAA1C68CE275C4F49E449C1CBABDEF86FF110,immutable,MATCH
B20-0061,alternative_lqr_route,能量目录冲突候选:PDmonicanshu3.m,D:\JZ_PhD\10_论文_Papers\Li\RHTS\liangyustability-master\liangyustability-master\能量指标\PDmonicanshu3.m,project/liangyustability-master/能量指标/PDmonicanshu3.m,alternative_lqr_route/能量指标/PDmonicanshu3.m,5492,2026-08-06T17:19:01.783242+08:00,C35C7BFB19C3A5E98626FF1A07C14481F53973947E2C382EB81BD9642D9CF40E,5492,C35C7BFB19C3A5E98626FF1A07C14481F53973947E2C382EB81BD9642D9CF40E,immutable,MATCH
B20-0062,alternative_lqr_route,能量目录冲突候选:stab_3.mat,D:\JZ_PhD\10_论文_Papers\Li\RHTS\liangyustability-master\liangyustability-master\能量指标\stab_3.mat,project/liangyustability-master/能量指标/stab_3.mat,alternative_lqr_route/能量指标/stab_3.mat,465,2026-08-06T17:19:02.224798+08:00,253245AD4A995FCF5838E8543A9E5D496A4AC5BC5ED3F0C1124D3F2C2C5B71F8,465,253245AD4A995FCF5838E8543A9E5D496A4AC5BC5ED3F0C1124D3F2C2C5B71F8,immutable,MATCH
B20-0063,legacy_stability_candidate,早期Wending候选:Wending3.mlx,D:\JZ_PhD\10_论文_Papers\Li\RHTS\liangyustability-master\liangyustability-master\Wending3.mlx,project/liangyustability-master/Wending3.mlx,legacy_stability_candidate/Wending/Wending3.mlx,117180,2026-08-06T17:18:53.827020+08:00,F682ECAC9AAB02997CFC53166C00C80D2BC38183F561690086229A81C8ACDA53,117180,F682ECAC9AAB02997CFC53166C00C80D2BC38183F561690086229A81C8ACDA53,immutable,MATCH
B20-0064,legacy_stability_candidate,早期Wending候选:Wending4.mlx,D:\JZ_PhD\10_论文_Papers\Li\RHTS\liangyustability-master\liangyustability-master\Wending4.mlx,project/liangyustability-master/Wending4.mlx,legacy_stability_candidate/Wending/Wending4.mlx,17906,2026-08-06T17:18:53.856893+08:00,5399E3A73529FA6D2169F07B017C0CF6FBEE7A09BBB58497A3A4D2431E49418A,17906,5399E3A73529FA6D2169F07B017C0CF6FBEE7A09BBB58497A3A4D2431E49418A,immutable,MATCH
B20-0065,legacy_stability_candidate,早期Wending候选:Wending5_29.mlx,D:\JZ_PhD\10_论文_Papers\Li\RHTS\liangyustability-master\liangyustability-master\Wending5_29.mlx,project/liangyustability-master/Wending5_29.mlx,legacy_stability_candidate/Wending/Wending5_29.mlx,2273426,2026-08-06T17:18:53.912218+08:00,24D0D99A71C1C39AC5ADDFB6A7EC2DE38AFA346718A2BB844AC9B8524B741B99,2273426,24D0D99A71C1C39AC5ADDFB6A7EC2DE38AFA346718A2BB844AC9B8524B741B99,immutable,MATCH
B20-0066,legacy_stability_candidate,早期Wending候选:Wending6_suoju.mlx,D:\JZ_PhD\10_论文_Papers\Li\RHTS\liangyustability-master\liangyustability-master\Wending6_suoju.mlx,project/liangyustability-master/Wending6_suoju.mlx,legacy_stability_candidate/Wending/Wending6_suoju.mlx,37516,2026-08-06T17:18:53.936738+08:00,0C3BD44723997E08BD710E1DF250FAD2F9B86914D3AE3E46716CCE368FEC4F70,37516,0C3BD44723997E08BD710E1DF250FAD2F9B86914D3AE3E46716CCE368FEC4F70,immutable,MATCH
B20-0067,legacy_stability_candidate,早期Wending候选:Wending7.mlx,D:\JZ_PhD\10_论文_Papers\Li\RHTS\liangyustability-master\liangyustability-master\Wending7.mlx,project/liangyustability-master/Wending7.mlx,legacy_stability_candidate/Wending/Wending7.mlx,82707,2026-08-06T17:18:53.957059+08:00,29BBECBD9EF68851748AB9D2E7ED717B9B8065B5AD02B0BB98FC5638F148DD26,82707,29BBECBD9EF68851748AB9D2E7ED717B9B8065B5AD02B0BB98FC5638F148DD26,immutable,MATCH
B20-0068,legacy_stability_candidate,早期Wending候选:Wending8.mlx,D:\JZ_PhD\10_论文_Papers\Li\RHTS\liangyustability-master\liangyustability-master\Wending8.mlx,project/liangyustability-master/Wending8.mlx,legacy_stability_candidate/Wending/Wending8.mlx,177159,2026-08-06T17:18:53.982757+08:00,E84052CE630DA435965868343A6D676A04A3ABB653AEDFDAF9F94CBE46AD1611,177159,E84052CE630DA435965868343A6D676A04A3ABB653AEDFDAF9F94CBE46AD1611,immutable,MATCH
B20-0069,legacy_stability_candidate,历史稳定候选:稳定性分析:benchmarkstability.mat,D:\JZ_PhD\10_论文_Papers\Li\RHTS\liangyustability-master\liangyustability-master\稳定性分析\benchmarkstability.mat,project/liangyustability-master/稳定性分析/benchmarkstability.mat,legacy_stability_candidate/稳定性分析/benchmarkstability.mat,4175,2026-08-06T17:19:00.385350+08:00,F73EA8156746FCFE1FDC53D0F5B647058C410C927D582D1622C5A3DB1252BD93,4175,F73EA8156746FCFE1FDC53D0F5B647058C410C927D582D1622C5A3DB1252BD93,immutable,MATCH
B20-0070,legacy_stability_candidate,历史稳定候选:稳定性分析:ly1_umerical_liangyu.mlx,D:\JZ_PhD\10_论文_Papers\Li\RHTS\liangyustability-master\liangyustability-master\稳定性分析\ly1_umerical_liangyu.mlx,project/liangyustability-master/稳定性分析/ly1_umerical_liangyu.mlx,legacy_stability_candidate/稳定性分析/ly1_umerical_liangyu.mlx,23678,2026-08-06T17:19:00.404094+08:00,64AD79AE20F87C78BA91A4FC285978915FFA650335D359766847A56360518264,23678,64AD79AE20F87C78BA91A4FC285978915FFA650335D359766847A56360518264,immutable,MATCH
B20-0071,legacy_stability_candidate,历史稳定候选:稳定性分析:ly2_coordinate.mlx,D:\JZ_PhD\10_论文_Papers\Li\RHTS\liangyustability-master\liangyustability-master\稳定性分析\ly2_coordinate.mlx,project/liangyustability-master/稳定性分析/ly2_coordinate.mlx,legacy_stability_candidate/稳定性分析/ly2_coordinate.mlx,3514,2026-08-06T17:19:00.420926+08:00,5C9CADB1ADD4A2A69667E6B2366612A383FBF2FE1BBA69D5619C858B91910787,3514,5C9CADB1ADD4A2A69667E6B2366612A383FBF2FE1BBA69D5619C858B91910787,immutable,MATCH
B20-0072,legacy_stability_candidate,历史稳定候选:稳定性分析:ly3_control.mlx,D:\JZ_PhD\10_论文_Papers\Li\RHTS\liangyustability-master\liangyustability-master\稳定性分析\ly3_control.mlx,project/liangyustability-master/稳定性分析/ly3_control.mlx,legacy_stability_candidate/稳定性分析/ly3_control.mlx,19878,2026-08-06T17:19:00.447663+08:00,49416F585738A4DEC71D3FE485A46C30AF3A19C1A5229ABFC53C738F17FDF6FD,19878,49416F585738A4DEC71D3FE485A46C30AF3A19C1A5229ABFC53C738F17FDF6FD,immutable,MATCH
B20-0073,legacy_stability_candidate,历史稳定候选:稳定性分析:ly4_feedbackforce.mlx,D:\JZ_PhD\10_论文_Papers\Li\RHTS\liangyustability-master\liangyustability-master\稳定性分析\ly4_feedbackforce.mlx,project/liangyustability-master/稳定性分析/ly4_feedbackforce.mlx,legacy_stability_candidate/稳定性分析/ly4_feedbackforce.mlx,38386,2026-08-06T17:19:00.479719+08:00,E91A651C127F9EF1D4DBA8CA8F99BE7450CC684D95B02948058EBA797676AF3F,38386,E91A651C127F9EF1D4DBA8CA8F99BE7450CC684D95B02948058EBA797676AF3F,immutable,MATCH
B20-0074,legacy_stability_candidate,历史稳定候选:稳定性分析:ly5_zuzhuang.mlx,D:\JZ_PhD\10_论文_Papers\Li\RHTS\liangyustability-master\liangyustability-master\稳定性分析\ly5_zuzhuang.mlx,project/liangyustability-master/稳定性分析/ly5_zuzhuang.mlx,legacy_stability_candidate/稳定性分析/ly5_zuzhuang.mlx,132290,2026-08-06T17:19:00.514147+08:00,37EF01ADD33C89E2A45E7071FBCDB6DC300355C76B778E844C4F35E9673DFF64,132290,37EF01ADD33C89E2A45E7071FBCDB6DC300355C76B778E844C4F35E9673DFF64,immutable,MATCH
B20-0075,legacy_stability_candidate,历史稳定候选:稳定性分析:Model_vmaRHTS_R2019b_statespace_2.slx,D:\JZ_PhD\10_论文_Papers\Li\RHTS\liangyustability-master\liangyustability-master\稳定性分析\Model_vmaRHTS_R2019b_statespace_2.slx,project/liangyustability-master/稳定性分析/Model_vmaRHTS_R2019b_statespace_2.slx,legacy_stability_candidate/稳定性分析/Model_vmaRHTS_R2019b_statespace_2.slx,97291,2026-08-06T17:19:00.372769+08:00,2BDF2D5FB55E099AAE0E5709842FCCBCE21025CB9FB179F7D19EC8BDC7A66AE0,97291,2BDF2D5FB55E099AAE0E5709842FCCBCE21025CB9FB179F7D19EC8BDC7A66AE0,immutable,MATCH
B20-0076,legacy_stability_candidate,历史稳定候选:稳定性分析:stabilitycanshu.mat,D:\JZ_PhD\10_论文_Papers\Li\RHTS\liangyustability-master\liangyustability-master\稳定性分析\stabilitycanshu.mat,project/liangyustability-master/稳定性分析/stabilitycanshu.mat,legacy_stability_candidate/稳定性分析/stabilitycanshu.mat,20134982,2026-08-06T17:19:00.822578+08:00,7DEE854DFCE3BF796FF06F5589DCB71A05DBB204B518BF2DEB665C4833F9DCEE,20134982,7DEE854DFCE3BF796FF06F5589DCB71A05DBB204B518BF2DEB665C4833F9DCEE,immutable,MATCH
B20-0077,legacy_stability_candidate,历史稳定候选:稳定性分析:多时值稳定分析(2).docx,D:\JZ_PhD\10_论文_Papers\Li\RHTS\liangyustability-master\liangyustability-master\稳定性分析\多时值稳定分析(2).docx,project/liangyustability-master/稳定性分析/多时值稳定分析(2).docx,legacy_stability_candidate/稳定性分析/多时值稳定分析(2).docx,1152581,2026-08-06T17:19:00.857958+08:00,F1355967B914995ACDA79A8AAD36C4B7FDE41FEB441D25F0570DD766619739C8,1152581,F1355967B914995ACDA79A8AAD36C4B7FDE41FEB441D25F0570DD766619739C8,immutable,MATCH
B20-0078,legacy_stability_candidate,历史稳定候选:稳定性分析_matlab辅助代码:Copy_of_Model_vmaRHTS_R2019b.slx,D:\JZ_PhD\10_论文_Papers\Li\RHTS\liangyustability-master\liangyustability-master\稳定性分析_matlab辅助代码\Copy_of_Model_vmaRHTS_R2019b.slx,project/liangyustability-master/稳定性分析_matlab辅助代码/Copy_of_Model_vmaRHTS_R2019b.slx,legacy_stability_candidate/稳定性分析_matlab辅助代码/Copy_of_Model_vmaRHTS_R2019b.slx,120065,2026-08-06T17:19:00.901151+08:00,DB16EAB5E75C62BCB43D654382E8DAF276F6E28466E63EA7DD2334AE22B931FE,120065,DB16EAB5E75C62BCB43D654382E8DAF276F6E28466E63EA7DD2334AE22B931FE,immutable,MATCH
B20-0079,legacy_stability_candidate,历史稳定候选:稳定性分析_matlab辅助代码:jingliningju.m,D:\JZ_PhD\10_论文_Papers\Li\RHTS\liangyustability-master\liangyustability-master\稳定性分析_matlab辅助代码\jingliningju.m,project/liangyustability-master/稳定性分析_matlab辅助代码/jingliningju.m,legacy_stability_candidate/稳定性分析_matlab辅助代码/jingliningju.m,7458,2026-08-06T17:19:00.941875+08:00,95955FBE8D9F91CC01D1B5E2B986459F033C8CB40D4217D8DE126D5CD29AF4D4,7458,95955FBE8D9F91CC01D1B5E2B986459F033C8CB40D4217D8DE126D5CD29AF4D4,immutable,MATCH
B20-0080,legacy_stability_candidate,历史稳定候选:稳定性分析_matlab辅助代码:jingliningju2.m,D:\JZ_PhD\10_论文_Papers\Li\RHTS\liangyustability-master\liangyustability-master\稳定性分析_matlab辅助代码\jingliningju2.m,project/liangyustability-master/稳定性分析_matlab辅助代码/jingliningju2.m,legacy_stability_candidate/稳定性分析_matlab辅助代码/jingliningju2.m,7360,2026-08-06T17:19:00.967979+08:00,CC38C1AD8C95297620C0F4F4F7ABB27968CF183689B644115B835FD61C0AD55C,7360,CC38C1AD8C95297620C0F4F4F7ABB27968CF183689B644115B835FD61C0AD55C,immutable,MATCH
B20-0081,legacy_stability_candidate,历史稳定候选:稳定性分析_matlab辅助代码:Model_vmaRHTS_R2019b_mu1mu22.slx,D:\JZ_PhD\10_论文_Papers\Li\RHTS\liangyustability-master\liangyustability-master\稳定性分析_matlab辅助代码\Model_vmaRHTS_R2019b_mu1mu22.slx,project/liangyustability-master/稳定性分析_matlab辅助代码/Model_vmaRHTS_R2019b_mu1mu22.slx,legacy_stability_candidate/稳定性分析_matlab辅助代码/Model_vmaRHTS_R2019b_mu1mu22.slx,106987,2026-08-06T17:19:00.919705+08:00,5886743CF30C34909ECB667AF5DA30283AEA9B0FC510E81B125926F165EC6A33,106987,5886743CF30C34909ECB667AF5DA30283AEA9B0FC510E81B125926F165EC6A33,immutable,MATCH
B20-0082,legacy_stability_candidate,历史稳定候选:稳定性分析_matlab辅助代码:motai2.m,D:\JZ_PhD\10_论文_Papers\Li\RHTS\liangyustability-master\liangyustability-master\稳定性分析_matlab辅助代码\motai2.m,project/liangyustability-master/稳定性分析_matlab辅助代码/motai2.m,legacy_stability_candidate/稳定性分析_matlab辅助代码/motai2.m,770,2026-08-06T17:19:00.993100+08:00,3C85B167E5FF4B7223EB866F35F15FD58E06FC0DF0929C7AC2DF2696C4DCFEF9,770,3C85B167E5FF4B7223EB866F35F15FD58E06FC0DF0929C7AC2DF2696C4DCFEF9,immutable,MATCH
B20-0083,legacy_stability_candidate,历史稳定候选:稳定性分析_matlab辅助代码:数值子结构.m,D:\JZ_PhD\10_论文_Papers\Li\RHTS\liangyustability-master\liangyustability-master\稳定性分析_matlab辅助代码\数值子结构.m,project/liangyustability-master/稳定性分析_matlab辅助代码/数值子结构.m,legacy_stability_candidate/稳定性分析_matlab辅助代码/数值子结构.m,2840,2026-08-06T17:19:01.015739+08:00,1CCC70E03036557E6BF827D7D5B286409B853B1450B95455B4700B9A4E345152,2840,1CCC70E03036557E6BF827D7D5B286409B853B1450B95455B4700B9A4E345152,immutable,MATCH
B20-0084,legacy_stability_candidate,历史稳定候选:稳定性分析_matlab辅助代码:整体结构.m,D:\JZ_PhD\10_论文_Papers\Li\RHTS\liangyustability-master\liangyustability-master\稳定性分析_matlab辅助代码\整体结构.m,project/liangyustability-master/稳定性分析_matlab辅助代码/整体结构.m,legacy_stability_candidate/稳定性分析_matlab辅助代码/整体结构.m,1666,2026-08-06T17:19:01.040694+08:00,06E9F35875EA1085DA2F43C85C501C6BB3D8E35DEBCAAE01FE530D74EDC1DB94,1666,06E9F35875EA1085DA2F43C85C501C6BB3D8E35DEBCAAE01FE530D74EDC1DB94,immutable,MATCH
B20-0085,legacy_stability_candidate,历史稳定候选:稳定性分析_matlab辅助代码:整理.mlx,D:\JZ_PhD\10_论文_Papers\Li\RHTS\liangyustability-master\liangyustability-master\稳定性分析_matlab辅助代码\整理.mlx,project/liangyustability-master/稳定性分析_matlab辅助代码/整理.mlx,legacy_stability_candidate/稳定性分析_matlab辅助代码/整理.mlx,4428,2026-08-06T17:19:01.069077+08:00,83FC05E344D2A9D9A79AA80369A6A8A64BB526E292382A7FD7B18CC9627D3E48,4428,83FC05E344D2A9D9A79AA80369A6A8A64BB526E292382A7FD7B18CC9627D3E48,immutable,MATCH
B20-0086,legacy_stability_candidate,历史稳定候选:稳定性分析_matlab辅助代码:整理2.mlx,D:\JZ_PhD\10_论文_Papers\Li\RHTS\liangyustability-master\liangyustability-master\稳定性分析_matlab辅助代码\整理2.mlx,project/liangyustability-master/稳定性分析_matlab辅助代码/整理2.mlx,legacy_stability_candidate/稳定性分析_matlab辅助代码/整理2.mlx,7635,2026-08-06T17:19:01.095305+08:00,8537946EC75FB640F68545E17CAC3E3F1D093BDC1CF4B4427FA165603B55427B,7635,8537946EC75FB640F68545E17CAC3E3F1D093BDC1CF4B4427FA165603B55427B,immutable,MATCH
B20-0087,legacy_stability_candidate,历史稳定候选:稳定性分析_matlab辅助代码:整理3.mlx,D:\JZ_PhD\10_论文_Papers\Li\RHTS\liangyustability-master\liangyustability-master\稳定性分析_matlab辅助代码\整理3.mlx,project/liangyustability-master/稳定性分析_matlab辅助代码/整理3.mlx,legacy_stability_candidate/稳定性分析_matlab辅助代码/整理3.mlx,22032,2026-08-06T17:19:01.121520+08:00,3CE382D3CE0031D40AB8B6702A6D5386F645974B2965F647815A689133265D42,22032,3CE382D3CE0031D40AB8B6702A6D5386F645974B2965F647815A689133265D42,immutable,MATCH
B20-0088,legacy_stability_candidate,历史稳定候选:稳定性分析_matlab辅助代码:物理子结构.m,D:\JZ_PhD\10_论文_Papers\Li\RHTS\liangyustability-master\liangyustability-master\稳定性分析_matlab辅助代码\物理子结构.m,project/liangyustability-master/稳定性分析_matlab辅助代码/物理子结构.m,legacy_stability_candidate/稳定性分析_matlab辅助代码/物理子结构.m,2471,2026-08-06T17:19:01.147670+08:00,659A78CEA9A9BE32E26A80EEFC805F0ADD94A52922B42F54A0AB29D48EB0A01C,2471,659A78CEA9A9BE32E26A80EEFC805F0ADD94A52922B42F54A0AB29D48EB0A01C,immutable,MATCH
B20-0089,legacy_stability_candidate,历史稳定候选:稳定性分析_matlab辅助代码:静力凝聚.m,D:\JZ_PhD\10_论文_Papers\Li\RHTS\liangyustability-master\liangyustability-master\稳定性分析_matlab辅助代码\静力凝聚.m,project/liangyustability-master/稳定性分析_matlab辅助代码/静力凝聚.m,legacy_stability_candidate/稳定性分析_matlab辅助代码/静力凝聚.m,7438,2026-08-06T17:19:01.173774+08:00,383C011DEFAA4B99A082338EA8F097E97A96540BF7794425787A934B3D406C9D,7438,383C011DEFAA4B99A082338EA8F097E97A96540BF7794425787A934B3D406C9D,immutable,MATCH
B20-0090,legacy_stability_candidate,历史稳定候选:simulink模型修改:Ground_motions/ElCentroAccelNoScaling.mat,D:\JZ_PhD\10_论文_Papers\Li\RHTS\liangyustability-master\liangyustability-master\simulink模型修改\Ground_motions\ElCentroAccelNoScaling.mat,project/liangyustability-master/simulink模型修改/Ground_motions/ElCentroAccelNoScaling.mat,legacy_stability_candidate/simulink模型修改/Ground_motions/ElCentroAccelNoScaling.mat,19247,2026-08-06T17:18:55.586973+08:00,BEBBF17A168A213537FDA430E3CD8DD644E08994CED5290C7E5B294FCEB081CC,19247,BEBBF17A168A213537FDA430E3CD8DD644E08994CED5290C7E5B294FCEB081CC,immutable,MATCH
B20-0091,legacy_stability_candidate,历史稳定候选:simulink模型修改:Ground_motions/KobeAccelNoScaling.mat,D:\JZ_PhD\10_论文_Papers\Li\RHTS\liangyustability-master\liangyustability-master\simulink模型修改\Ground_motions\KobeAccelNoScaling.mat,project/liangyustability-master/simulink模型修改/Ground_motions/KobeAccelNoScaling.mat,legacy_stability_candidate/simulink模型修改/Ground_motions/KobeAccelNoScaling.mat,49196,2026-08-06T17:18:55.610285+08:00,39BA229FC98C0C7227E35F69E5611E31EE1BAABFFDAC2B6872782746A4577BE0,49196,39BA229FC98C0C7227E35F69E5611E31EE1BAABFFDAC2B6872782746A4577BE0,immutable,MATCH
B20-0092,legacy_stability_candidate,历史稳定候选:simulink模型修改:Ground_motions/MorganAccelNoScaling.mat,D:\JZ_PhD\10_论文_Papers\Li\RHTS\liangyustability-master\liangyustability-master\simulink模型修改\Ground_motions\MorganAccelNoScaling.mat,project/liangyustability-master/simulink模型修改/Ground_motions/MorganAccelNoScaling.mat,legacy_stability_candidate/simulink模型修改/Ground_motions/MorganAccelNoScaling.mat,73847,2026-08-06T17:18:55.633096+08:00,EE7CBE9956DCEB1392F60090800AEA516F1FD582B76C61710489C74E74AC1774,73847,EE7CBE9956DCEB1392F60090800AEA516F1FD582B76C61710489C74E74AC1774,immutable,MATCH
B20-0093,legacy_stability_candidate,历史稳定候选:simulink模型修改:Model_vmaRHTS_R2019b_statespace.slx,D:\JZ_PhD\10_论文_Papers\Li\RHTS\liangyustability-master\liangyustability-master\simulink模型修改\Model_vmaRHTS_R2019b_statespace.slx,project/liangyustability-master/simulink模型修改/Model_vmaRHTS_R2019b_statespace.slx,legacy_stability_candidate/simulink模型修改/Model_vmaRHTS_R2019b_statespace.slx,100354,2026-08-06T17:18:55.456947+08:00,711FFE36B62D04833FFB4C1FAC8FD21DA6076F3AAC726ACDEDEBACAB37D60168,100354,711FFE36B62D04833FFB4C1FAC8FD21DA6076F3AAC726ACDEDEBACAB37D60168,immutable,MATCH
B20-0094,legacy_stability_candidate,历史稳定候选:simulink模型修改:Wending10.mlx,D:\JZ_PhD\10_论文_Papers\Li\RHTS\liangyustability-master\liangyustability-master\simulink模型修改\Wending10.mlx,project/liangyustability-master/simulink模型修改/Wending10.mlx,legacy_stability_candidate/simulink模型修改/Wending10.mlx,5190,2026-08-06T17:18:55.479888+08:00,28C86D2CBE16EBDAD34340B3549F2005E39FAB539EEC20209CB4AA30DA691969,5190,28C86D2CBE16EBDAD34340B3549F2005E39FAB539EEC20209CB4AA30DA691969,immutable,MATCH
B20-0095,legacy_stability_candidate,历史稳定候选:simulink模型修改:Wending13_statespace.mlx,D:\JZ_PhD\10_论文_Papers\Li\RHTS\liangyustability-master\liangyustability-master\simulink模型修改\Wending13_statespace.mlx,project/liangyustability-master/simulink模型修改/Wending13_statespace.mlx,legacy_stability_candidate/simulink模型修改/Wending13_statespace.mlx,5580,2026-08-06T17:18:55.506835+08:00,4E064FD3F70324BE83C8C5490DF4EEDA7958587F3C7DE4E3550EFB8AC7F6BFA8,5580,4E064FD3F70324BE83C8C5490DF4EEDA7958587F3C7DE4E3550EFB8AC7F6BFA8,immutable,MATCH
B20-0096,legacy_stability_candidate,历史稳定候选:simulink模型修改:Wending14.mlx,D:\JZ_PhD\10_论文_Papers\Li\RHTS\liangyustability-master\liangyustability-master\simulink模型修改\Wending14.mlx,project/liangyustability-master/simulink模型修改/Wending14.mlx,legacy_stability_candidate/simulink模型修改/Wending14.mlx,32245,2026-08-06T17:18:55.532962+08:00,859A24E8E2005D908971F7D4492A6777AE5B06D7A3200AAE39C8EE417403F093,32245,859A24E8E2005D908971F7D4492A6777AE5B06D7A3200AAE39C8EE417403F093,immutable,MATCH
B20-0097,legacy_stability_candidate,历史稳定候选:simulink模型修改:Wending15_statespace.mlx,D:\JZ_PhD\10_论文_Papers\Li\RHTS\liangyustability-master\liangyustability-master\simulink模型修改\Wending15_statespace.mlx,project/liangyustability-master/simulink模型修改/Wending15_statespace.mlx,legacy_stability_candidate/simulink模型修改/Wending15_statespace.mlx,6163,2026-08-06T17:18:55.553747+08:00,CC5FC930452FC888B50F863D6F53545456631601FCCEE4FFB925E0EE7A96A1A2,6163,CC5FC930452FC888B50F863D6F53545456631601FCCEE4FFB925E0EE7A96A1A2,immutable,MATCH
B20-0098,legacy_stability_candidate,历史稳定候选:鲁旭杰方法复现:EQ.mat,D:\JZ_PhD\10_论文_Papers\Li\RHTS\liangyustability-master\liangyustability-master\新结构稳定\鲁旭杰方法复现\EQ.mat,project/liangyustability-master/新结构稳定/鲁旭杰方法复现/EQ.mat,legacy_stability_candidate/鲁旭杰方法复现/EQ.mat,19354,2026-08-06T17:19:00.137086+08:00,F0292EF78E5B3FA585931F382BDFBF325FBC2E79DDA55ED4FC97568A3344F9C9,19354,F0292EF78E5B3FA585931F382BDFBF325FBC2E79DDA55ED4FC97568A3344F9C9,immutable,MATCH
B20-0099,legacy_stability_candidate,历史稳定候选:鲁旭杰方法复现:guyan_PD.mat,D:\JZ_PhD\10_论文_Papers\Li\RHTS\liangyustability-master\liangyustability-master\新结构稳定\鲁旭杰方法复现\guyan_PD.mat,project/liangyustability-master/新结构稳定/鲁旭杰方法复现/guyan_PD.mat,legacy_stability_candidate/鲁旭杰方法复现/guyan_PD.mat,4663,2026-08-06T17:19:00.220976+08:00,EE0181AB8CB38FF723F6C4B64609B7530400025655DC1252BA33CC76F405C9A0,4663,EE0181AB8CB38FF723F6C4B64609B7530400025655DC1252BA33CC76F405C9A0,immutable,MATCH
B20-0100,legacy_stability_candidate,历史稳定候选:鲁旭杰方法复现:huitu.m,D:\JZ_PhD\10_论文_Papers\Li\RHTS\liangyustability-master\liangyustability-master\新结构稳定\鲁旭杰方法复现\huitu.m,project/liangyustability-master/新结构稳定/鲁旭杰方法复现/huitu.m,legacy_stability_candidate/鲁旭杰方法复现/huitu.m,596,2026-08-06T17:19:00.254338+08:00,8E810A525B82FF840D023FEA4FD82B85D7878250E739DE75606A75794FCD579C,596,8E810A525B82FF840D023FEA4FD82B85D7878250E739DE75606A75794FCD579C,immutable,MATCH
B20-0101,legacy_stability_candidate,历史稳定候选:鲁旭杰方法复现:luxvjie_guyan_PD.mlx,D:\JZ_PhD\10_论文_Papers\Li\RHTS\liangyustability-master\liangyustability-master\新结构稳定\鲁旭杰方法复现\luxvjie_guyan_PD.mlx,project/liangyustability-master/新结构稳定/鲁旭杰方法复现/luxvjie_guyan_PD.mlx,legacy_stability_candidate/鲁旭杰方法复现/luxvjie_guyan_PD.mlx,22859,2026-08-06T17:19:00.282541+08:00,168F4462C921DC7A6DABF7D1055577013B23C0031F33BC5423C43CC78D01D042,22859,168F4462C921DC7A6DABF7D1055577013B23C0031F33BC5423C43CC78D01D042,immutable,MATCH
B20-0102,legacy_stability_candidate,历史稳定候选:鲁旭杰方法复现:lvxvjie_guyan.slx,D:\JZ_PhD\10_论文_Papers\Li\RHTS\liangyustability-master\liangyustability-master\新结构稳定\鲁旭杰方法复现\lvxvjie_guyan.slx,project/liangyustability-master/新结构稳定/鲁旭杰方法复现/lvxvjie_guyan.slx,legacy_stability_candidate/鲁旭杰方法复现/lvxvjie_guyan.slx,63586,2026-08-06T17:19:00.310305+08:00,854927D3E961A615178ACBFD0E3F136C25E7E7145D678FD10ED97D5734EBE724,63586,854927D3E961A615178ACBFD0E3F136C25E7E7145D678FD10ED97D5734EBE724,immutable,MATCH
B20-0103,legacy_stability_candidate,历史稳定候选:鲁旭杰方法复现:PDcontrol.m,D:\JZ_PhD\10_论文_Papers\Li\RHTS\liangyustability-master\liangyustability-master\新结构稳定\鲁旭杰方法复现\PDcontrol.m,project/liangyustability-master/新结构稳定/鲁旭杰方法复现/PDcontrol.m,legacy_stability_candidate/鲁旭杰方法复现/PDcontrol.m,1224,2026-08-06T17:19:00.171147+08:00,94EE58B57FD85D6D5B093C0B9D246FC97A3439D7D965271BA4494477ED28BB27,1224,94EE58B57FD85D6D5B093C0B9D246FC97A3439D7D965271BA4494477ED28BB27,immutable,MATCH
B20-0104,legacy_stability_candidate,历史稳定候选:鲁旭杰方法复现:PDmonicanshu.m,D:\JZ_PhD\10_论文_Papers\Li\RHTS\liangyustability-master\liangyustability-master\新结构稳定\鲁旭杰方法复现\PDmonicanshu.m,project/liangyustability-master/新结构稳定/鲁旭杰方法复现/PDmonicanshu.m,legacy_stability_candidate/鲁旭杰方法复现/PDmonicanshu.m,7637,2026-08-06T17:19:00.205339+08:00,0B14F6A8B5982D6A333EA73EB1848F1BA558BF1D0AAB644112BCB51FA8AD0E3F,7637,0B14F6A8B5982D6A333EA73EB1848F1BA558BF1D0AAB644112BCB51FA8AD0E3F,immutable,MATCH
B20-0105,legacy_stability_candidate,历史稳定候选:鲁旭杰方法复现:phy.m,D:\JZ_PhD\10_论文_Papers\Li\RHTS\liangyustability-master\liangyustability-master\新结构稳定\鲁旭杰方法复现\phy.m,project/liangyustability-master/新结构稳定/鲁旭杰方法复现/phy.m,legacy_stability_candidate/鲁旭杰方法复现/phy.m,3145,2026-08-06T17:19:00.342938+08:00,643C2922BF3EF1BCBBE923998F3BD572671C15935E95AB00B8EC49A55674539E,3145,643C2922BF3EF1BCBBE923998F3BD572671C15935E95AB00B8EC49A55674539E,immutable,MATCH
B20-0106,plotting_baseline,既有第四章绘图级基线:PDF结果/图4-1_含时滞RTHS闭环控制系统.pdf,D:\JZ_PhD\10_论文_Papers\Li\RHTS\liangyustability-master\figure\第4章_缩聚对试验稳定性的影响\PDF结果\图4-1_含时滞RTHS闭环控制系统.pdf,project/figure/第4章_缩聚对试验稳定性的影响/PDF结果/图4-1_含时滞RTHS闭环控制系统.pdf,plotting_baseline/第4章_缩聚对试验稳定性的影响/PDF结果/图4-1_含时滞RTHS闭环控制系统.pdf,197257,2026-08-13T15:34:27.405997+08:00,5891ABF7BF8705F9F4819CF85CC773F40DC0FC38311FA2C844751894BA0B0AF3,197257,5891ABF7BF8705F9F4819CF85CC773F40DC0FC38311FA2C844751894BA0B0AF3,immutable,MATCH
B20-0107,plotting_baseline,既有第四章绘图级基线:PDF结果/图4-2_s域与z域极点映射.pdf,D:\JZ_PhD\10_论文_Papers\Li\RHTS\liangyustability-master\figure\第4章_缩聚对试验稳定性的影响\PDF结果\图4-2_s域与z域极点映射.pdf,project/figure/第4章_缩聚对试验稳定性的影响/PDF结果/图4-2_s域与z域极点映射.pdf,plotting_baseline/第4章_缩聚对试验稳定性的影响/PDF结果/图4-2_s域与z域极点映射.pdf,227746,2026-08-13T15:34:27.939095+08:00,072A51055E97B9D2109EB682B78FE64F5120FB30B7E18A79FECC710AF4826727,227746,072A51055E97B9D2109EB682B78FE64F5120FB30B7E18A79FECC710AF4826727,immutable,MATCH
B20-0108,plotting_baseline,既有第四章绘图级基线:PDF结果/图4-3_多层框架RTHS子结构耦合.pdf,D:\JZ_PhD\10_论文_Papers\Li\RHTS\liangyustability-master\figure\第4章_缩聚对试验稳定性的影响\PDF结果\图4-3_多层框架RTHS子结构耦合.pdf,project/figure/第4章_缩聚对试验稳定性的影响/PDF结果/图4-3_多层框架RTHS子结构耦合.pdf,plotting_baseline/第4章_缩聚对试验稳定性的影响/PDF结果/图4-3_多层框架RTHS子结构耦合.pdf,168884,2026-08-13T15:34:28.728266+08:00,BF7F738861BCE8F4C2BAC4B649D666D62BB1262FA41ACDE51497BCB03D0DB162,168884,BF7F738861BCE8F4C2BAC4B649D666D62BB1262FA41ACDE51497BCB03D0DB162,immutable,MATCH
B20-0109,plotting_baseline,既有第四章绘图级基线:PDF结果/图4-4_第一类子结构划分稳定域.pdf,D:\JZ_PhD\10_论文_Papers\Li\RHTS\liangyustability-master\figure\第4章_缩聚对试验稳定性的影响\PDF结果\图4-4_第一类子结构划分稳定域.pdf,project/figure/第4章_缩聚对试验稳定性的影响/PDF结果/图4-4_第一类子结构划分稳定域.pdf,plotting_baseline/第4章_缩聚对试验稳定性的影响/PDF结果/图4-4_第一类子结构划分稳定域.pdf,102658,2026-08-13T15:34:29.556508+08:00,6234A98AAD0075310BC8B99E76F3D5CE5CC6E59A0CCC0D5C9059D35AB0CFD6A2,102658,6234A98AAD0075310BC8B99E76F3D5CE5CC6E59A0CCC0D5C9059D35AB0CFD6A2,immutable,MATCH
B20-0110,plotting_baseline,既有第四章绘图级基线:PDF结果/图4-5_第二类子结构划分稳定域.pdf,D:\JZ_PhD\10_论文_Papers\Li\RHTS\liangyustability-master\figure\第4章_缩聚对试验稳定性的影响\PDF结果\图4-5_第二类子结构划分稳定域.pdf,project/figure/第4章_缩聚对试验稳定性的影响/PDF结果/图4-5_第二类子结构划分稳定域.pdf,plotting_baseline/第4章_缩聚对试验稳定性的影响/PDF结果/图4-5_第二类子结构划分稳定域.pdf,102669,2026-08-13T15:34:30.569165+08:00,52D099AAE6FBD97993DDC71631B8CC51CA231E1E388821189551C2675FC2378B,102669,52D099AAE6FBD97993DDC71631B8CC51CA231E1E388821189551C2675FC2378B,immutable,MATCH
B20-0111,plotting_baseline,既有第四章绘图级基线:PNG结果/图4-1_含时滞RTHS闭环控制系统.png,D:\JZ_PhD\10_论文_Papers\Li\RHTS\liangyustability-master\figure\第4章_缩聚对试验稳定性的影响\PNG结果\图4-1_含时滞RTHS闭环控制系统.png,project/figure/第4章_缩聚对试验稳定性的影响/PNG结果/图4-1_含时滞RTHS闭环控制系统.png,plotting_baseline/第4章_缩聚对试验稳定性的影响/PNG结果/图4-1_含时滞RTHS闭环控制系统.png,139261,2026-08-13T15:34:27.675301+08:00,1F35AD27A6F4971CD07012C178A3E726CF0A2F720FE0DFDE91305A0B8197BCE2,139261,1F35AD27A6F4971CD07012C178A3E726CF0A2F720FE0DFDE91305A0B8197BCE2,immutable,MATCH
B20-0112,plotting_baseline,既有第四章绘图级基线:PNG结果/图4-2_s域与z域极点映射.png,D:\JZ_PhD\10_论文_Papers\Li\RHTS\liangyustability-master\figure\第4章_缩聚对试验稳定性的影响\PNG结果\图4-2_s域与z域极点映射.png,project/figure/第4章_缩聚对试验稳定性的影响/PNG结果/图4-2_s域与z域极点映射.png,plotting_baseline/第4章_缩聚对试验稳定性的影响/PNG结果/图4-2_s域与z域极点映射.png,168664,2026-08-13T15:34:28.359800+08:00,7CF38D7EAF5C1C6D1757071D170D083D9555EB0185585B3280CEB73CDDA0AE5A,168664,7CF38D7EAF5C1C6D1757071D170D083D9555EB0185585B3280CEB73CDDA0AE5A,immutable,MATCH
B20-0113,plotting_baseline,既有第四章绘图级基线:PNG结果/图4-3_多层框架RTHS子结构耦合.png,D:\JZ_PhD\10_论文_Papers\Li\RHTS\liangyustability-master\figure\第4章_缩聚对试验稳定性的影响\PNG结果\图4-3_多层框架RTHS子结构耦合.png,project/figure/第4章_缩聚对试验稳定性的影响/PNG结果/图4-3_多层框架RTHS子结构耦合.png,plotting_baseline/第4章_缩聚对试验稳定性的影响/PNG结果/图4-3_多层框架RTHS子结构耦合.png,255009,2026-08-13T15:34:29.250268+08:00,D564E46FACE9FE814F5D8B31F90ABA9E2A1719AF91901230D76E082C67B5E2DD,255009,D564E46FACE9FE814F5D8B31F90ABA9E2A1719AF91901230D76E082C67B5E2DD,immutable,MATCH
B20-0114,plotting_baseline,既有第四章绘图级基线:PNG结果/图4-4_第一类子结构划分稳定域.png,D:\JZ_PhD\10_论文_Papers\Li\RHTS\liangyustability-master\figure\第4章_缩聚对试验稳定性的影响\PNG结果\图4-4_第一类子结构划分稳定域.png,project/figure/第4章_缩聚对试验稳定性的影响/PNG结果/图4-4_第一类子结构划分稳定域.png,plotting_baseline/第4章_缩聚对试验稳定性的影响/PNG结果/图4-4_第一类子结构划分稳定域.png,136681,2026-08-13T15:34:30.104570+08:00,2B3E2C59F4B82C7C91488F86620D6A99F72DA04FF1C0B9085B6F06932D7C81B8,136681,2B3E2C59F4B82C7C91488F86620D6A99F72DA04FF1C0B9085B6F06932D7C81B8,immutable,MATCH
B20-0115,plotting_baseline,既有第四章绘图级基线:PNG结果/图4-5_第二类子结构划分稳定域.png,D:\JZ_PhD\10_论文_Papers\Li\RHTS\liangyustability-master\figure\第4章_缩聚对试验稳定性的影响\PNG结果\图4-5_第二类子结构划分稳定域.png,project/figure/第4章_缩聚对试验稳定性的影响/PNG结果/图4-5_第二类子结构划分稳定域.png,plotting_baseline/第4章_缩聚对试验稳定性的影响/PNG结果/图4-5_第二类子结构划分稳定域.png,141009,2026-08-13T15:34:31.148232+08:00,DD221BF3FD8DF8EC71035B08F347938273A9EBDA22B8C8A3178D826856FDB744,141009,DD221BF3FD8DF8EC71035B08F347938273A9EBDA22B8C8A3178D826856FDB744,immutable,MATCH
B20-0116,plotting_baseline,既有第四章绘图级基线:README.md,D:\JZ_PhD\10_论文_Papers\Li\RHTS\liangyustability-master\figure\第4章_缩聚对试验稳定性的影响\README.md,project/figure/第4章_缩聚对试验稳定性的影响/README.md,plotting_baseline/第4章_缩聚对试验稳定性的影响/README.md,1992,2026-08-13T14:45:10.205205+08:00,83B37C8D21F92452752F10C21D563AFAA43664C72D898376AE9FC6E1FBCE9D52,1992,83B37C8D21F92452752F10C21D563AFAA43664C72D898376AE9FC6E1FBCE9D52,immutable,MATCH
B20-0117,plotting_baseline,既有第四章绘图级基线:原始来源副本/luxvjie_cb_LQR2.mlx,D:\JZ_PhD\10_论文_Papers\Li\RHTS\liangyustability-master\figure\第4章_缩聚对试验稳定性的影响\原始来源副本\luxvjie_cb_LQR2.mlx,project/figure/第4章_缩聚对试验稳定性的影响/原始来源副本/luxvjie_cb_LQR2.mlx,plotting_baseline/第4章_缩聚对试验稳定性的影响/原始来源副本/luxvjie_cb_LQR2.mlx,16267,2026-08-06T17:18:58.767666+08:00,39E05BDFF4DC6C7AFB775AC136A8948FEADAE6F29A70D2017DD82E75A261EF6B,16267,39E05BDFF4DC6C7AFB775AC136A8948FEADAE6F29A70D2017DD82E75A261EF6B,immutable,MATCH
B20-0118,plotting_baseline,既有第四章绘图级基线:原始来源副本/luxvjie_cb_LQR3.mlx,D:\JZ_PhD\10_论文_Papers\Li\RHTS\liangyustability-master\figure\第4章_缩聚对试验稳定性的影响\原始来源副本\luxvjie_cb_LQR3.mlx,project/figure/第4章_缩聚对试验稳定性的影响/原始来源副本/luxvjie_cb_LQR3.mlx,plotting_baseline/第4章_缩聚对试验稳定性的影响/原始来源副本/luxvjie_cb_LQR3.mlx,16267,2026-08-06T17:18:58.795344+08:00,39E05BDFF4DC6C7AFB775AC136A8948FEADAE6F29A70D2017DD82E75A261EF6B,16267,39E05BDFF4DC6C7AFB775AC136A8948FEADAE6F29A70D2017DD82E75A261EF6B,immutable,MATCH
B20-0119,plotting_baseline,既有第四章绘图级基线:原始来源副本/luxvjie_guyan_LQR2.mlx,D:\JZ_PhD\10_论文_Papers\Li\RHTS\liangyustability-master\figure\第4章_缩聚对试验稳定性的影响\原始来源副本\luxvjie_guyan_LQR2.mlx,project/figure/第4章_缩聚对试验稳定性的影响/原始来源副本/luxvjie_guyan_LQR2.mlx,plotting_baseline/第4章_缩聚对试验稳定性的影响/原始来源副本/luxvjie_guyan_LQR2.mlx,14736,2026-08-06T17:18:58.859682+08:00,48A76D80D7771273B874CD8EDF6FCE6D4FC78B02012F9BC73D2769982C534077,14736,48A76D80D7771273B874CD8EDF6FCE6D4FC78B02012F9BC73D2769982C534077,immutable,MATCH
B20-0120,plotting_baseline,既有第四章绘图级基线:原始来源副本/luxvjie_guyan_LQR3.mlx,D:\JZ_PhD\10_论文_Papers\Li\RHTS\liangyustability-master\figure\第4章_缩聚对试验稳定性的影响\原始来源副本\luxvjie_guyan_LQR3.mlx,project/figure/第4章_缩聚对试验稳定性的影响/原始来源副本/luxvjie_guyan_LQR3.mlx,plotting_baseline/第4章_缩聚对试验稳定性的影响/原始来源副本/luxvjie_guyan_LQR3.mlx,6779,2026-08-06T17:18:58.879317+08:00,C9A843A87F4B45D02DDB80F8780AB8E549E70BF6D2BE61A0C4B621E746CC2451,6779,C9A843A87F4B45D02DDB80F8780AB8E549E70BF6D2BE61A0C4B621E746CC2451,immutable,MATCH
B20-0121,plotting_baseline,既有第四章绘图级基线:原始来源副本/luxvjie_ori_LQR2.mlx,D:\JZ_PhD\10_论文_Papers\Li\RHTS\liangyustability-master\figure\第4章_缩聚对试验稳定性的影响\原始来源副本\luxvjie_ori_LQR2.mlx,project/figure/第4章_缩聚对试验稳定性的影响/原始来源副本/luxvjie_ori_LQR2.mlx,plotting_baseline/第4章_缩聚对试验稳定性的影响/原始来源副本/luxvjie_ori_LQR2.mlx,4001,2026-08-06T17:18:58.897978+08:00,B8D80F17C8EC1112D14188BF2C01666B339D9A400E8FEBAE6C38656AB68558CD,4001,B8D80F17C8EC1112D14188BF2C01666B339D9A400E8FEBAE6C38656AB68558CD,immutable,MATCH
B20-0122,plotting_baseline,既有第四章绘图级基线:原始来源副本/luxvjie_ori_LQR3.mlx,D:\JZ_PhD\10_论文_Papers\Li\RHTS\liangyustability-master\figure\第4章_缩聚对试验稳定性的影响\原始来源副本\luxvjie_ori_LQR3.mlx,project/figure/第4章_缩聚对试验稳定性的影响/原始来源副本/luxvjie_ori_LQR3.mlx,plotting_baseline/第4章_缩聚对试验稳定性的影响/原始来源副本/luxvjie_ori_LQR3.mlx,6756,2026-08-06T17:18:58.917705+08:00,2606758B347C01574B812A4CD79BB2C353DCD6680C1DBF07B9AF485C5C03569D,6756,2606758B347C01574B812A4CD79BB2C353DCD6680C1DBF07B9AF485C5C03569D,immutable,MATCH
B20-0123,plotting_baseline,既有第四章绘图级基线:原始来源副本/SHA256清单.csv,D:\JZ_PhD\10_论文_Papers\Li\RHTS\liangyustability-master\figure\第4章_缩聚对试验稳定性的影响\原始来源副本\SHA256清单.csv,project/figure/第4章_缩聚对试验稳定性的影响/原始来源副本/SHA256清单.csv,plotting_baseline/第4章_缩聚对试验稳定性的影响/原始来源副本/SHA256清单.csv,1502,2026-08-13T15:34:26.233394+08:00,38A7F34D6E82B20A96DC91C94976FDDECF5945C71D35DC73D711DD5B2C4F3971,1502,38A7F34D6E82B20A96DC91C94976FDDECF5945C71D35DC73D711DD5B2C4F3971,immutable,MATCH
B20-0124,plotting_baseline,既有第四章绘图级基线:原始来源副本/原始绘图脚本_huitu_2.m,D:\JZ_PhD\10_论文_Papers\Li\RHTS\liangyustability-master\figure\第4章_缩聚对试验稳定性的影响\原始来源副本\原始绘图脚本_huitu_2.m,project/figure/第4章_缩聚对试验稳定性的影响/原始来源副本/原始绘图脚本_huitu_2.m,plotting_baseline/第4章_缩聚对试验稳定性的影响/原始来源副本/原始绘图脚本_huitu_2.m,1497,2026-08-06T17:18:59.673785+08:00,85CB7D5300F3F820AFA80926B76F0430718709BD55722F45486F2F8B9848D1BC,1497,85CB7D5300F3F820AFA80926B76F0430718709BD55722F45486F2F8B9848D1BC,immutable,MATCH
B20-0125,plotting_baseline,既有第四章绘图级基线:原始来源副本/原稿PDF第057页.png,D:\JZ_PhD\10_论文_Papers\Li\RHTS\liangyustability-master\figure\第4章_缩聚对试验稳定性的影响\原始来源副本\原稿PDF第057页.png,project/figure/第4章_缩聚对试验稳定性的影响/原始来源副本/原稿PDF第057页.png,plotting_baseline/第4章_缩聚对试验稳定性的影响/原始来源副本/原稿PDF第057页.png,867024,2026-08-13T14:19:20.722070+08:00,94281AD9A1AC4876CC31CA930E92DF3FA86658F7165BB0D482160FD6851BE06F,867024,94281AD9A1AC4876CC31CA930E92DF3FA86658F7165BB0D482160FD6851BE06F,immutable,MATCH
B20-0126,plotting_baseline,既有第四章绘图级基线:原始来源副本/原稿PDF第059页.png,D:\JZ_PhD\10_论文_Papers\Li\RHTS\liangyustability-master\figure\第4章_缩聚对试验稳定性的影响\原始来源副本\原稿PDF第059页.png,project/figure/第4章_缩聚对试验稳定性的影响/原始来源副本/原稿PDF第059页.png,plotting_baseline/第4章_缩聚对试验稳定性的影响/原始来源副本/原稿PDF第059页.png,876206,2026-08-13T14:19:20.713822+08:00,0971C3A8D962A4D5986FAC9D6E6BF0B4FC4BDED53574EC6BA5731322B44447D0,876206,0971C3A8D962A4D5986FAC9D6E6BF0B4FC4BDED53574EC6BA5731322B44447D0,immutable,MATCH
B20-0127,plotting_baseline,既有第四章绘图级基线:原始来源副本/原稿PDF第060页.png,D:\JZ_PhD\10_论文_Papers\Li\RHTS\liangyustability-master\figure\第4章_缩聚对试验稳定性的影响\原始来源副本\原稿PDF第060页.png,project/figure/第4章_缩聚对试验稳定性的影响/原始来源副本/原稿PDF第060页.png,plotting_baseline/第4章_缩聚对试验稳定性的影响/原始来源副本/原稿PDF第060页.png,769194,2026-08-13T14:19:20.958307+08:00,2F5036134796A8EA588D3AC12E8CF31CB9A737E2A235D2D8B5D93765179290A5,769194,2F5036134796A8EA588D3AC12E8CF31CB9A737E2A235D2D8B5D93765179290A5,immutable,MATCH
B20-0128,plotting_baseline,既有第四章绘图级基线:原始来源副本/原稿PDF第061页.png,D:\JZ_PhD\10_论文_Papers\Li\RHTS\liangyustability-master\figure\第4章_缩聚对试验稳定性的影响\原始来源副本\原稿PDF第061页.png,project/figure/第4章_缩聚对试验稳定性的影响/原始来源副本/原稿PDF第061页.png,plotting_baseline/第4章_缩聚对试验稳定性的影响/原始来源副本/原稿PDF第061页.png,788124,2026-08-13T14:19:21.005656+08:00,56A446F3BFB5A4632AC50E3A9B709BE1845F6C26286CC12F032A26EC70AEDA2E,788124,56A446F3BFB5A4632AC50E3A9B709BE1845F6C26286CC12F032A26EC70AEDA2E,immutable,MATCH
B20-0129,plotting_baseline,既有第四章绘图级基线:原始来源副本/原稿PDF第070页.png,D:\JZ_PhD\10_论文_Papers\Li\RHTS\liangyustability-master\figure\第4章_缩聚对试验稳定性的影响\原始来源副本\原稿PDF第070页.png,project/figure/第4章_缩聚对试验稳定性的影响/原始来源副本/原稿PDF第070页.png,plotting_baseline/第4章_缩聚对试验稳定性的影响/原始来源副本/原稿PDF第070页.png,588050,2026-08-13T14:19:20.998125+08:00,1145CD4C9602A74E2F0A5DF96432A2F54B3524D7004867390B4DCDEBB34216FB,588050,1145CD4C9602A74E2F0A5DF96432A2F54B3524D7004867390B4DCDEBB34216FB,immutable,MATCH
B20-0130,plotting_baseline,既有第四章绘图级基线:原始来源副本/图4-1_原稿嵌入引用图.jpg,D:\JZ_PhD\10_论文_Papers\Li\RHTS\liangyustability-master\figure\第4章_缩聚对试验稳定性的影响\原始来源副本\图4-1_原稿嵌入引用图.jpg,project/figure/第4章_缩聚对试验稳定性的影响/原始来源副本/图4-1_原稿嵌入引用图.jpg,plotting_baseline/第4章_缩聚对试验稳定性的影响/原始来源副本/图4-1_原稿嵌入引用图.jpg,40898,2026-08-13T14:22:44.053149+08:00,BB44B0C07635A81FBC014FA9DA1BF0673D6B5B0A5E11CA6B981C222B5D5E2E75,40898,BB44B0C07635A81FBC014FA9DA1BF0673D6B5B0A5E11CA6B981C222B5D5E2E75,immutable,MATCH
B20-0131,plotting_baseline,既有第四章绘图级基线:原始来源副本/第一类划分最终绘图数据_lqr_2.mat,D:\JZ_PhD\10_论文_Papers\Li\RHTS\liangyustability-master\figure\第4章_缩聚对试验稳定性的影响\原始来源副本\第一类划分最终绘图数据_lqr_2.mat,project/figure/第4章_缩聚对试验稳定性的影响/原始来源副本/第一类划分最终绘图数据_lqr_2.mat,plotting_baseline/第4章_缩聚对试验稳定性的影响/原始来源副本/第一类划分最终绘图数据_lqr_2.mat,932,2026-08-06T17:18:59.695526+08:00,9B08117CEA7A9DF95D60C4300F3BDCB515765209CD03162114F0436C5094A4C4,932,9B08117CEA7A9DF95D60C4300F3BDCB515765209CD03162114F0436C5094A4C4,immutable,MATCH
B20-0132,plotting_baseline,既有第四章绘图级基线:原始来源副本/第二类划分最终绘图数据_lqr_3.mat,D:\JZ_PhD\10_论文_Papers\Li\RHTS\liangyustability-master\figure\第4章_缩聚对试验稳定性的影响\原始来源副本\第二类划分最终绘图数据_lqr_3.mat,project/figure/第4章_缩聚对试验稳定性的影响/原始来源副本/第二类划分最终绘图数据_lqr_3.mat,plotting_baseline/第4章_缩聚对试验稳定性的影响/原始来源副本/第二类划分最终绘图数据_lqr_3.mat,1431,2026-08-06T17:18:59.721234+08:00,69344E2E703AFE3BDFC1FA6DA133D36E450299B774C085ECE3252BCB18BDDEC1,1431,69344E2E703AFE3BDFC1FA6DA133D36E450299B774C085ECE3252BCB18BDDEC1,immutable,MATCH
B20-0133,plotting_baseline,既有第四章绘图级基线:可复现代码/恢复稳定域边界数据.py,D:\JZ_PhD\10_论文_Papers\Li\RHTS\liangyustability-master\figure\第4章_缩聚对试验稳定性的影响\可复现代码\恢复稳定域边界数据.py,project/figure/第4章_缩聚对试验稳定性的影响/可复现代码/恢复稳定域边界数据.py,plotting_baseline/第4章_缩聚对试验稳定性的影响/可复现代码/恢复稳定域边界数据.py,5156,2026-08-13T14:35:49.517050+08:00,AC379CF75F13C4AD9FDCA4C84F0312A233E41AD0733F9F17ACC27B4C2ADE2A7E,5156,AC379CF75F13C4AD9FDCA4C84F0312A233E41AD0733F9F17ACC27B4C2ADE2A7E,immutable,MATCH
B20-0134,plotting_baseline,既有第四章绘图级基线:可复现代码/生成来源哈希清单.py,D:\JZ_PhD\10_论文_Papers\Li\RHTS\liangyustability-master\figure\第4章_缩聚对试验稳定性的影响\可复现代码\生成来源哈希清单.py,project/figure/第4章_缩聚对试验稳定性的影响/可复现代码/生成来源哈希清单.py,plotting_baseline/第4章_缩聚对试验稳定性的影响/可复现代码/生成来源哈希清单.py,1138,2026-08-13T14:27:10.911303+08:00,24FA60537C738404B825AE6E8D31F4C52715C447EFD675DA582C9032817D52C7,1138,24FA60537C738404B825AE6E8D31F4C52715C447EFD675DA582C9032817D52C7,immutable,MATCH
B20-0135,plotting_baseline,既有第四章绘图级基线:可复现代码/生成第4章全部图片.py,D:\JZ_PhD\10_论文_Papers\Li\RHTS\liangyustability-master\figure\第4章_缩聚对试验稳定性的影响\可复现代码\生成第4章全部图片.py,project/figure/第4章_缩聚对试验稳定性的影响/可复现代码/生成第4章全部图片.py,plotting_baseline/第4章_缩聚对试验稳定性的影响/可复现代码/生成第4章全部图片.py,403,2026-08-13T15:13:42.679933+08:00,CD7EA91F6CF54AED4EB32BAA9B91BF336A99C9E6AE675597BAC5F29F7FCB6AB3,403,CD7EA91F6CF54AED4EB32BAA9B91BF336A99C9E6AE675597BAC5F29F7FCB6AB3,immutable,MATCH
B20-0136,plotting_baseline,既有第四章绘图级基线:可复现代码/第4章绘图核心.py,D:\JZ_PhD\10_论文_Papers\Li\RHTS\liangyustability-master\figure\第4章_缩聚对试验稳定性的影响\可复现代码\第4章绘图核心.py,project/figure/第4章_缩聚对试验稳定性的影响/可复现代码/第4章绘图核心.py,plotting_baseline/第4章_缩聚对试验稳定性的影响/可复现代码/第4章绘图核心.py,15964,2026-08-13T14:43:28.879133+08:00,FB399E9B46EC4C1051B5F8E8C2DDB8D1EEFDAAF02BB59945EE3085EDB3DAC6C1,15964,FB399E9B46EC4C1051B5F8E8C2DDB8D1EEFDAAF02BB59945EE3085EDB3DAC6C1,immutable,MATCH
B20-0137,plotting_baseline,既有第四章绘图级基线:可复现代码/绘制图4-1_含时滞闭环控制系统.py,D:\JZ_PhD\10_论文_Papers\Li\RHTS\liangyustability-master\figure\第4章_缩聚对试验稳定性的影响\可复现代码\绘制图4-1_含时滞闭环控制系统.py,project/figure/第4章_缩聚对试验稳定性的影响/可复现代码/绘制图4-1_含时滞闭环控制系统.py,plotting_baseline/第4章_缩聚对试验稳定性的影响/可复现代码/绘制图4-1_含时滞闭环控制系统.py,153,2026-08-13T14:27:10.904121+08:00,1DDF3525125D9229699B946DEAD3C0062B2A81E7F710A94624E99DE8DED875B1,153,1DDF3525125D9229699B946DEAD3C0062B2A81E7F710A94624E99DE8DED875B1,immutable,MATCH
B20-0138,plotting_baseline,既有第四章绘图级基线:可复现代码/绘制图4-2_s域与z域极点映射.py,D:\JZ_PhD\10_论文_Papers\Li\RHTS\liangyustability-master\figure\第4章_缩聚对试验稳定性的影响\可复现代码\绘制图4-2_s域与z域极点映射.py,project/figure/第4章_缩聚对试验稳定性的影响/可复现代码/绘制图4-2_s域与z域极点映射.py,plotting_baseline/第4章_缩聚对试验稳定性的影响/可复现代码/绘制图4-2_s域与z域极点映射.py,153,2026-08-13T14:27:10.905263+08:00,6C39C9FBA64FD23E60E0D76556E8EF70BE391108B8BB0AD3AC28DBCF2DBAC378,153,6C39C9FBA64FD23E60E0D76556E8EF70BE391108B8BB0AD3AC28DBCF2DBAC378,immutable,MATCH
B20-0139,plotting_baseline,既有第四章绘图级基线:可复现代码/绘制图4-3_多层框架RTHS子结构耦合.py,D:\JZ_PhD\10_论文_Papers\Li\RHTS\liangyustability-master\figure\第4章_缩聚对试验稳定性的影响\可复现代码\绘制图4-3_多层框架RTHS子结构耦合.py,project/figure/第4章_缩聚对试验稳定性的影响/可复现代码/绘制图4-3_多层框架RTHS子结构耦合.py,plotting_baseline/第4章_缩聚对试验稳定性的影响/可复现代码/绘制图4-3_多层框架RTHS子结构耦合.py,153,2026-08-13T14:27:10.906870+08:00,BBEDDD8D9A198362F642FA987DB015187052DB1E549C909667BD7E2D39E7ACF9,153,BBEDDD8D9A198362F642FA987DB015187052DB1E549C909667BD7E2D39E7ACF9,immutable,MATCH
B20-0140,plotting_baseline,既有第四章绘图级基线:可复现代码/绘制图4-4_第一类子结构划分稳定域.py,D:\JZ_PhD\10_论文_Papers\Li\RHTS\liangyustability-master\figure\第4章_缩聚对试验稳定性的影响\可复现代码\绘制图4-4_第一类子结构划分稳定域.py,project/figure/第4章_缩聚对试验稳定性的影响/可复现代码/绘制图4-4_第一类子结构划分稳定域.py,plotting_baseline/第4章_缩聚对试验稳定性的影响/可复现代码/绘制图4-4_第一类子结构划分稳定域.py,153,2026-08-13T14:27:10.907982+08:00,DAD3EB2B3EDB4C2333D71C80C11922EF26F0BBBDCD8063A74E098854F344466A,153,DAD3EB2B3EDB4C2333D71C80C11922EF26F0BBBDCD8063A74E098854F344466A,immutable,MATCH
B20-0141,plotting_baseline,既有第四章绘图级基线:可复现代码/绘制图4-5_第二类子结构划分稳定域.py,D:\JZ_PhD\10_论文_Papers\Li\RHTS\liangyustability-master\figure\第4章_缩聚对试验稳定性的影响\可复现代码\绘制图4-5_第二类子结构划分稳定域.py,project/figure/第4章_缩聚对试验稳定性的影响/可复现代码/绘制图4-5_第二类子结构划分稳定域.py,plotting_baseline/第4章_缩聚对试验稳定性的影响/可复现代码/绘制图4-5_第二类子结构划分稳定域.py,153,2026-08-13T14:27:10.909098+08:00,978D13D87455257C3FC47D84B4B43BC395156045C06B16F5D91DBF49DFD9259A,153,978D13D87455257C3FC47D84B4B43BC395156045C06B16F5D91DBF49DFD9259A,immutable,MATCH
B20-0142,plotting_baseline,既有第四章绘图级基线:可复现代码/验收第4章交付物.py,D:\JZ_PhD\10_论文_Papers\Li\RHTS\liangyustability-master\figure\第4章_缩聚对试验稳定性的影响\可复现代码\验收第4章交付物.py,project/figure/第4章_缩聚对试验稳定性的影响/可复现代码/验收第4章交付物.py,plotting_baseline/第4章_缩聚对试验稳定性的影响/可复现代码/验收第4章交付物.py,4708,2026-08-13T15:13:42.714513+08:00,345343DEEC7687E3AADDFD0AAE43FBDC8DFC3CA61531FD8105BB9E5EEC69E5D0,4708,345343DEEC7687E3AADDFD0AAE43FBDC8DFC3CA61531FD8105BB9E5EEC69E5D0,immutable,MATCH
B20-0143,plotting_baseline,既有第四章绘图级基线:来源与恢复说明.md,D:\JZ_PhD\10_论文_Papers\Li\RHTS\liangyustability-master\figure\第4章_缩聚对试验稳定性的影响\来源与恢复说明.md,project/figure/第4章_缩聚对试验稳定性的影响/来源与恢复说明.md,plotting_baseline/第4章_缩聚对试验稳定性的影响/来源与恢复说明.md,3675,2026-08-13T14:42:06.550382+08:00,9E3BA490925139120561FC81C628E21BA6247C0BBD85E9F7EF65568A0649945B,3675,9E3BA490925139120561FC81C628E21BA6247C0BBD85E9F7EF65568A0649945B,immutable,MATCH
B20-0144,plotting_baseline,既有第四章绘图级基线:章节交付清单.csv,D:\JZ_PhD\10_论文_Papers\Li\RHTS\liangyustability-master\figure\第4章_缩聚对试验稳定性的影响\章节交付清单.csv,project/figure/第4章_缩聚对试验稳定性的影响/章节交付清单.csv,plotting_baseline/第4章_缩聚对试验稳定性的影响/章节交付清单.csv,4441,2026-08-13T14:42:06.548232+08:00,1B90F2FEDA78E0FC096311E0CC9A09F25F6866ECB9F61EDD09C3D8C150B82293,4441,1B90F2FEDA78E0FC096311E0CC9A09F25F6866ECB9F61EDD09C3D8C150B82293,immutable,MATCH
B20-0145,plotting_baseline,既有第四章绘图级基线:输入数据/图4-1_闭环控制系统语义参数.json,D:\JZ_PhD\10_论文_Papers\Li\RHTS\liangyustability-master\figure\第4章_缩聚对试验稳定性的影响\输入数据\图4-1_闭环控制系统语义参数.json,project/figure/第4章_缩聚对试验稳定性的影响/输入数据/图4-1_闭环控制系统语义参数.json,plotting_baseline/第4章_缩聚对试验稳定性的影响/输入数据/图4-1_闭环控制系统语义参数.json,658,2026-08-13T14:36:05.121966+08:00,D15D5730265AE1CADD1B0C119668E2E1828ECC361EF91A9B41D82138AD679854,658,D15D5730265AE1CADD1B0C119668E2E1828ECC361EF91A9B41D82138AD679854,immutable,MATCH
B20-0146,plotting_baseline,既有第四章绘图级基线:输入数据/图4-2_极点映射参数.json,D:\JZ_PhD\10_论文_Papers\Li\RHTS\liangyustability-master\figure\第4章_缩聚对试验稳定性的影响\输入数据\图4-2_极点映射参数.json,project/figure/第4章_缩聚对试验稳定性的影响/输入数据/图4-2_极点映射参数.json,plotting_baseline/第4章_缩聚对试验稳定性的影响/输入数据/图4-2_极点映射参数.json,439,2026-08-13T14:36:05.123968+08:00,FD3EEE217BA84E183FAC51EFF13EE73174672CDB0C9B9A5F80E252E6A0B33992,439,FD3EEE217BA84E183FAC51EFF13EE73174672CDB0C9B9A5F80E252E6A0B33992,immutable,MATCH
B20-0147,plotting_baseline,既有第四章绘图级基线:输入数据/图4-3_多层框架耦合语义参数.json,D:\JZ_PhD\10_论文_Papers\Li\RHTS\liangyustability-master\figure\第4章_缩聚对试验稳定性的影响\输入数据\图4-3_多层框架耦合语义参数.json,project/figure/第4章_缩聚对试验稳定性的影响/输入数据/图4-3_多层框架耦合语义参数.json,plotting_baseline/第4章_缩聚对试验稳定性的影响/输入数据/图4-3_多层框架耦合语义参数.json,487,2026-08-13T14:36:05.125966+08:00,97BCFA8ECC9A668040AF652253262B21CCA7967292319C6DBDF78791D1CD300B,487,97BCFA8ECC9A668040AF652253262B21CCA7967292319C6DBDF78791D1CD300B,immutable,MATCH
B20-0148,plotting_baseline,既有第四章绘图级基线:输入数据/图4-4_第一类子结构划分稳定域_清洗数据.mat,D:\JZ_PhD\10_论文_Papers\Li\RHTS\liangyustability-master\figure\第4章_缩聚对试验稳定性的影响\输入数据\图4-4_第一类子结构划分稳定域_清洗数据.mat,project/figure/第4章_缩聚对试验稳定性的影响/输入数据/图4-4_第一类子结构划分稳定域_清洗数据.mat,plotting_baseline/第4章_缩聚对试验稳定性的影响/输入数据/图4-4_第一类子结构划分稳定域_清洗数据.mat,3014,2026-08-13T15:34:26.241198+08:00,587E921C2BEEFBCE2EE0F870EA66A342952C52A601383E0A36064C2134F51DBE,3014,587E921C2BEEFBCE2EE0F870EA66A342952C52A601383E0A36064C2134F51DBE,immutable,MATCH
B20-0149,plotting_baseline,既有第四章绘图级基线:输入数据/图4-4_第一类子结构划分稳定域_边界数据.csv,D:\JZ_PhD\10_论文_Papers\Li\RHTS\liangyustability-master\figure\第4章_缩聚对试验稳定性的影响\输入数据\图4-4_第一类子结构划分稳定域_边界数据.csv,project/figure/第4章_缩聚对试验稳定性的影响/输入数据/图4-4_第一类子结构划分稳定域_边界数据.csv,plotting_baseline/第4章_缩聚对试验稳定性的影响/输入数据/图4-4_第一类子结构划分稳定域_边界数据.csv,22117,2026-08-13T15:34:26.238990+08:00,58F45ADB3FA125A61AB636696E72AAD82FAB05EAD8556B742394069D681A372D,22117,58F45ADB3FA125A61AB636696E72AAD82FAB05EAD8556B742394069D681A372D,immutable,MATCH
B20-0150,plotting_baseline,既有第四章绘图级基线:输入数据/图4-5_第二类子结构划分稳定域_清洗数据.mat,D:\JZ_PhD\10_论文_Papers\Li\RHTS\liangyustability-master\figure\第4章_缩聚对试验稳定性的影响\输入数据\图4-5_第二类子结构划分稳定域_清洗数据.mat,project/figure/第4章_缩聚对试验稳定性的影响/输入数据/图4-5_第二类子结构划分稳定域_清洗数据.mat,plotting_baseline/第4章_缩聚对试验稳定性的影响/输入数据/图4-5_第二类子结构划分稳定域_清洗数据.mat,2968,2026-08-13T15:34:26.247764+08:00,9D7578BB96D818DF0D43D1D508882E3ADBBDA314C4DE5903967BD4F077E75DA3,2968,9D7578BB96D818DF0D43D1D508882E3ADBBDA314C4DE5903967BD4F077E75DA3,immutable,MATCH
B20-0151,plotting_baseline,既有第四章绘图级基线:输入数据/图4-5_第二类子结构划分稳定域_边界数据.csv,D:\JZ_PhD\10_论文_Papers\Li\RHTS\liangyustability-master\figure\第4章_缩聚对试验稳定性的影响\输入数据\图4-5_第二类子结构划分稳定域_边界数据.csv,project/figure/第4章_缩聚对试验稳定性的影响/输入数据/图4-5_第二类子结构划分稳定域_边界数据.csv,plotting_baseline/第4章_缩聚对试验稳定性的影响/输入数据/图4-5_第二类子结构划分稳定域_边界数据.csv,20941,2026-08-13T15:34:26.246075+08:00,BAB62AFA096E5427AB0D8ABA49F6CCBE4556890E82178132628F4654FCE6F10E,20941,BAB62AFA096E5427AB0D8ABA49F6CCBE4556890E82178132628F4654FCE6F10E,immutable,MATCH
B20-0152,plotting_baseline,既有第四章绘图级基线:输入数据/第4章稳定域统计.csv,D:\JZ_PhD\10_论文_Papers\Li\RHTS\liangyustability-master\figure\第4章_缩聚对试验稳定性的影响\输入数据\第4章稳定域统计.csv,project/figure/第4章_缩聚对试验稳定性的影响/输入数据/第4章稳定域统计.csv,plotting_baseline/第4章_缩聚对试验稳定性的影响/输入数据/第4章稳定域统计.csv,1796,2026-08-13T15:34:26.248347+08:00,4D46A8BC30700B5E4906142916C7EA45E73F3CE8C2F2A21467D61E306726C722,1796,4D46A8BC30700B5E4906142916C7EA45E73F3CE8C2F2A21467D61E306726C722,immutable,MATCH
B20-0153,plotting_baseline,既有第四章绘图级基线:验证记录/PDF渲染检查/图4-1_含时滞RTHS闭环控制系统_PDF渲染.png,D:\JZ_PhD\10_论文_Papers\Li\RHTS\liangyustability-master\figure\第4章_缩聚对试验稳定性的影响\验证记录\PDF渲染检查\图4-1_含时滞RTHS闭环控制系统_PDF渲染.png,project/figure/第4章_缩聚对试验稳定性的影响/验证记录/PDF渲染检查/图4-1_含时滞RTHS闭环控制系统_PDF渲染.png,plotting_baseline/第4章_缩聚对试验稳定性的影响/验证记录/PDF渲染检查/图4-1_含时滞RTHS闭环控制系统_PDF渲染.png,52422,2026-08-13T14:45:40.806860+08:00,F7F11FBA2D210546241422875904BDE0DC6EE077BBB834DBF22C6A8EB739E136,52422,F7F11FBA2D210546241422875904BDE0DC6EE077BBB834DBF22C6A8EB739E136,immutable,MATCH
B20-0154,plotting_baseline,既有第四章绘图级基线:验证记录/PDF渲染检查/图4-2_s域与z域极点映射_PDF渲染.png,D:\JZ_PhD\10_论文_Papers\Li\RHTS\liangyustability-master\figure\第4章_缩聚对试验稳定性的影响\验证记录\PDF渲染检查\图4-2_s域与z域极点映射_PDF渲染.png,project/figure/第4章_缩聚对试验稳定性的影响/验证记录/PDF渲染检查/图4-2_s域与z域极点映射_PDF渲染.png,plotting_baseline/第4章_缩聚对试验稳定性的影响/验证记录/PDF渲染检查/图4-2_s域与z域极点映射_PDF渲染.png,39127,2026-08-13T14:45:40.932497+08:00,DF3F9BE2C2D38944F6533F0749281D4C0D095BCADC822DCE222ADC0413C3BBA0,39127,DF3F9BE2C2D38944F6533F0749281D4C0D095BCADC822DCE222ADC0413C3BBA0,immutable,MATCH
B20-0155,plotting_baseline,既有第四章绘图级基线:验证记录/PDF渲染检查/图4-3_多层框架RTHS子结构耦合_PDF渲染.png,D:\JZ_PhD\10_论文_Papers\Li\RHTS\liangyustability-master\figure\第4章_缩聚对试验稳定性的影响\验证记录\PDF渲染检查\图4-3_多层框架RTHS子结构耦合_PDF渲染.png,project/figure/第4章_缩聚对试验稳定性的影响/验证记录/PDF渲染检查/图4-3_多层框架RTHS子结构耦合_PDF渲染.png,plotting_baseline/第4章_缩聚对试验稳定性的影响/验证记录/PDF渲染检查/图4-3_多层框架RTHS子结构耦合_PDF渲染.png,70722,2026-08-13T14:45:41.077993+08:00,B98AEFCC2FA0E63BF2DC4DEECD7E01380738D633798C55ABCCF9114880050CF6,70722,B98AEFCC2FA0E63BF2DC4DEECD7E01380738D633798C55ABCCF9114880050CF6,immutable,MATCH
B20-0156,plotting_baseline,既有第四章绘图级基线:验证记录/PDF渲染检查/图4-4_第一类子结构划分稳定域_PDF渲染.png,D:\JZ_PhD\10_论文_Papers\Li\RHTS\liangyustability-master\figure\第4章_缩聚对试验稳定性的影响\验证记录\PDF渲染检查\图4-4_第一类子结构划分稳定域_PDF渲染.png,project/figure/第4章_缩聚对试验稳定性的影响/验证记录/PDF渲染检查/图4-4_第一类子结构划分稳定域_PDF渲染.png,plotting_baseline/第4章_缩聚对试验稳定性的影响/验证记录/PDF渲染检查/图4-4_第一类子结构划分稳定域_PDF渲染.png,40739,2026-08-13T14:45:41.232875+08:00,5114F9D6140CD55AEDE837FDA6AC8C024F402FB048AC478B1F054D1D6ED73AF0,40739,5114F9D6140CD55AEDE837FDA6AC8C024F402FB048AC478B1F054D1D6ED73AF0,immutable,MATCH
B20-0157,plotting_baseline,既有第四章绘图级基线:验证记录/PDF渲染检查/图4-5_第二类子结构划分稳定域_PDF渲染.png,D:\JZ_PhD\10_论文_Papers\Li\RHTS\liangyustability-master\figure\第4章_缩聚对试验稳定性的影响\验证记录\PDF渲染检查\图4-5_第二类子结构划分稳定域_PDF渲染.png,project/figure/第4章_缩聚对试验稳定性的影响/验证记录/PDF渲染检查/图4-5_第二类子结构划分稳定域_PDF渲染.png,plotting_baseline/第4章_缩聚对试验稳定性的影响/验证记录/PDF渲染检查/图4-5_第二类子结构划分稳定域_PDF渲染.png,42088,2026-08-13T14:45:41.153610+08:00,74E0F31EB2773C0601191EAF1F6F7C816538C2BE4900661215E2B89396199F01,42088,74E0F31EB2773C0601191EAF1F6F7C816538C2BE4900661215E2B89396199F01,immutable,MATCH
B20-0158,plotting_baseline,既有第四章绘图级基线:验证记录/图4-1_验证记录.md,D:\JZ_PhD\10_论文_Papers\Li\RHTS\liangyustability-master\figure\第4章_缩聚对试验稳定性的影响\验证记录\图4-1_验证记录.md,project/figure/第4章_缩聚对试验稳定性的影响/验证记录/图4-1_验证记录.md,plotting_baseline/第4章_缩聚对试验稳定性的影响/验证记录/图4-1_验证记录.md,625,2026-08-13T14:42:06.551408+08:00,6673B2E529909C512D527B28FA4A78F408C878D53A5311F2E6394B8E24806666,625,6673B2E529909C512D527B28FA4A78F408C878D53A5311F2E6394B8E24806666,immutable,MATCH
B20-0159,plotting_baseline,既有第四章绘图级基线:验证记录/图4-2_验证记录.md,D:\JZ_PhD\10_论文_Papers\Li\RHTS\liangyustability-master\figure\第4章_缩聚对试验稳定性的影响\验证记录\图4-2_验证记录.md,project/figure/第4章_缩聚对试验稳定性的影响/验证记录/图4-2_验证记录.md,plotting_baseline/第4章_缩聚对试验稳定性的影响/验证记录/图4-2_验证记录.md,575,2026-08-13T14:38:35.143457+08:00,B3F5B43F1C59804F8606A17B439A0F85399FB71F54E13D0E3437FBFCA1BF8F8F,575,B3F5B43F1C59804F8606A17B439A0F85399FB71F54E13D0E3437FBFCA1BF8F8F,immutable,MATCH
B20-0160,plotting_baseline,既有第四章绘图级基线:验证记录/图4-3_验证记录.md,D:\JZ_PhD\10_论文_Papers\Li\RHTS\liangyustability-master\figure\第4章_缩聚对试验稳定性的影响\验证记录\图4-3_验证记录.md,project/figure/第4章_缩聚对试验稳定性的影响/验证记录/图4-3_验证记录.md,plotting_baseline/第4章_缩聚对试验稳定性的影响/验证记录/图4-3_验证记录.md,668,2026-08-13T14:38:35.145473+08:00,1A265BDCD6864925773C6D86C485560EF9572D076EE9A5A281CBC6ABB1968F06,668,1A265BDCD6864925773C6D86C485560EF9572D076EE9A5A281CBC6ABB1968F06,immutable,MATCH
B20-0161,plotting_baseline,既有第四章绘图级基线:验证记录/图4-4_验证记录.md,D:\JZ_PhD\10_论文_Papers\Li\RHTS\liangyustability-master\figure\第4章_缩聚对试验稳定性的影响\验证记录\图4-4_验证记录.md,project/figure/第4章_缩聚对试验稳定性的影响/验证记录/图4-4_验证记录.md,plotting_baseline/第4章_缩聚对试验稳定性的影响/验证记录/图4-4_验证记录.md,980,2026-08-13T14:38:35.146532+08:00,8BF1C7BCF706B5D96EE6052B09ECCE07F1B781B233F9188E64F404CEB00D27E3,980,8BF1C7BCF706B5D96EE6052B09ECCE07F1B781B233F9188E64F404CEB00D27E3,immutable,MATCH
B20-0162,plotting_baseline,既有第四章绘图级基线:验证记录/图4-5_验证记录.md,D:\JZ_PhD\10_论文_Papers\Li\RHTS\liangyustability-master\figure\第4章_缩聚对试验稳定性的影响\验证记录\图4-5_验证记录.md,project/figure/第4章_缩聚对试验稳定性的影响/验证记录/图4-5_验证记录.md,plotting_baseline/第4章_缩聚对试验稳定性的影响/验证记录/图4-5_验证记录.md,1244,2026-08-13T14:38:35.148179+08:00,89A54ECFD50838A4A49391E7EAAAC41A9EC3F1D15C8DC68E8F33C5A2F73847C4,1244,89A54ECFD50838A4A49391E7EAAAC41A9EC3F1D15C8DC68E8F33C5A2F73847C4,immutable,MATCH
B20-0163,plotting_baseline,既有第四章绘图级基线:验证记录/第4章自动验收结果.json,D:\JZ_PhD\10_论文_Papers\Li\RHTS\liangyustability-master\figure\第4章_缩聚对试验稳定性的影响\验证记录\第4章自动验收结果.json,project/figure/第4章_缩聚对试验稳定性的影响/验证记录/第4章自动验收结果.json,plotting_baseline/第4章_缩聚对试验稳定性的影响/验证记录/第4章自动验收结果.json,2403,2026-08-13T15:34:31.696505+08:00,625670421D8992C7153B14FCB5D378E58F1EC7E1B7C591173AA85BB53CD81A33,2403,625670421D8992C7153B14FCB5D378E58F1EC7E1B7C591173AA85BB53CD81A33,immutable,MATCH
B20-0164,plotting_baseline,既有第四章绘图级基线:验证记录/第4章验证总报告.md,D:\JZ_PhD\10_论文_Papers\Li\RHTS\liangyustability-master\figure\第4章_缩聚对试验稳定性的影响\验证记录\第4章验证总报告.md,project/figure/第4章_缩聚对试验稳定性的影响/验证记录/第4章验证总报告.md,plotting_baseline/第4章_缩聚对试验稳定性的影响/验证记录/第4章验证总报告.md,2861,2026-08-13T14:45:10.206207+08:00,295BC20AC0301B3FC55FA297A6C4552DA63808829B3799496F80058D7CBAD54C,2861,295BC20AC0301B3FC55FA297A6C4552DA63808829B3799496F80058D7CBAD54C,immutable,MATCH
B20-0165,upstream_board17,板块17上游:code/run_board17_global_routes.m,D:\JZ_PhD\10_论文_Papers\Li\RHTS\liangyustability-master\test\00_失败尝试与候选路线\板块17_两类划分与缩聚候选路线\code\run_board17_global_routes.m,project/test/00_失败尝试与候选路线/板块17_两类划分与缩聚候选路线/code/run_board17_global_routes.m,upstream_board17/code/run_board17_global_routes.m,33175,2026-08-25T01:43:22.626762+08:00,98FD1B4B4067181D007340FF29172295DC84B8F72472FA20E11E5888BF066695,33175,98FD1B4B4067181D007340FF29172295DC84B8F72472FA20E11E5888BF066695,immutable,MATCH
B20-0166,upstream_board17,板块17上游:code/independent_recompute_global_routes.py,D:\JZ_PhD\10_论文_Papers\Li\RHTS\liangyustability-master\test\00_失败尝试与候选路线\板块17_两类划分与缩聚候选路线\code\independent_recompute_global_routes.py,project/test/00_失败尝试与候选路线/板块17_两类划分与缩聚候选路线/code/independent_recompute_global_routes.py,upstream_board17/code/independent_recompute_global_routes.py,23898,2026-08-25T01:41:02.649671+08:00,A63193C91129D83BF69DED1F06C4F6727F32C608E1704C1C76E923FCCE0BAE57,23898,A63193C91129D83BF69DED1F06C4F6727F32C608E1704C1C76E923FCCE0BAE57,immutable,MATCH
B20-0167,upstream_board17,板块17上游:input/upstream_u01/reference_model_matlab.mat,D:\JZ_PhD\10_论文_Papers\Li\RHTS\liangyustability-master\test\00_失败尝试与候选路线\板块17_两类划分与缩聚候选路线\input\upstream_u01\reference_model_matlab.mat,project/test/00_失败尝试与候选路线/板块17_两类划分与缩聚候选路线/input/upstream_u01/reference_model_matlab.mat,upstream_board17/input/upstream_u01/reference_model_matlab.mat,6828,2026-08-25T00:50:45.481135+08:00,7F9C7C6ACEEDA106304B943F280CCFFF06CBA9137059857A4D89CB06D5B0DAB3,6828,7F9C7C6ACEEDA106304B943F280CCFFF06CBA9137059857A4D89CB06D5B0DAB3,immutable,MATCH
B20-0168,upstream_board17,板块17上游:outputs/global_routes_matlab.mat,D:\JZ_PhD\10_论文_Papers\Li\RHTS\liangyustability-master\test\00_失败尝试与候选路线\板块17_两类划分与缩聚候选路线\outputs\global_routes_matlab.mat,project/test/00_失败尝试与候选路线/板块17_两类划分与缩聚候选路线/outputs/global_routes_matlab.mat,upstream_board17/outputs/global_routes_matlab.mat,28817,2026-08-25T01:47:10.315232+08:00,A58A830134259585ECD091BA37B3A69640E79D3AA10B5094E106F2EC01ED56ED,28817,A58A830134259585ECD091BA37B3A69640E79D3AA10B5094E106F2EC01ED56ED,immutable,MATCH
B20-0169,upstream_board17,板块17上游:outputs/independent_global_routes_python.mat,D:\JZ_PhD\10_论文_Papers\Li\RHTS\liangyustability-master\test\00_失败尝试与候选路线\板块17_两类划分与缩聚候选路线\outputs\independent_global_routes_python.mat,project/test/00_失败尝试与候选路线/板块17_两类划分与缩聚候选路线/outputs/independent_global_routes_python.mat,upstream_board17/outputs/independent_global_routes_python.mat,9817,2026-08-25T01:47:39.818636+08:00,0C764800CB0451460208E2A9648F0A516C6DAC636FCCD46F7368CA62789B86F1,9817,0C764800CB0451460208E2A9648F0A516C6DAC636FCCD46F7368CA62789B86F1,immutable,MATCH
B20-0170,upstream_board17,板块17上游:outputs/contract_divisions.csv,D:\JZ_PhD\10_论文_Papers\Li\RHTS\liangyustability-master\test\00_失败尝试与候选路线\板块17_两类划分与缩聚候选路线\outputs\contract_divisions.csv,project/test/00_失败尝试与候选路线/板块17_两类划分与缩聚候选路线/outputs/contract_divisions.csv,upstream_board17/outputs/contract_divisions.csv,1710,2026-08-25T01:47:39.502426+08:00,63C05563DEC75FD964A371D79CFC349FFD16B50563798349C049D1E0722D33EE,1710,63C05563DEC75FD964A371D79CFC349FFD16B50563798349C049D1E0722D33EE,immutable,MATCH
B20-0171,upstream_board17,板块17上游:outputs/contract_dof_membership.csv,D:\JZ_PhD\10_论文_Papers\Li\RHTS\liangyustability-master\test\00_失败尝试与候选路线\板块17_两类划分与缩聚候选路线\outputs\contract_dof_membership.csv,project/test/00_失败尝试与候选路线/板块17_两类划分与缩聚候选路线/outputs/contract_dof_membership.csv,upstream_board17/outputs/contract_dof_membership.csv,6197,2026-08-25T01:47:39.503425+08:00,C43142FF48BDE2AC08365D241AC1342AA5F565028A76FFA046E41BDEB55E9337,6197,C43142FF48BDE2AC08365D241AC1342AA5F565028A76FFA046E41BDEB55E9337,immutable,MATCH
B20-0172,upstream_board17,板块17上游:outputs/contract_formula_crosswalk.csv,D:\JZ_PhD\10_论文_Papers\Li\RHTS\liangyustability-master\test\00_失败尝试与候选路线\板块17_两类划分与缩聚候选路线\outputs\contract_formula_crosswalk.csv,project/test/00_失败尝试与候选路线/板块17_两类划分与缩聚候选路线/outputs/contract_formula_crosswalk.csv,upstream_board17/outputs/contract_formula_crosswalk.csv,2812,2026-08-25T01:47:39.506427+08:00,59975628942A57D34ABD8CA5B2DE99AB269FE2E030B294B790755387A5ADC7BD,2812,59975628942A57D34ABD8CA5B2DE99AB269FE2E030B294B790755387A5ADC7BD,immutable,MATCH
B20-0173,upstream_board17,板块17上游:outputs/global_reduced_matrix_entries.csv,D:\JZ_PhD\10_论文_Papers\Li\RHTS\liangyustability-master\test\00_失败尝试与候选路线\板块17_两类划分与缩聚候选路线\outputs\global_reduced_matrix_entries.csv,project/test/00_失败尝试与候选路线/板块17_两类划分与缩聚候选路线/outputs/global_reduced_matrix_entries.csv,upstream_board17/outputs/global_reduced_matrix_entries.csv,62174,2026-08-25T01:47:09.385103+08:00,EF688B4C6DF630DAF25CBB28A480EB93606901E73C47D8BF428135074EC613D5,62174,EF688B4C6DF630DAF25CBB28A480EB93606901E73C47D8BF428135074EC613D5,immutable,MATCH
B20-0174,upstream_board17,板块17上游:outputs/global_recovery_matrices.csv,D:\JZ_PhD\10_论文_Papers\Li\RHTS\liangyustability-master\test\00_失败尝试与候选路线\板块17_两类划分与缩聚候选路线\outputs\global_recovery_matrices.csv,project/test/00_失败尝试与候选路线/板块17_两类划分与缩聚候选路线/outputs/global_recovery_matrices.csv,upstream_board17/outputs/global_recovery_matrices.csv,121560,2026-08-25T01:47:09.422107+08:00,1E26A8C62986415B6F3B6BE779E0D39000C1F889C91B25C7864B1BD1DAEA4A80,121560,1E26A8C62986415B6F3B6BE779E0D39000C1F889C91B25C7864B1BD1DAEA4A80,immutable,MATCH
B20-0175,upstream_board17,板块17上游:outputs/global_route_summary.json,D:\JZ_PhD\10_论文_Papers\Li\RHTS\liangyustability-master\test\00_失败尝试与候选路线\板块17_两类划分与缩聚候选路线\outputs\global_route_summary.json,project/test/00_失败尝试与候选路线/板块17_两类划分与缩聚候选路线/outputs/global_route_summary.json,upstream_board17/outputs/global_route_summary.json,3673,2026-08-25T01:47:10.355204+08:00,833FFCB4D0986292F53F2EACD699FF99918020A8CBFD134AB06B930D5FBAB579,3673,833FFCB4D0986292F53F2EACD699FF99918020A8CBFD134AB06B930D5FBAB579,immutable,MATCH
B20-0176,upstream_board17,板块17上游:outputs/object_adjudication.csv,D:\JZ_PhD\10_论文_Papers\Li\RHTS\liangyustability-master\test\00_失败尝试与候选路线\板块17_两类划分与缩聚候选路线\outputs\object_adjudication.csv,project/test/00_失败尝试与候选路线/板块17_两类划分与缩聚候选路线/outputs/object_adjudication.csv,upstream_board17/outputs/object_adjudication.csv,1107,2026-08-25T01:57:32.827492+08:00,26A71E459D8F5527739026EB92879C8EDE9C29DA18010B0271F2A6B47F158656,1107,26A71E459D8F5527739026EB92879C8EDE9C29DA18010B0271F2A6B47F158656,immutable,MATCH
B20-0177,upstream_board17,板块17上游:report/板块17_两类自由度划分与缩聚路线复现报告.md,D:\JZ_PhD\10_论文_Papers\Li\RHTS\liangyustability-master\test\00_失败尝试与候选路线\板块17_两类划分与缩聚候选路线\report\板块17_两类自由度划分与缩聚路线复现报告.md,project/test/00_失败尝试与候选路线/板块17_两类划分与缩聚候选路线/report/板块17_两类自由度划分与缩聚路线复现报告.md,upstream_board17/report/板块17_两类自由度划分与缩聚路线复现报告.md,36128,2026-08-25T02:01:29.872673+08:00,8BE40CC77EC884C2A99D7DFF536CD46557AAD4247F5860DBBA5F08C6ADBA200B,36128,8BE40CC77EC884C2A99D7DFF536CD46557AAD4247F5860DBBA5F08C6ADBA200B,immutable,MATCH
B20-0178,upstream_board17,板块17上游:report/板块17_最终验收记录.md,D:\JZ_PhD\10_论文_Papers\Li\RHTS\liangyustability-master\test\00_失败尝试与候选路线\板块17_两类划分与缩聚候选路线\report\板块17_最终验收记录.md,project/test/00_失败尝试与候选路线/板块17_两类划分与缩聚候选路线/report/板块17_最终验收记录.md,upstream_board17/report/板块17_最终验收记录.md,1103,2026-08-25T02:01:38.398773+08:00,DE2CB70A712FF92529FED4B92611402FB376F4D97E2C1C7F943CCEB6BA60D93F,1103,DE2CB70A712FF92529FED4B92611402FB376F4D97E2C1C7F943CCEB6BA60D93F,immutable,MATCH
B20-0179,upstream_board17,板块17上游:report/board17_artifact_manifest.csv,D:\JZ_PhD\10_论文_Papers\Li\RHTS\liangyustability-master\test\00_失败尝试与候选路线\板块17_两类划分与缩聚候选路线\report\board17_artifact_manifest.csv,project/test/00_失败尝试与候选路线/板块17_两类划分与缩聚候选路线/report/board17_artifact_manifest.csv,upstream_board17/report/board17_artifact_manifest.csv,60965,2026-08-25T02:01:38.168445+08:00,43C29665D0E08EF4FFB8D9067B38F797797735EA382E7F5B004EA2637A787405,60965,43C29665D0E08EF4FFB8D9067B38F797797735EA382E7F5B004EA2637A787405,immutable,MATCH
B20-0180,upstream_board17,板块17上游:report/board17_final_validation_summary.json,D:\JZ_PhD\10_论文_Papers\Li\RHTS\liangyustability-master\test\00_失败尝试与候选路线\板块17_两类划分与缩聚候选路线\report\board17_final_validation_summary.json,project/test/00_失败尝试与候选路线/板块17_两类划分与缩聚候选路线/report/board17_final_validation_summary.json,upstream_board17/report/board17_final_validation_summary.json,832,2026-08-25T02:01:38.396772+08:00,AE580B5A25F89F68E257DADB0F243962F634248C035864EBC8F681C083AEBF4A,832,AE580B5A25F89F68E257DADB0F243962F634248C035864EBC8F681C083AEBF4A,immutable,MATCH
B20-0181,upstream_protection,board16保护基线:板块16_最终验收记录.md,D:\JZ_PhD\10_论文_Papers\Li\RHTS\liangyustability-master\test\00_上游模型身份证\U01_参考结构参数与15自由度矩阵\report\板块16_最终验收记录.md,project/test/00_上游模型身份证/U01_参考结构参数与15自由度矩阵/report/板块16_最终验收记录.md,upstream_protection/board16/板块16_最终验收记录.md,4252,2026-08-25T01:12:23.290997+08:00,FFA8B9B6DC5DED9903EF437A72EF428DD57140442C3D5A714F2CC84B0C34A71C,4252,FFA8B9B6DC5DED9903EF437A72EF428DD57140442C3D5A714F2CC84B0C34A71C,immutable,MATCH
B20-0182,upstream_protection,board16保护基线:board16_artifact_manifest.csv,D:\JZ_PhD\10_论文_Papers\Li\RHTS\liangyustability-master\test\00_上游模型身份证\U01_参考结构参数与15自由度矩阵\report\board16_artifact_manifest.csv,project/test/00_上游模型身份证/U01_参考结构参数与15自由度矩阵/report/board16_artifact_manifest.csv,upstream_protection/board16/board16_artifact_manifest.csv,30738,2026-08-25T01:12:23.289236+08:00,F18B2A4E18D27D21581AE05F88D380B12663E5EDE4368E03FF179D89A09C4A93,30738,F18B2A4E18D27D21581AE05F88D380B12663E5EDE4368E03FF179D89A09C4A93,immutable,MATCH
B20-0183,upstream_protection,board18保护基线:board18_final_validation_summary.json,D:\JZ_PhD\10_论文_Papers\Li\RHTS\liangyustability-master\test\00_失败尝试与候选路线\板块18_图3-5至图3-15逐图计算复现\outputs\final_validation\board18_final_validation_summary.json,project/test/00_失败尝试与候选路线/板块18_图3-5至图3-15逐图计算复现/outputs/final_validation/board18_final_validation_summary.json,upstream_protection/board18/board18_final_validation_summary.json,3327,2026-08-25T03:02:47.249583+08:00,236D5AC6BCB9FD9EBCC60F5D6FF4FDB1C87B788E445C7CF3AB733F20BAACD934,3327,236D5AC6BCB9FD9EBCC60F5D6FF4FDB1C87B788E445C7CF3AB733F20BAACD934,immutable,MATCH
B20-0184,upstream_protection,board19保护基线:board19_final_validation_summary.json,D:\JZ_PhD\10_论文_Papers\Li\RHTS\liangyustability-master\test\00_失败尝试与候选路线\板块19_表3-1至表3-3逐单元格计算复现\outputs\final_validation\board19_final_validation_summary.json,project/test/00_失败尝试与候选路线/板块19_表3-1至表3-3逐单元格计算复现/outputs/final_validation/board19_final_validation_summary.json,upstream_protection/board19/board19_final_validation_summary.json,584,2026-08-25T03:59:05.118581+08:00,9F3F11CAD44430F94F47420F25BB1E3585AF60BF107F5E451D79677BF735F6E6,584,9F3F11CAD44430F94F47420F25BB1E3585AF60BF107F5E451D79677BF735F6E6,immutable,MATCH
