relative_path,run1_size_bytes,run2_size_bytes,run1_sha256,run2_sha256,byte_identical
artifact_manifest.csv,24292,24292,C773CD43F7C0C9A8D2FCCE5CBC5F5482DC00A0F4575C435AF9D67265D0143FA6,C773CD43F7C0C9A8D2FCCE5CBC5F5482DC00A0F4575C435AF9D67265D0143FA6,True
build_summary.json,973,973,276D2F77D3427C16ED2180B4B90FE41EC0805B33DA06AECC0E5B3D25859F4A8B,276D2F77D3427C16ED2180B4B90FE41EC0805B33DA06AECC0E5B3D25859F4A8B,True
packages/图4-4_第一类子结构划分稳定域/artifact_manifest.csv,4661,4661,70BECB9C7EA451392C9DDE432039E769BADFE3AA946E2DF87E531BA6FC3B2C22,70BECB9C7EA451392C9DDE432039E769BADFE3AA946E2DF87E531BA6FC3B2C22,True
packages/图4-4_第一类子结构划分稳定域/code/复现入口.md,1196,1196,7E07EF8DF744B5111C8669BEAFDAF17075BFD8923E8F0686D8CE094809F468C7,7E07EF8DF744B5111C8669BEAFDAF17075BFD8923E8F0686D8CE094809F468C7,True
packages/图4-4_第一类子结构划分稳定域/data/F4-4_三方法目标格.csv,388,388,BB51CC8CF9270105023238253D70EA2BA05A701070B9E467AECDD12EF2D0F2A3,BB51CC8CF9270105023238253D70EA2BA05A701070B9E467AECDD12EF2D0F2A3,True
packages/图4-4_第一类子结构划分稳定域/data/F4-4_候选减历史边界.csv,24012,24012,AEF798B9DBD7AFAC61724A4126BE4679FF2E39D5ED9749656371AAC495AB1F7E,AEF798B9DBD7AFAC61724A4126BE4679FF2E39D5ED9749656371AAC495AB1F7E,True
packages/图4-4_第一类子结构划分稳定域/data/F4-4_对象门.csv,364,364,639F4007734BC2768E6130BEB4080D0BE7B71D1B90B56A4777258DDB2B3B2806,639F4007734BC2768E6130BEB4080D0BE7B71D1B90B56A4777258DDB2B3B2806,True
packages/图4-4_第一类子结构划分稳定域/data/F4-4_来源边界.csv,56606,56606,90E1F2CDDE07770A6568474A4D53EDA11AC0F67483BD34A429CCC29E29B9EAA1,90E1F2CDDE07770A6568474A4D53EDA11AC0F67483BD34A429CCC29E29B9EAA1,True
packages/图4-4_第一类子结构划分稳定域/data/F4-4_步骤2作者路线终态.csv,2113,2113,586C2C271870088AFCFE2B824283CB5E7F1AB9FC1F1FDD8808C2926C16A52DA1,586C2C271870088AFCFE2B824283CB5E7F1AB9FC1F1FDD8808C2926C16A52DA1,True
packages/图4-4_第一类子结构划分稳定域/data/F4-4_步骤4连续rho网格摘要.csv,3674,3674,208EE2460529A4F34200878B12FE3058967E80B9E93AFBA6CB8889716CB8F2E2,208EE2460529A4F34200878B12FE3058967E80B9E93AFBA6CB8889716CB8F2E2,True
packages/图4-4_第一类子结构划分稳定域/data/F4-4_步骤5独立交叉验证摘要.csv,613,613,0C3ED3AE8A0CF68D9B707ED0A8DE26C93E201BCC55FC2E3594558D8F72EC15C2,0C3ED3AE8A0CF68D9B707ED0A8DE26C93E201BCC55FC2E3594558D8F72EC15C2,True
packages/图4-4_第一类子结构划分稳定域/data/F4-4_混淆矩阵.csv,1185,1185,B2D805079D2D92A5E9735E5CF8B2C144CA42D47970F56E7EA8B6670BDBA01FE3,B2D805079D2D92A5E9735E5CF8B2C144CA42D47970F56E7EA8B6670BDBA01FE3,True
packages/图4-4_第一类子结构划分稳定域/data/F4-4_稳定域指标.csv,2311,2311,3204317F8B80ECFD748857C8DB91463C72A655B52FA68E5F8C10B197855CE0E5,3204317F8B80ECFD748857C8DB91463C72A655B52FA68E5F8C10B197855CE0E5,True
packages/图4-4_第一类子结构划分稳定域/data/F4-4_绘图样式与证据分层.csv,1260,1260,80EDEDAABC75F9A3DB448DD860CDDA00D5758A01926F9F7AD7F33C955C1055B7,80EDEDAABC75F9A3DB448DD860CDDA00D5758A01926F9F7AD7F33C955C1055B7,True
packages/图4-4_第一类子结构划分稳定域/data/F4-4_路线资格.csv,680,680,100EE755AB97CA43A03E75DCE46A68CB7BF5A965C84855BEFCECDD3B7F3CFAA4,100EE755AB97CA43A03E75DCE46A68CB7BF5A965C84855BEFCECDD3B7F3CFAA4,True
packages/图4-4_第一类子结构划分稳定域/data/F4-4_逐点比较.csv,1544909,1544909,FA114D3A63E536D82B0487A26DBAE9124AB811A8BE2C9CBA079C642FE0A13F9E,FA114D3A63E536D82B0487A26DBAE9124AB811A8BE2C9CBA079C642FE0A13F9E,True
packages/图4-4_第一类子结构划分稳定域/figures/图4-4_作者文件身份计算候选_失败诊断.pdf,23106,23106,508BF589FBBE7BB5B46690D9273714E39774F245AC56E5B70892A7D41E2DC193,508BF589FBBE7BB5B46690D9273714E39774F245AC56E5B70892A7D41E2DC193,True
packages/图4-4_第一类子结构划分稳定域/figures/图4-4_作者文件身份计算候选_失败诊断.png,392797,392797,F5AB8A12FEEF79FED96BBA670F2F9B93C49E568612FCB029EED2327B0A8C1D84,F5AB8A12FEEF79FED96BBA670F2F9B93C49E568612FCB029EED2327B0A8C1D84,True
packages/图4-4_第一类子结构划分稳定域/figures/图4-4_历史最终掩膜边界_绘图级复核.pdf,21359,21359,E7C0C9089C1B791FBB8FA0ACFC12D898065A329D941A87FBD02071196DFD9CE4,E7C0C9089C1B791FBB8FA0ACFC12D898065A329D941A87FBD02071196DFD9CE4,True
packages/图4-4_第一类子结构划分稳定域/figures/图4-4_历史最终掩膜边界_绘图级复核.png,197302,197302,C7370414C67659B5585F811D7E2DBA475FEA86CAD9AF703375FDBEAD3AEA8219,C7370414C67659B5585F811D7E2DBA475FEA86CAD9AF703375FDBEAD3AEA8219,True
packages/图4-4_第一类子结构划分稳定域/logs/Craig-Bampton主路线原样失败/error_report.txt,519,519,C86A9E85FD93CB183F844C6E65CA4FE0323B7E753CFEBD11FB84F927F050DB41,C86A9E85FD93CB183F844C6E65CA4FE0323B7E753CFEBD11FB84F927F050DB41,True
packages/图4-4_第一类子结构划分稳定域/logs/Craig-Bampton主路线原样失败/matlab_command.txt,484,484,BDF2A5AABD430643C69BC0F6FD82A28B9F05841F3DCAEA811C39429ADABE3787,BDF2A5AABD430643C69BC0F6FD82A28B9F05841F3DCAEA811C39429ADABE3787,True
packages/图4-4_第一类子结构划分稳定域/logs/Craig-Bampton主路线原样失败/matlab_diary.log,2243,2243,1284B471D2489D2228174C8946D5EE8CE130145641B99808BF95AFE3BF829A96,1284B471D2489D2228174C8946D5EE8CE130145641B99808BF95AFE3BF829A96,True
packages/图4-4_第一类子结构划分稳定域/logs/Craig-Bampton主路线原样失败/process_exit.json,2909,2909,AAD735B5C3EFBCAA13F007B8E13BF38C467E273FE148DE0E9FFC56A9E5C54D22,AAD735B5C3EFBCAA13F007B8E13BF38C467E273FE148DE0E9FFC56A9E5C54D22,True
packages/图4-4_第一类子结构划分稳定域/logs/Craig-Bampton主路线原样失败/run_config.json,8790,8790,36700A4F24FECC621EEAFCA1C0BA2C389DA1C0C9990A492044389F5F5C961E8E,36700A4F24FECC621EEAFCA1C0BA2C389DA1C0C9990A492044389F5F5C961E8E,True
packages/图4-4_第一类子结构划分稳定域/logs/Craig-Bampton主路线原样失败/run_status.json,272334,272334,F4D4E3318D913029E8937856ECA1F49FDF9D6913AEDE34106F3A5F99850A330D,F4D4E3318D913029E8937856ECA1F49FDF9D6913AEDE34106F3A5F99850A330D,True
packages/图4-4_第一类子结构划分稳定域/logs/Craig-Bampton主路线原样失败/shell_stdout_stderr.log,3616,3616,B2263D467E59DC13404265E11001BB6989A8A172D1FBD678BE4CB0DBC90BC6CB,B2263D467E59DC13404265E11001BB6989A8A172D1FBD678BE4CB0DBC90BC6CB,True
packages/图4-4_第一类子结构划分稳定域/logs/两轮重复性.csv,4838,4838,59A6620521C930C437658089A2D2C8CF6283AA2778F5F757CE875FF95244D987,59A6620521C930C437658089A2D2C8CF6283AA2778F5F757CE875FF95244D987,True
packages/图4-4_第一类子结构划分稳定域/logs/步骤6独立验证摘要.json,1320,1320,FF1C4EC413707F9D27AEC05006FA4E3BE0B7DEF7076A7A2E73C418022C29A71E,FF1C4EC413707F9D27AEC05006FA4E3BE0B7DEF7076A7A2E73C418022C29A71E,True
packages/图4-4_第一类子结构划分稳定域/logs/步骤6运行摘要.json,1017,1017,CC619F2E0422995071274AC390E14C0CFD84AD2865EF368642DFBB6D4712F614,CC619F2E0422995071274AC390E14C0CFD84AD2865EF368642DFBB6D4712F614,True
packages/图4-4_第一类子结构划分稳定域/package_summary.json,1255,1255,3F346DA58FF9790C6B4752BA0CED9E312666053E74187C14894FF7266B6E29EB,3F346DA58FF9790C6B4752BA0CED9E312666053E74187C14894FF7266B6E29EB,True
packages/图4-4_第一类子结构划分稳定域/README.md,2068,2068,8A72090251D5356409F9FB0E31C19414496CA983FD6D31798A87DFDB7D0B8317,8A72090251D5356409F9FB0E31C19414496CA983FD6D31798A87DFDB7D0B8317,True
packages/图4-4_第一类子结构划分稳定域/shared_evidence_manifest.csv,8273,8273,F25FB6C622B811A7B14B070A078C9F486C6481065B1ABAAD6BDCA46AC0F7FE64,F25FB6C622B811A7B14B070A078C9F486C6481065B1ABAAD6BDCA46AC0F7FE64,True
packages/图4-4_第一类子结构划分稳定域/visual/F4-4_人工视觉记录.csv,914,914,483D0554D3F0888191DFCCCB61D7F3D4A31F18EFC8E2B3EB18F796182947C84E,483D0554D3F0888191DFCCCB61D7F3D4A31F18EFC8E2B3EB18F796182947C84E,True
packages/图4-4_第一类子结构划分稳定域/visual/F4-4_图件质量.csv,1156,1156,8E4A9854E5C9EEFAB44568833031BE9CC21628C8DAC2A57F731E1BAE7CBC35E3,8E4A9854E5C9EEFAB44568833031BE9CC21628C8DAC2A57F731E1BAE7CBC35E3,True
packages/图4-4_第一类子结构划分稳定域/visual/rendered_pdf_review/图4-4_作者文件身份计算候选_失败诊断.png,82908,82908,060C34EE9D020957425D3F963BEEA8547719E07AC93E2606FD2113E96C3DB6B4,060C34EE9D020957425D3F963BEEA8547719E07AC93E2606FD2113E96C3DB6B4,True
packages/图4-4_第一类子结构划分稳定域/visual/rendered_pdf_review/图4-4_历史最终掩膜边界_绘图级复核.png,45920,45920,E81B5F12FBD33BC793392B07D01C64BAA292E7790069D50D5C71BEE9003EE206,E81B5F12FBD33BC793392B07D01C64BAA292E7790069D50D5C71BEE9003EE206,True
packages/图4-5_第二类子结构划分稳定域/artifact_manifest.csv,5075,5075,5F9C0BDC7B01AFBD0134F4BB498910A4764A6B9CC6D7ABBBDCF7BD73A032F480,5F9C0BDC7B01AFBD0134F4BB498910A4764A6B9CC6D7ABBBDCF7BD73A032F480,True
packages/图4-5_第二类子结构划分稳定域/code/复现入口.md,1196,1196,7E07EF8DF744B5111C8669BEAFDAF17075BFD8923E8F0686D8CE094809F468C7,7E07EF8DF744B5111C8669BEAFDAF17075BFD8923E8F0686D8CE094809F468C7,True
packages/图4-5_第二类子结构划分稳定域/data/F4-5_三方法目标格.csv,387,387,FEBEDBF9D9588AD7D418B299B9FD2535E34BF8569F92648D44D00B924ED06840,FEBEDBF9D9588AD7D418B299B9FD2535E34BF8569F92648D44D00B924ED06840,True
packages/图4-5_第二类子结构划分稳定域/data/F4-5_候选减历史边界.csv,14740,14740,3045480907AB65AB4FD9B351F2F8B85836F40BD45CF85026FAA89BBA933FE8EA,3045480907AB65AB4FD9B351F2F8B85836F40BD45CF85026FAA89BBA933FE8EA,True
packages/图4-5_第二类子结构划分稳定域/data/F4-5_对象门.csv,364,364,5EBB5D32C18658F5149BB92452885D76CDBE1F742E0660C7BCB35660A61B3FC1,5EBB5D32C18658F5149BB92452885D76CDBE1F742E0660C7BCB35660A61B3FC1,True
packages/图4-5_第二类子结构划分稳定域/data/F4-5_来源边界.csv,45047,45047,26BBDEB15C9A314F23033289976720494DCA4036566F92C2F3B7FFA02C59237B,26BBDEB15C9A314F23033289976720494DCA4036566F92C2F3B7FFA02C59237B,True
packages/图4-5_第二类子结构划分稳定域/data/F4-5_步骤2作者路线终态.csv,1677,1677,53A6B743D7B34CE8034F7221788B5F22C75C0778900A5D08FCA878DB24F3C6FD,53A6B743D7B34CE8034F7221788B5F22C75C0778900A5D08FCA878DB24F3C6FD,True
packages/图4-5_第二类子结构划分稳定域/data/F4-5_步骤4连续rho网格摘要.csv,2634,2634,4F43EDC07054E8DB71A016608912B7EF0E0FA76FA265706F8A9107C29F60E984,4F43EDC07054E8DB71A016608912B7EF0E0FA76FA265706F8A9107C29F60E984,True
packages/图4-5_第二类子结构划分稳定域/data/F4-5_步骤5独立交叉验证摘要.csv,492,492,BE6C8E7493CE694758E4A79AD8574149B01C5581FF25D0005680D63899042C5F,BE6C8E7493CE694758E4A79AD8574149B01C5581FF25D0005680D63899042C5F,True
packages/图4-5_第二类子结构划分稳定域/data/F4-5_混淆矩阵.csv,985,985,43AFCAA873AE0B57753FC0BFB84E5FB6B0EAE906934A9A1D9B38C8812E600E92,43AFCAA873AE0B57753FC0BFB84E5FB6B0EAE906934A9A1D9B38C8812E600E92,True
packages/图4-5_第二类子结构划分稳定域/data/F4-5_稳定域指标.csv,2011,2011,940DFED6402BA542E42A71A82C0CE9FAA987A1A0B45A0129FB1292613F59C782,940DFED6402BA542E42A71A82C0CE9FAA987A1A0B45A0129FB1292613F59C782,True
packages/图4-5_第二类子结构划分稳定域/data/F4-5_绘图样式与证据分层.csv,1085,1085,7DFD89E4CEA4D68997B1E7C2C019D80066A4EDD368462CD30796063FC9BC1EF8,7DFD89E4CEA4D68997B1E7C2C019D80066A4EDD368462CD30796063FC9BC1EF8,True
packages/图4-5_第二类子结构划分稳定域/data/F4-5_路线资格.csv,517,517,1DD8BB5E0B8BDF406FAAF6BBB28C0197EC8E21623E922AEAA2EBC5F389D16B10,1DD8BB5E0B8BDF406FAAF6BBB28C0197EC8E21623E922AEAA2EBC5F389D16B10,True
packages/图4-5_第二类子结构划分稳定域/data/F4-5_逐点比较.csv,1027521,1027521,C8674C2E782B79D8E7752D2E33CC576B28231A250670B297A9B5C2EE5D30C490,C8674C2E782B79D8E7752D2E33CC576B28231A250670B297A9B5C2EE5D30C490,True
packages/图4-5_第二类子结构划分稳定域/data/第二类两标签载荷关系.csv,375,375,E2A0972FB7670AB8F761433A01B60A263C9D2E284A3CD053328771828013AEA3,E2A0972FB7670AB8F761433A01B60A263C9D2E284A3CD053328771828013AEA3,True
packages/图4-5_第二类子结构划分稳定域/data/第二类共同网格外1至28逐点.csv,5632,5632,43E3571C2CD994C14DC4AA93C478EB66175CC706DCEF582D739EE69E4D5AF0B8,43E3571C2CD994C14DC4AA93C478EB66175CC706DCEF582D739EE69E4D5AF0B8,True
packages/图4-5_第二类子结构划分稳定域/data/第二类共同网格外序列摘要.csv,376,376,74AFB7B2E44E5B3DC67456F70BCB856B1A4560CC610F5875B2E4123C94A8F58B,74AFB7B2E44E5B3DC67456F70BCB856B1A4560CC610F5875B2E4123C94A8F58B,True
packages/图4-5_第二类子结构划分稳定域/figures/图4-5_作者文件身份计算候选_失败诊断.pdf,21783,21783,C2DD077791EC5A16E3F6C665227AA16140EE9127BC38832E43420FAC79F2EC6F,C2DD077791EC5A16E3F6C665227AA16140EE9127BC38832E43420FAC79F2EC6F,True
packages/图4-5_第二类子结构划分稳定域/figures/图4-5_作者文件身份计算候选_失败诊断.png,293423,293423,74694F124E804D8DAF67871BE4F14C5B780859976F4CB496E3128D93D2E8F40A,74694F124E804D8DAF67871BE4F14C5B780859976F4CB496E3128D93D2E8F40A,True
packages/图4-5_第二类子结构划分稳定域/figures/图4-5_历史最终掩膜边界_绘图级复核.pdf,21302,21302,584E5C2927AC0B0C76298D82DDDFC0C019E8482061D17DF02A33A0279122FD72,584E5C2927AC0B0C76298D82DDDFC0C019E8482061D17DF02A33A0279122FD72,True
packages/图4-5_第二类子结构划分稳定域/figures/图4-5_历史最终掩膜边界_绘图级复核.png,199962,199962,9F7EEC15260E6D43BF13F3EB15DE319130F817E0AFBBE8EE6E519CB396875B52,9F7EEC15260E6D43BF13F3EB15DE319130F817E0AFBBE8EE6E519CB396875B52,True
packages/图4-5_第二类子结构划分稳定域/logs/Craig-Bampton主路线原样失败/error_report.txt,519,519,2BF9644FC9AC108458E06682AC031B1ED1256670971A0D832778B1CF2FC8FF2D,2BF9644FC9AC108458E06682AC031B1ED1256670971A0D832778B1CF2FC8FF2D,True
packages/图4-5_第二类子结构划分稳定域/logs/Craig-Bampton主路线原样失败/matlab_command.txt,484,484,4B7D3F98FCCB505A37819509588FA1E0C1BE316D456AFC15269602AFDE598F82,4B7D3F98FCCB505A37819509588FA1E0C1BE316D456AFC15269602AFDE598F82,True
packages/图4-5_第二类子结构划分稳定域/logs/Craig-Bampton主路线原样失败/matlab_diary.log,2243,2243,F6C079CB7FC69268DF7A29DF2C0991C89F3299CA901B323D9BEA10B94621EE27,F6C079CB7FC69268DF7A29DF2C0991C89F3299CA901B323D9BEA10B94621EE27,True
packages/图4-5_第二类子结构划分稳定域/logs/Craig-Bampton主路线原样失败/process_exit.json,2910,2910,88E290AA65757AAEDF45834AF7B03C732622F99AD4BDC2665F0C1AC25C6556ED,88E290AA65757AAEDF45834AF7B03C732622F99AD4BDC2665F0C1AC25C6556ED,True
packages/图4-5_第二类子结构划分稳定域/logs/Craig-Bampton主路线原样失败/run_config.json,8781,8781,E5CF4931FC0859CCA3EA9C7796B7F3F85FD433BFCF39D8F4F895F513FDFC5B38,E5CF4931FC0859CCA3EA9C7796B7F3F85FD433BFCF39D8F4F895F513FDFC5B38,True
packages/图4-5_第二类子结构划分稳定域/logs/Craig-Bampton主路线原样失败/run_status.json,271561,271561,53E67624B1F2E8B70E347D4FA2E0F4403859AD86A515C81640583310A3515061,53E67624B1F2E8B70E347D4FA2E0F4403859AD86A515C81640583310A3515061,True
packages/图4-5_第二类子结构划分稳定域/logs/Craig-Bampton主路线原样失败/shell_stdout_stderr.log,3617,3617,6FA09F51C355C0125C8C522D00C0A363F0AAF7974DA338D4F9C674BEE29E6F15,6FA09F51C355C0125C8C522D00C0A363F0AAF7974DA338D4F9C674BEE29E6F15,True
packages/图4-5_第二类子结构划分稳定域/logs/两轮重复性.csv,4838,4838,59A6620521C930C437658089A2D2C8CF6283AA2778F5F757CE875FF95244D987,59A6620521C930C437658089A2D2C8CF6283AA2778F5F757CE875FF95244D987,True
packages/图4-5_第二类子结构划分稳定域/logs/步骤6独立验证摘要.json,1320,1320,FF1C4EC413707F9D27AEC05006FA4E3BE0B7DEF7076A7A2E73C418022C29A71E,FF1C4EC413707F9D27AEC05006FA4E3BE0B7DEF7076A7A2E73C418022C29A71E,True
packages/图4-5_第二类子结构划分稳定域/logs/步骤6运行摘要.json,1017,1017,CC619F2E0422995071274AC390E14C0CFD84AD2865EF368642DFBB6D4712F614,CC619F2E0422995071274AC390E14C0CFD84AD2865EF368642DFBB6D4712F614,True
packages/图4-5_第二类子结构划分稳定域/package_summary.json,1276,1276,CE525089AB8823C54573D4F2EF84056BD714C21F438B82A4AC9D47950BDF623B,CE525089AB8823C54573D4F2EF84056BD714C21F438B82A4AC9D47950BDF623B,True
packages/图4-5_第二类子结构划分稳定域/README.md,2233,2233,263FF6A38703D52C5101FFF6232CE02E407EC4DF26862B99A9DFF5A794E7497B,263FF6A38703D52C5101FFF6232CE02E407EC4DF26862B99A9DFF5A794E7497B,True
packages/图4-5_第二类子结构划分稳定域/shared_evidence_manifest.csv,7737,7737,BD05855B3DB9BCB248237D08AB972799F43332DCB5E8F22AD7F4DF61A42092F6,BD05855B3DB9BCB248237D08AB972799F43332DCB5E8F22AD7F4DF61A42092F6,True
packages/图4-5_第二类子结构划分稳定域/visual/F4-5_人工视觉记录.csv,925,925,46324BA1464880DBE705B57DE5296C25203E8EC0234E501AA038A3414BA5437E,46324BA1464880DBE705B57DE5296C25203E8EC0234E501AA038A3414BA5437E,True
packages/图4-5_第二类子结构划分稳定域/visual/F4-5_图件质量.csv,1156,1156,5A70EF218A5991656E396524410A2DFB706C26760AFADCCF17BC94AF88992CED,5A70EF218A5991656E396524410A2DFB706C26760AFADCCF17BC94AF88992CED,True
packages/图4-5_第二类子结构划分稳定域/visual/rendered_pdf_review/图4-5_作者文件身份计算候选_失败诊断.png,70336,70336,D10233258A2D6D73079B02197AB54E04B0FB657C2655E3713ABDCC46166B461C,D10233258A2D6D73079B02197AB54E04B0FB657C2655E3713ABDCC46166B461C,True
packages/图4-5_第二类子结构划分稳定域/visual/rendered_pdf_review/图4-5_历史最终掩膜边界_绘图级复核.png,46167,46167,692EEEC0C1A4719A773D6952FDD197692BF2CE56FFD111BE7CDD2A7266584F6B,692EEEC0C1A4719A773D6952FDD197692BF2CE56FFD111BE7CDD2A7266584F6B,True
packages/结论C05_两类划分的稳定裕度下降量/artifact_manifest.csv,3606,3606,5BFEF325451831FA76152C5ADFE9168D6361ECDB94820F427BFF97873E59F970,5BFEF325451831FA76152C5ADFE9168D6361ECDB94820F427BFF97873E59F970,True
packages/结论C05_两类划分的稳定裕度下降量/code/复现入口.md,1196,1196,7E07EF8DF744B5111C8669BEAFDAF17075BFD8923E8F0686D8CE094809F468C7,7E07EF8DF744B5111C8669BEAFDAF17075BFD8923E8F0686D8CE094809F468C7,True
packages/结论C05_两类划分的稳定裕度下降量/data/C05_两图对象门.csv,454,454,0ECC0C409C31E7BC0DDA88473F32B62C7CF092E0DD293A73B015014F024A3060,0ECC0C409C31E7BC0DDA88473F32B62C7CF092E0DD293A73B015014F024A3060,True
packages/结论C05_两类划分的稳定裕度下降量/data/C05_临界时滞声明与裁决.csv,4632,4632,095B1E1EF1CDC391D02F05ABFB38949BAFD523412F781F24EB67E7D04EEE0805,095B1E1EF1CDC391D02F05ABFB38949BAFD523412F781F24EB67E7D04EEE0805,True
packages/结论C05_两类划分的稳定裕度下降量/data/C05_六方法目标格.csv,602,602,6F20CC004BD62F7FF166B44464E6924918926086D4C1C037182A2CF1F4C63957,6F20CC004BD62F7FF166B44464E6924918926086D4C1C037182A2CF1F4C63957,True
packages/结论C05_两类划分的稳定裕度下降量/data/C05_混淆矩阵.csv,1728,1728,61F46FA21572D0EF8309A01DA655E037CA8482C37D7662C1E0CECFE8F507ABB3,61F46FA21572D0EF8309A01DA655E037CA8482C37D7662C1E0CECFE8F507ABB3,True
packages/结论C05_两类划分的稳定裕度下降量/data/C05_稳定域指标.csv,3752,3752,D26A32A4FB980436CBAA1E9548042CA5FBD63C944A7AA3FC754B974598CB2B55,D26A32A4FB980436CBAA1E9548042CA5FBD63C944A7AA3FC754B974598CB2B55,True
packages/结论C05_两类划分的稳定裕度下降量/figures/图4-4_作者文件身份计算候选_失败诊断.pdf,23106,23106,508BF589FBBE7BB5B46690D9273714E39774F245AC56E5B70892A7D41E2DC193,508BF589FBBE7BB5B46690D9273714E39774F245AC56E5B70892A7D41E2DC193,True
packages/结论C05_两类划分的稳定裕度下降量/figures/图4-4_作者文件身份计算候选_失败诊断.png,392797,392797,F5AB8A12FEEF79FED96BBA670F2F9B93C49E568612FCB029EED2327B0A8C1D84,F5AB8A12FEEF79FED96BBA670F2F9B93C49E568612FCB029EED2327B0A8C1D84,True
packages/结论C05_两类划分的稳定裕度下降量/figures/图4-4_历史最终掩膜边界_绘图级复核.pdf,21359,21359,E7C0C9089C1B791FBB8FA0ACFC12D898065A329D941A87FBD02071196DFD9CE4,E7C0C9089C1B791FBB8FA0ACFC12D898065A329D941A87FBD02071196DFD9CE4,True
packages/结论C05_两类划分的稳定裕度下降量/figures/图4-4_历史最终掩膜边界_绘图级复核.png,197302,197302,C7370414C67659B5585F811D7E2DBA475FEA86CAD9AF703375FDBEAD3AEA8219,C7370414C67659B5585F811D7E2DBA475FEA86CAD9AF703375FDBEAD3AEA8219,True
packages/结论C05_两类划分的稳定裕度下降量/figures/图4-5_作者文件身份计算候选_失败诊断.pdf,21783,21783,C2DD077791EC5A16E3F6C665227AA16140EE9127BC38832E43420FAC79F2EC6F,C2DD077791EC5A16E3F6C665227AA16140EE9127BC38832E43420FAC79F2EC6F,True
packages/结论C05_两类划分的稳定裕度下降量/figures/图4-5_作者文件身份计算候选_失败诊断.png,293423,293423,74694F124E804D8DAF67871BE4F14C5B780859976F4CB496E3128D93D2E8F40A,74694F124E804D8DAF67871BE4F14C5B780859976F4CB496E3128D93D2E8F40A,True
packages/结论C05_两类划分的稳定裕度下降量/figures/图4-5_历史最终掩膜边界_绘图级复核.pdf,21302,21302,584E5C2927AC0B0C76298D82DDDFC0C019E8482061D17DF02A33A0279122FD72,584E5C2927AC0B0C76298D82DDDFC0C019E8482061D17DF02A33A0279122FD72,True
packages/结论C05_两类划分的稳定裕度下降量/figures/图4-5_历史最终掩膜边界_绘图级复核.png,199962,199962,9F7EEC15260E6D43BF13F3EB15DE319130F817E0AFBBE8EE6E519CB396875B52,9F7EEC15260E6D43BF13F3EB15DE319130F817E0AFBBE8EE6E519CB396875B52,True
packages/结论C05_两类划分的稳定裕度下降量/logs/两轮重复性.csv,4838,4838,59A6620521C930C437658089A2D2C8CF6283AA2778F5F757CE875FF95244D987,59A6620521C930C437658089A2D2C8CF6283AA2778F5F757CE875FF95244D987,True
packages/结论C05_两类划分的稳定裕度下降量/logs/步骤6独立验证摘要.json,1320,1320,FF1C4EC413707F9D27AEC05006FA4E3BE0B7DEF7076A7A2E73C418022C29A71E,FF1C4EC413707F9D27AEC05006FA4E3BE0B7DEF7076A7A2E73C418022C29A71E,True
packages/结论C05_两类划分的稳定裕度下降量/logs/步骤6运行摘要.json,1017,1017,CC619F2E0422995071274AC390E14C0CFD84AD2865EF368642DFBB6D4712F614,CC619F2E0422995071274AC390E14C0CFD84AD2865EF368642DFBB6D4712F614,True
packages/结论C05_两类划分的稳定裕度下降量/package_summary.json,1123,1123,014D069561FF8AB33D6642F4A7B026FCBF0D26255467C19977385CF73286DE39,014D069561FF8AB33D6642F4A7B026FCBF0D26255467C19977385CF73286DE39,True
packages/结论C05_两类划分的稳定裕度下降量/README.md,2001,2001,52FCC550EAE5CC9C4E0C2C2D27C2058451E5E424F58DA48BC3FA0A0155A2313F,52FCC550EAE5CC9C4E0C2C2D27C2058451E5E424F58DA48BC3FA0A0155A2313F,True
packages/结论C05_两类划分的稳定裕度下降量/shared_evidence_manifest.csv,9797,9797,E7251F425B6FBAFFD7BBE4375FB7E89E2028C8100C1CCF26496B894B72633B62,E7251F425B6FBAFFD7BBE4375FB7E89E2028C8100C1CCF26496B894B72633B62,True
packages/结论C05_两类划分的稳定裕度下降量/visual/C05_人工视觉记录.csv,1657,1657,FAC7394DA58E0F7B42EF3FC9B688D5F97763EF0252C652BC71CB3D7AAE1DB1EB,FAC7394DA58E0F7B42EF3FC9B688D5F97763EF0252C652BC71CB3D7AAE1DB1EB,True
packages/结论C05_两类划分的稳定裕度下降量/visual/C05_图件质量.csv,1719,1719,A9B89234D2395FEE40B1D0B474AB6F1410A69BF60D4567CFCB5CCC96D8826256,A9B89234D2395FEE40B1D0B474AB6F1410A69BF60D4567CFCB5CCC96D8826256,True
packages/结论C05_两类划分的稳定裕度下降量/visual/rendered_pdf_review/图4-4_作者文件身份计算候选_失败诊断.png,82908,82908,060C34EE9D020957425D3F963BEEA8547719E07AC93E2606FD2113E96C3DB6B4,060C34EE9D020957425D3F963BEEA8547719E07AC93E2606FD2113E96C3DB6B4,True
packages/结论C05_两类划分的稳定裕度下降量/visual/rendered_pdf_review/图4-4_历史最终掩膜边界_绘图级复核.png,45920,45920,E81B5F12FBD33BC793392B07D01C64BAA292E7790069D50D5C71BEE9003EE206,E81B5F12FBD33BC793392B07D01C64BAA292E7790069D50D5C71BEE9003EE206,True
packages/结论C05_两类划分的稳定裕度下降量/visual/rendered_pdf_review/图4-5_作者文件身份计算候选_失败诊断.png,70336,70336,D10233258A2D6D73079B02197AB54E04B0FB657C2655E3713ABDCC46166B461C,D10233258A2D6D73079B02197AB54E04B0FB657C2655E3713ABDCC46166B461C,True
packages/结论C05_两类划分的稳定裕度下降量/visual/rendered_pdf_review/图4-5_历史最终掩膜边界_绘图级复核.png,46167,46167,692EEEC0C1A4719A773D6952FDD197692BF2CE56FFD111BE7CDD2A7266584F6B,692EEEC0C1A4719A773D6952FDD197692BF2CE56FFD111BE7CDD2A7266584F6B,True
packages/结论C07_结论章频率区间、误差幅值与临界时滞总结/artifact_manifest.csv,3738,3738,CB780D43031D5E6FC33F81EDFA7473D474C88A169742EBEA27A1645EB9E1D331,CB780D43031D5E6FC33F81EDFA7473D474C88A169742EBEA27A1645EB9E1D331,True
packages/结论C07_结论章频率区间、误差幅值与临界时滞总结/code/复现入口.md,1196,1196,7E07EF8DF744B5111C8669BEAFDAF17075BFD8923E8F0686D8CE094809F468C7,7E07EF8DF744B5111C8669BEAFDAF17075BFD8923E8F0686D8CE094809F468C7,True
packages/结论C07_结论章频率区间、误差幅值与临界时滞总结/data/C07_两图对象门.csv,454,454,0ECC0C409C31E7BC0DDA88473F32B62C7CF092E0DD293A73B015014F024A3060,0ECC0C409C31E7BC0DDA88473F32B62C7CF092E0DD293A73B015014F024A3060,True
packages/结论C07_结论章频率区间、误差幅值与临界时滞总结/data/C07_临界时滞声明与未评价项.csv,4884,4884,5EF1228C8DBE0095E2CC4BD0EBDF7CF341A051BD9EA16506E9FB95C1DF64EF68,5EF1228C8DBE0095E2CC4BD0EBDF7CF341A051BD9EA16506E9FB95C1DF64EF68,True
packages/结论C07_结论章频率区间、误差幅值与临界时滞总结/data/C07_六方法目标格.csv,602,602,6F20CC004BD62F7FF166B44464E6924918926086D4C1C037182A2CF1F4C63957,6F20CC004BD62F7FF166B44464E6924918926086D4C1C037182A2CF1F4C63957,True
packages/结论C07_结论章频率区间、误差幅值与临界时滞总结/data/C07_混淆矩阵.csv,1728,1728,61F46FA21572D0EF8309A01DA655E037CA8482C37D7662C1E0CECFE8F507ABB3,61F46FA21572D0EF8309A01DA655E037CA8482C37D7662C1E0CECFE8F507ABB3,True
packages/结论C07_结论章频率区间、误差幅值与临界时滞总结/data/C07_稳定域指标.csv,3752,3752,D26A32A4FB980436CBAA1E9548042CA5FBD63C944A7AA3FC754B974598CB2B55,D26A32A4FB980436CBAA1E9548042CA5FBD63C944A7AA3FC754B974598CB2B55,True
packages/结论C07_结论章频率区间、误差幅值与临界时滞总结/data/C07_组件范围裁决.csv,361,361,E3FE02C9F0D8A82FE4EEA18D5C60D04FC52BD41892577AD14334A39FE1FF4FB1,E3FE02C9F0D8A82FE4EEA18D5C60D04FC52BD41892577AD14334A39FE1FF4FB1,True
packages/结论C07_结论章频率区间、误差幅值与临界时滞总结/figures/图4-4_作者文件身份计算候选_失败诊断.pdf,23106,23106,508BF589FBBE7BB5B46690D9273714E39774F245AC56E5B70892A7D41E2DC193,508BF589FBBE7BB5B46690D9273714E39774F245AC56E5B70892A7D41E2DC193,True
packages/结论C07_结论章频率区间、误差幅值与临界时滞总结/figures/图4-4_作者文件身份计算候选_失败诊断.png,392797,392797,F5AB8A12FEEF79FED96BBA670F2F9B93C49E568612FCB029EED2327B0A8C1D84,F5AB8A12FEEF79FED96BBA670F2F9B93C49E568612FCB029EED2327B0A8C1D84,True
packages/结论C07_结论章频率区间、误差幅值与临界时滞总结/figures/图4-4_历史最终掩膜边界_绘图级复核.pdf,21359,21359,E7C0C9089C1B791FBB8FA0ACFC12D898065A329D941A87FBD02071196DFD9CE4,E7C0C9089C1B791FBB8FA0ACFC12D898065A329D941A87FBD02071196DFD9CE4,True
packages/结论C07_结论章频率区间、误差幅值与临界时滞总结/figures/图4-4_历史最终掩膜边界_绘图级复核.png,197302,197302,C7370414C67659B5585F811D7E2DBA475FEA86CAD9AF703375FDBEAD3AEA8219,C7370414C67659B5585F811D7E2DBA475FEA86CAD9AF703375FDBEAD3AEA8219,True
packages/结论C07_结论章频率区间、误差幅值与临界时滞总结/figures/图4-5_作者文件身份计算候选_失败诊断.pdf,21783,21783,C2DD077791EC5A16E3F6C665227AA16140EE9127BC38832E43420FAC79F2EC6F,C2DD077791EC5A16E3F6C665227AA16140EE9127BC38832E43420FAC79F2EC6F,True
packages/结论C07_结论章频率区间、误差幅值与临界时滞总结/figures/图4-5_作者文件身份计算候选_失败诊断.png,293423,293423,74694F124E804D8DAF67871BE4F14C5B780859976F4CB496E3128D93D2E8F40A,74694F124E804D8DAF67871BE4F14C5B780859976F4CB496E3128D93D2E8F40A,True
packages/结论C07_结论章频率区间、误差幅值与临界时滞总结/figures/图4-5_历史最终掩膜边界_绘图级复核.pdf,21302,21302,584E5C2927AC0B0C76298D82DDDFC0C019E8482061D17DF02A33A0279122FD72,584E5C2927AC0B0C76298D82DDDFC0C019E8482061D17DF02A33A0279122FD72,True
packages/结论C07_结论章频率区间、误差幅值与临界时滞总结/figures/图4-5_历史最终掩膜边界_绘图级复核.png,199962,199962,9F7EEC15260E6D43BF13F3EB15DE319130F817E0AFBBE8EE6E519CB396875B52,9F7EEC15260E6D43BF13F3EB15DE319130F817E0AFBBE8EE6E519CB396875B52,True
packages/结论C07_结论章频率区间、误差幅值与临界时滞总结/logs/两轮重复性.csv,4838,4838,59A6620521C930C437658089A2D2C8CF6283AA2778F5F757CE875FF95244D987,59A6620521C930C437658089A2D2C8CF6283AA2778F5F757CE875FF95244D987,True
packages/结论C07_结论章频率区间、误差幅值与临界时滞总结/logs/步骤6独立验证摘要.json,1320,1320,FF1C4EC413707F9D27AEC05006FA4E3BE0B7DEF7076A7A2E73C418022C29A71E,FF1C4EC413707F9D27AEC05006FA4E3BE0B7DEF7076A7A2E73C418022C29A71E,True
packages/结论C07_结论章频率区间、误差幅值与临界时滞总结/logs/步骤6运行摘要.json,1017,1017,CC619F2E0422995071274AC390E14C0CFD84AD2865EF368642DFBB6D4712F614,CC619F2E0422995071274AC390E14C0CFD84AD2865EF368642DFBB6D4712F614,True
packages/结论C07_结论章频率区间、误差幅值与临界时滞总结/package_summary.json,1255,1255,464158BB5BC289060B0DC23724B28B1C93483517CC1B37AC0AC2ADEA9952ECBE,464158BB5BC289060B0DC23724B28B1C93483517CC1B37AC0AC2ADEA9952ECBE,True
packages/结论C07_结论章频率区间、误差幅值与临界时滞总结/README.md,1881,1881,A8FF7D61D275DCDA3533C9E77EBABFDB835A0032D66DEE18DFEC9E6DE0AB9F1A,A8FF7D61D275DCDA3533C9E77EBABFDB835A0032D66DEE18DFEC9E6DE0AB9F1A,True
packages/结论C07_结论章频率区间、误差幅值与临界时滞总结/shared_evidence_manifest.csv,9797,9797,E0E98E89A8D9A26971FB6DCDB1F89374A63941133DF007B711C5960965B75AD3,E0E98E89A8D9A26971FB6DCDB1F89374A63941133DF007B711C5960965B75AD3,True
packages/结论C07_结论章频率区间、误差幅值与临界时滞总结/visual/C07_人工视觉记录.csv,1657,1657,FAC7394DA58E0F7B42EF3FC9B688D5F97763EF0252C652BC71CB3D7AAE1DB1EB,FAC7394DA58E0F7B42EF3FC9B688D5F97763EF0252C652BC71CB3D7AAE1DB1EB,True
packages/结论C07_结论章频率区间、误差幅值与临界时滞总结/visual/C07_图件质量.csv,1719,1719,A9B89234D2395FEE40B1D0B474AB6F1410A69BF60D4567CFCB5CCC96D8826256,A9B89234D2395FEE40B1D0B474AB6F1410A69BF60D4567CFCB5CCC96D8826256,True
packages/结论C07_结论章频率区间、误差幅值与临界时滞总结/visual/rendered_pdf_review/图4-4_作者文件身份计算候选_失败诊断.png,82908,82908,060C34EE9D020957425D3F963BEEA8547719E07AC93E2606FD2113E96C3DB6B4,060C34EE9D020957425D3F963BEEA8547719E07AC93E2606FD2113E96C3DB6B4,True
packages/结论C07_结论章频率区间、误差幅值与临界时滞总结/visual/rendered_pdf_review/图4-4_历史最终掩膜边界_绘图级复核.png,45920,45920,E81B5F12FBD33BC793392B07D01C64BAA292E7790069D50D5C71BEE9003EE206,E81B5F12FBD33BC793392B07D01C64BAA292E7790069D50D5C71BEE9003EE206,True
packages/结论C07_结论章频率区间、误差幅值与临界时滞总结/visual/rendered_pdf_review/图4-5_作者文件身份计算候选_失败诊断.png,70336,70336,D10233258A2D6D73079B02197AB54E04B0FB657C2655E3713ABDCC46166B461C,D10233258A2D6D73079B02197AB54E04B0FB657C2655E3713ABDCC46166B461C,True
packages/结论C07_结论章频率区间、误差幅值与临界时滞总结/visual/rendered_pdf_review/图4-5_历史最终掩膜边界_绘图级复核.png,46167,46167,692EEEC0C1A4719A773D6952FDD197692BF2CE56FFD111BE7CDD2A7266584F6B,692EEEC0C1A4719A773D6952FDD197692BF2CE56FFD111BE7CDD2A7266584F6B,True
