delay_ms,input,model,floor,stability,total_to_original_passive_nrmse_percent,cross_term_mm2,reduction_fixed_scale_percent,reference_model_fixed_scale_percent,delay_fixed_scale_percent,control_and_integrator_fixed_scale_percent,same_interface_nrmse_percent,same_delay_full15_nrmse_percent
0.0,eq,Guyan6,1,stable,9.037095667390023,-0.00943728359233915,0.3331449270332515,9.173116823268082,0.0,0.019147896270955554,0.2957057090040465,9.031401232998336
0.0,eq,Guyan6,2,stable,8.817268130496236,-0.16797591326505687,0.48776192483758657,9.1630435747033,0.0,0.018712880715211298,0.42697811260174484,8.81098280431962
0.0,eq,Guyan6,3,stable,9.064341957519712,-0.14021160101735125,0.2987797494683925,9.188286046444663,0.0,0.018355053578082328,0.25595271179680645,9.058451151756579
0.0,eq,CB12,1,stable,9.183204336266408,0.0006731717381626941,0.013222859140149545,9.173116823268082,0.0,0.019147896270955554,0.011736858705665628,9.177599298291087
0.0,eq,CB12,2,stable,9.169390147980096,0.003015729538100253,0.010085648261720903,9.1630435747033,0.0,0.018712880715211298,0.008828797082897718,9.163616215884762
0.0,eq,CB12,3,stable,9.197566311100909,0.010148104909619543,0.008012294221425449,9.188286046444663,0.0,0.018355053578082328,0.006863813351930913,9.191717930333288
0.0,chirp,Guyan6,1,stable,8.472404383787996,-0.089934871298099,0.6906989842633982,8.61362549881364,0.0,0.021637495215439,0.6564287958579065,8.474146373225166
0.0,chirp,Guyan6,2,stable,8.394954658525993,-0.9553958372204397,0.4887340366959844,8.642006577709058,0.0,0.020794945729503418,0.45224115020846206,8.396807849014046
0.0,chirp,Guyan6,3,stable,8.670940939120015,-0.8198137338335798,0.2876025133809579,8.76525034224139,0.0,0.020675642188479643,0.2583994454195432,8.67377089720717
0.0,chirp,CB12,1,stable,8.623721811232922,0.005338621859852559,0.04456492410764301,8.61362549881364,0.0,0.021637495215439,0.042353760662724796,8.62573214312951
0.0,chirp,CB12,2,stable,8.652002929566674,0.036966453074441935,0.0181486824658604,8.642006577709058,0.0,0.020794945729503418,0.016793553173859176,8.654581091325241
0.0,chirp,CB12,3,stable,8.777425809265607,0.10109101491209081,0.011847191237057027,8.76525034224139,0.0,0.020675642188479643,0.010644231197589721,8.780426174937762
0.9765625,eq,Guyan6,1,stable,9.51914047519592,-0.022898294051115823,0.3930621732446125,9.828829603265568,0.36538169290666644,0.019147896270955554,0.3412662513584732,9.553626217540923
0.9765625,eq,Guyan6,2,stable,9.286568017943864,-0.29432672407879934,0.5184682379457272,9.857118706692562,0.345751669937052,0.018712880715211298,0.44503276349913,9.36517030050984
0.9765625,eq,Guyan6,3,stable,9.561515485176242,-0.33924020905135843,0.3354545438130647,9.842767673302959,0.3464921822509404,0.018355053578082328,0.2822896106480799,9.578447042757977
0.9765625,eq,CB12,1,stable,9.668151616790452,-0.01191143574971568,0.017208308826553616,9.828829603265568,0.36538169290666644,0.019147896270955554,0.014940677188497105,9.702429270830322
0.9765625,eq,CB12,2,stable,9.658032108351643,-0.10421987040757495,0.011441607739447645,9.857118706692562,0.345751669937052,0.018712880715211298,0.009821026513281676,9.728161556388443
0.9765625,eq,CB12,3,stable,9.69607562193563,-0.17805341600418598,0.009167807833214647,9.842767673302959,0.3464921822509404,0.018355053578082328,0.007714836336146797,9.712670574539514
0.9765625,chirp,Guyan6,1,stable,8.895533301469186,-0.2474159723896714,0.9610436276608854,9.271161459955048,0.45141395955596203,0.021637495215439,0.8746392506247654,8.773953867126185
0.9765625,chirp,Guyan6,2,stable,8.794565153020008,-2.097723856843256,0.5513687169280597,9.308572451157122,0.39671545922630713,0.020794945729503418,0.4886845047444334,8.72000879816838
0.9765625,chirp,Guyan6,3,stable,9.104671104434463,-2.717318619139716,0.3415330786778297,9.398981154137502,0.40391013227509004,0.020675642188479643,0.29393713759855616,8.968104252211587
0.9765625,chirp,CB12,1,stable,9.055406766847396,-0.1295109185799654,0.06403931841185756,9.271161459955048,0.45141395955596203,0.021637495215439,0.05828174689904092,8.942113866094727
0.9765625,chirp,CB12,2,stable,9.068692418210503,-0.980842027055272,0.025098086814355998,9.308572451157122,0.39671545922630713,0.020794945729503418,0.022244726166621903,8.981154275169175
0.9765625,chirp,CB12,3,stable,9.209395336477577,-1.7519219276732987,0.01595399644585561,9.398981154137502,0.40391013227509004,0.020675642188479643,0.013730652581900989,9.07108185174059
1.953125,eq,Guyan6,1,stable,10.074493884768396,-0.04033492520179037,0.49336979223842287,10.570260290047429,0.7640313999161394,0.019147896270955554,0.41542960227169523,10.139231292319579
1.953125,eq,Guyan6,2,stable,9.825853533841997,-0.452738844985304,0.5578426287901912,10.635478545571104,0.7221305836433988,0.018712880715211298,0.4694453010218311,9.984745059015161
1.953125,eq,Guyan6,3,stable,10.13102200447339,-0.5959494846569892,0.3815137867670548,10.581348578082112,0.7233570706938367,0.018355053578082328,0.3154081311471053,10.164694488711408
1.953125,eq,CB12,1,stable,10.225603774165554,-0.028265078440780047,0.02470364486215156,10.570260290047429,0.7640313999161394,0.019147896270955554,0.020801081706245558,10.290441816910626
1.953125,eq,CB12,2,stable,10.218079558637648,-0.2400761529149385,0.013767302987396726,10.635478545571104,0.7221305836433988,0.018712880715211298,0.011585697043615487,10.359348952982618
1.953125,eq,CB12,3,stable,10.26633098712944,-0.42274230789635553,0.01086054256104382,10.581348578082112,0.7233570706938367,0.018355053578082328,0.008978714665727078,10.29933608874275
1.953125,chirp,Guyan6,1,stable,9.406272851508263,-0.4832965481721562,1.479565627352676,10.04391776409023,0.970001238290157,0.021637495215439,1.2884627565729887,9.12992894529208
1.953125,chirp,Guyan6,2,stable,9.249370959641697,-3.579445606976335,0.665058794836664,10.053723980592885,0.8346266941395618,0.020794945729503418,0.5639909156344589,9.06276004134132
1.953125,chirp,Guyan6,3,stable,9.596412572653193,-5.219501034609697,0.4374735470178899,10.10847462441973,0.8466257545409043,0.020675642188479643,0.3597944157951536,9.2733372932187
1.953125,chirp,CB12,1,stable,9.57217200791364,-0.3175510288410308,0.10335278703398981,10.04391776409023,0.970001238290157,0.021637495215439,0.09000358917473922,9.325229279064393
1.953125,chirp,CB12,2,stable,9.543534745535553,-2.2974481715216495,0.03919749539540135,10.053723980592885,0.8346266941395618,0.020794945729503418,0.03324071719713037,9.330049603290197
1.953125,chirp,CB12,3,stable,9.698257154152552,-4.196430364197351,0.024315294312247018,10.10847462441973,0.8466257545409043,0.020675642188479643,0.01999779683045471,9.372108721501027
2.9296875,eq,Guyan6,1,stable,10.720894795152978,-0.06317685841490252,0.7115143199765921,11.415445661334138,1.2024278136019655,0.019147896270955554,0.5790589912859571,10.774759567513051
2.9296875,eq,Guyan6,2,stable,10.448717991405088,-0.6518717157606266,0.6139667910413001,11.513646663991072,1.134086545432392,0.018712880715211298,0.5064634195504532,10.681471094091266
2.9296875,eq,Guyan6,3,stable,10.786981643422406,-0.9264097325840831,0.44429801745509506,11.419803741066556,1.1353101967044184,0.018355053578082328,0.3609160924170382,10.829463906197862
2.9296875,eq,CB12,1,stable,10.87098830177214,-0.04952155453966284,0.04322092708652919,11.415445661334138,1.2024278136019655,0.019147896270955554,0.03517493005902238,10.925675303471909
2.9296875,eq,CB12,2,stable,10.863498046938277,-0.4120506750096576,0.019369160405676458,11.513646663991072,1.134086545432392,0.018712880715211298,0.01597769025299002,11.069177108840941
2.9296875,eq,CB12,3,stable,10.922260468108705,-0.7395731970383854,0.01423051769154894,11.419803741066556,1.1353101967044184,0.018355053578082328,0.011559859906024606,10.963745733864947
2.9296875,chirp,Guyan6,1,stable,10.084450208581497,-0.9103108182487027,2.6826935956367284,11.010267159216914,1.5904617821990383,0.021637495215439,2.22645147634708,9.583868072453322
2.9296875,chirp,Guyan6,2,stable,9.770319613083467,-5.567735896531893,0.9370441540509258,10.897269997537105,1.3241808197666098,0.020794945729503418,0.7561302188148401,9.415081343228064
2.9296875,chirp,Guyan6,3,stable,10.157413160555274,-8.56244266778285,0.6611390537617133,10.908450261076883,1.3357747237682405,0.020675642188479643,0.5174627936112884,9.60060944543458
2.9296875,chirp,CB12,1,stable,10.235824217873486,-0.5920384298835578,0.20919579779470146,11.010267159216914,1.5904617821990383,0.021637495215439,0.17361814767186284,9.806498964844266
2.9296875,chirp,CB12,2,stable,10.091731868501878,-4.009317949795316,0.07739569459597893,10.897269997537105,1.3241808197666098,0.020794945729503418,0.06245300526895301,9.694734054148688
2.9296875,chirp,CB12,3,stable,10.254768789386057,-7.413012913536338,0.04720221965655316,10.908450261076883,1.3357747237682405,0.020675642188479643,0.03694441027066755,9.694683791847691
3.90625,eq,Guyan6,1,stable,11.51049875393516,-0.09480111365418631,1.4293804920151552,12.393136405301723,1.690852378672665,0.019147896270955554,1.1238549392037882,11.465368086054506
3.90625,eq,Guyan6,2,stable,11.174471270409631,-0.9041218641915718,0.7321936735187832,12.512243560184338,1.588093540208565,0.018712880715211298,0.5920416066385742,11.47319219952659
3.90625,eq,Guyan6,3,stable,11.54929567769933,-1.3524229653617437,0.5636252398304004,12.378652723497614,1.5883139239317121,0.018355053578082328,0.449934677578019,11.589205468596356
3.90625,eq,CB12,1,stable,11.63035100469185,-0.07729801286215099,0.12690742322627832,12.393136405301723,1.690852378672665,0.019147896270955554,0.09978136347264926,11.58516606130177
3.90625,eq,CB12,2,stable,11.613584980961209,-0.6298496434976226,0.047057446848562424,12.512243560184338,1.588093540208565,0.018712880715211298,0.0380499961200737,11.875014840908184
3.90625,eq,CB12,3,stable,11.68264038952287,-1.1488554861870028,0.029751330937565164,12.378652723497614,1.5883139239317121,0.018355053578082328,0.023750099440078894,11.72108889836549
3.90625,chirp,Guyan6,1,stable,11.43789281971413,-2.234799998211109,6.36238236459037,12.507663490504934,2.393369554526587,0.021637495215439,5.018122718867921,10.617680449301677
3.90625,chirp,Guyan6,2,stable,10.389486230718765,-8.71697420225109,1.8548425522075163,11.896779484075616,1.885013987742837,0.020794945729503418,1.4228385262308965,9.82919278949317
3.90625,chirp,Guyan6,3,stable,10.819252850102304,-13.452953450493036,1.386723190098055,11.829389885223978,1.88331122030117,0.020675642188479643,1.031937425866289,9.987065599839951
3.90625,chirp,CB12,1,stable,11.39053781030524,-1.0240626233339174,0.697602125630992,12.507663490504934,2.393369554526587,0.021637495215439,0.5502110490627229,10.690981288965125
3.90625,chirp,CB12,2,stable,10.770016741416667,-6.262612773973202,0.2545796207346496,11.896779484075616,1.885013987742837,0.020794945729503418,0.19528649045894023,10.143102807748864
3.90625,chirp,CB12,3,stable,10.90622655908172,-11.654980403578463,0.15426133635251418,11.829389885223978,1.88331122030117,0.020675642188479643,0.11479439262499903,10.070928498743285
4.8828125,eq,Guyan6,1,unstable,56443.19583783768,-28986.55802790251,56512.80101723169,296.1431925515092,2.2525710722146823,0.019147896270955554,1722.5262619849045,51246.0677738068
4.8828125,eq,Guyan6,2,unstable,11201.867795056241,-15407.991650523156,11227.76611473369,106.03714151941335,2.0937829735607654,0.018712880715211298,962.7577808865846,10501.799924901374
4.8828125,eq,Guyan6,3,unstable,10882.733398524755,-19333.047417201014,10897.433736016124,64.13004832925185,2.09039315645137,0.018355053578082328,1566.522672350313,10164.292564166339
4.8828125,eq,CB12,1,unstable,463.7151236058216,-1589.506927131807,750.5155632951671,296.1431925515092,2.2525710722146823,0.019147896270955554,22.875928011604454,421.0383643759332
4.8828125,eq,CB12,2,unstable,166.30135293064657,-1439.4937271773883,267.8216986454909,106.03714151941335,2.0937829735607654,0.018712880715211298,22.96515812908206,155.99129797538157
4.8828125,eq,CB12,3,unstable,99.20960686290759,-1170.1233683221997,159.22682139638522,64.13004832925185,2.09039315645137,0.018355053578082328,22.889097727599367,92.77093843348338
4.8828125,chirp,Guyan6,1,unstable,882.8216145765521,-286.37291973588054,887.765498511681,20.90907561066231,3.612561720193566,0.021637495215439,447.8143642930639,720.6683248326619
4.8828125,chirp,Guyan6,2,unstable,178.52982433054808,-160.07266859128902,180.03108609642302,14.156467373522375,2.568255211162643,0.020794945729503418,131.14542436310026,145.7939870829554
4.8828125,chirp,Guyan6,3,unstable,176.5967967826858,-209.56633265335745,177.3265092434847,13.30491371835582,2.5143439697115055,0.020675642188479643,125.34928673103784,143.98591348485863
4.8828125,chirp,CB12,1,unstable,19.599580143887025,-3.3114799391019605,6.3507156487179985,20.90907561066231,3.612561720193566,0.021637495215439,3.203483009651161,17.047038078528583
4.8828125,chirp,CB12,2,unstable,12.759790002694182,-10.630456516756992,2.3033750153258263,14.156467373522375,2.568255211162643,0.020794945729503418,1.6779162999132178,11.558547679700611
4.8828125,chirp,CB12,3,unstable,12.102862561144846,-18.416785098460107,1.3945171812703228,13.30491371835582,2.5143439697115055,0.020675642188479643,0.9857619977529383,10.84003559931791
