division,dof_number,dof_label,floor_number,dof_type,role,ordered_position,is_floor_output,is_force_source,evidence,status
1,1,psi1,1,horizontal_translation,master,1,1,1,input/response_chain/regenerate_chapter3_data.m:248;input/response_chain/regenerate_chapter3_data.m:249;input/response_chain/regenerate_chapter3_data.m:250,PASS
1,2,psi2,1,node_rotation,slave,7,0,0,input/response_chain/regenerate_chapter3_data.m:248;input/response_chain/regenerate_chapter3_data.m:249;input/response_chain/regenerate_chapter3_data.m:250,PASS
1,3,psi3,1,node_rotation,slave,8,0,0,input/response_chain/regenerate_chapter3_data.m:248;input/response_chain/regenerate_chapter3_data.m:249;input/response_chain/regenerate_chapter3_data.m:250,PASS
1,4,psi4,1,node_rotation,master,4,0,0,input/response_chain/regenerate_chapter3_data.m:248;input/response_chain/regenerate_chapter3_data.m:249;input/response_chain/regenerate_chapter3_data.m:250,PASS
1,5,psi5,1,node_rotation,slave,9,0,0,input/response_chain/regenerate_chapter3_data.m:248;input/response_chain/regenerate_chapter3_data.m:249;input/response_chain/regenerate_chapter3_data.m:250,PASS
1,6,psi6,2,horizontal_translation,master,2,1,1,input/response_chain/regenerate_chapter3_data.m:248;input/response_chain/regenerate_chapter3_data.m:249;input/response_chain/regenerate_chapter3_data.m:250,PASS
1,7,psi7,2,node_rotation,slave,10,0,0,input/response_chain/regenerate_chapter3_data.m:248;input/response_chain/regenerate_chapter3_data.m:249;input/response_chain/regenerate_chapter3_data.m:250,PASS
1,8,psi8,2,node_rotation,slave,11,0,0,input/response_chain/regenerate_chapter3_data.m:248;input/response_chain/regenerate_chapter3_data.m:249;input/response_chain/regenerate_chapter3_data.m:250,PASS
1,9,psi9,2,node_rotation,master,5,0,0,input/response_chain/regenerate_chapter3_data.m:248;input/response_chain/regenerate_chapter3_data.m:249;input/response_chain/regenerate_chapter3_data.m:250,PASS
1,10,psi10,2,node_rotation,slave,12,0,0,input/response_chain/regenerate_chapter3_data.m:248;input/response_chain/regenerate_chapter3_data.m:249;input/response_chain/regenerate_chapter3_data.m:250,PASS
1,11,psi11,3,horizontal_translation,master,3,1,1,input/response_chain/regenerate_chapter3_data.m:248;input/response_chain/regenerate_chapter3_data.m:249;input/response_chain/regenerate_chapter3_data.m:250,PASS
1,12,psi12,3,node_rotation,slave,13,0,0,input/response_chain/regenerate_chapter3_data.m:248;input/response_chain/regenerate_chapter3_data.m:249;input/response_chain/regenerate_chapter3_data.m:250,PASS
1,13,psi13,3,node_rotation,slave,14,0,0,input/response_chain/regenerate_chapter3_data.m:248;input/response_chain/regenerate_chapter3_data.m:249;input/response_chain/regenerate_chapter3_data.m:250,PASS
1,14,psi14,3,node_rotation,master,6,0,0,input/response_chain/regenerate_chapter3_data.m:248;input/response_chain/regenerate_chapter3_data.m:249;input/response_chain/regenerate_chapter3_data.m:250,PASS
1,15,psi15,3,node_rotation,slave,15,0,0,input/response_chain/regenerate_chapter3_data.m:248;input/response_chain/regenerate_chapter3_data.m:249;input/response_chain/regenerate_chapter3_data.m:250,PASS
2,1,psi1,1,horizontal_translation,master,1,1,1,input/response_chain/regenerate_chapter3_data.m:252;input/response_chain/regenerate_chapter3_data.m:253;input/response_chain/regenerate_chapter3_data.m:254,PASS
2,2,psi2,1,node_rotation,slave,7,0,0,input/response_chain/regenerate_chapter3_data.m:252;input/response_chain/regenerate_chapter3_data.m:253;input/response_chain/regenerate_chapter3_data.m:254,PASS
2,3,psi3,1,node_rotation,slave,8,0,0,input/response_chain/regenerate_chapter3_data.m:252;input/response_chain/regenerate_chapter3_data.m:253;input/response_chain/regenerate_chapter3_data.m:254,PASS
2,4,psi4,1,node_rotation,master,3,0,0,input/response_chain/regenerate_chapter3_data.m:252;input/response_chain/regenerate_chapter3_data.m:253;input/response_chain/regenerate_chapter3_data.m:254,PASS
2,5,psi5,1,node_rotation,slave,9,0,0,input/response_chain/regenerate_chapter3_data.m:252;input/response_chain/regenerate_chapter3_data.m:253;input/response_chain/regenerate_chapter3_data.m:254,PASS
2,6,psi6,2,horizontal_translation,slave,6,1,1,input/response_chain/regenerate_chapter3_data.m:252;input/response_chain/regenerate_chapter3_data.m:253;input/response_chain/regenerate_chapter3_data.m:254,PASS
2,7,psi7,2,node_rotation,slave,10,0,0,input/response_chain/regenerate_chapter3_data.m:252;input/response_chain/regenerate_chapter3_data.m:253;input/response_chain/regenerate_chapter3_data.m:254,PASS
2,8,psi8,2,node_rotation,slave,11,0,0,input/response_chain/regenerate_chapter3_data.m:252;input/response_chain/regenerate_chapter3_data.m:253;input/response_chain/regenerate_chapter3_data.m:254,PASS
2,9,psi9,2,node_rotation,master,4,0,0,input/response_chain/regenerate_chapter3_data.m:252;input/response_chain/regenerate_chapter3_data.m:253;input/response_chain/regenerate_chapter3_data.m:254,PASS
2,10,psi10,2,node_rotation,slave,12,0,0,input/response_chain/regenerate_chapter3_data.m:252;input/response_chain/regenerate_chapter3_data.m:253;input/response_chain/regenerate_chapter3_data.m:254,PASS
2,11,psi11,3,horizontal_translation,master,2,1,1,input/response_chain/regenerate_chapter3_data.m:252;input/response_chain/regenerate_chapter3_data.m:253;input/response_chain/regenerate_chapter3_data.m:254,PASS
2,12,psi12,3,node_rotation,slave,13,0,0,input/response_chain/regenerate_chapter3_data.m:252;input/response_chain/regenerate_chapter3_data.m:253;input/response_chain/regenerate_chapter3_data.m:254,PASS
2,13,psi13,3,node_rotation,slave,14,0,0,input/response_chain/regenerate_chapter3_data.m:252;input/response_chain/regenerate_chapter3_data.m:253;input/response_chain/regenerate_chapter3_data.m:254,PASS
2,14,psi14,3,node_rotation,master,5,0,0,input/response_chain/regenerate_chapter3_data.m:252;input/response_chain/regenerate_chapter3_data.m:253;input/response_chain/regenerate_chapter3_data.m:254,PASS
2,15,psi15,3,node_rotation,slave,15,0,0,input/response_chain/regenerate_chapter3_data.m:252;input/response_chain/regenerate_chapter3_data.m:253;input/response_chain/regenerate_chapter3_data.m:254,PASS
