path,bytes,sha256
README_使用说明.md,4989,9fb739f7a23324a92e358c1dd162fd826373e9d0c8e2ffbee2348a11776b1f17
captions.md,5757,c03979910b7a2401c1eac83c52c8026c5a39701a22c3800502a46eb80477b416
captions.txt,3565,4109e3c2a3f297527a4f13c1864963a575d5259993a5c747a9dd3c1a0e7f1b34
fig1.pdf,95687,2993e19e58f02cdb3f193a36dfc220712124861693da810e65f8226b59509280
fig1.svg,76937,a6adda996affb5cee9d59cc28b6b555b0bb9e87b0fc7acb31f0a892447d4d425
fig10.pdf,161564,eaa1eef5abff583a2ad30d0cdbec1746aee944bd8cb65841ce0e80333d16f8cb
fig10.png,1132780,3eba853a9253dc6ad23ab90b2f3b92977d6dbbe948d51905388b1bf7a612f396
fig10.svg,313177,22f68a23b92524da709a94835aa5f4ac52c121392d26cb72ce5d9f79b003ad7b
fig11.pdf,163502,e5c5cff288e448cbde0a11a16d351234da9f40f9ea350962cf81274de94b8af7
fig11.png,1160467,90a68c3932c1c0161c6748b65608597210a99feafac4da3d83c47e3fe769e3dc
fig11.svg,312624,cae2508ac6a88bdafa775a12eee65b8df7307f847fe0eb21ae41915ce8629504
fig12.pdf,192808,7e1037e9b41482a50fade5e0d2552721f7ff170445cc0473f09047eb92c26105
fig12.png,914974,6fc3be2dbf1708e1ac9a361040f6ce642583def05203e19c18aa7e586da8435d
fig12.svg,206349,ae964802e7035e563e5ded857e959fa7f9080bc42a3e1b9a6b22df7bc2679ef5
fig13.pdf,70189,8b730781c07834206cc115a6d98bffc22c64965fefae6772da4da4e73d92b467
fig13.png,283216,55f284a86437ceee34ac7c3e2e9871ade9e81065f07fe6b3207fa821da6cbfd4
fig13.svg,96236,87f11e5696700aa7009238e73ed58b1f14e67b029689be30182f6acd8abb44d0
fig14.pdf,102719,83d1d3a804c91dd1ab7c56a85fb7abb012c74b2b768b627343b6726347534fc0
fig14.png,284052,994d11a6a9af5fa4f1ff3cfca02e663c7f09e04ab292a06a2a01fa893a2a95e8
fig14.svg,92550,02ae5ffa6d8bb4ce46e5e17d4909847c5934e66c795f4aedc8ffd660f1f1d420
fig15.pdf,138614,9af338f9e11ad4f686f5ad1b41094f205e5f358668d8efe9cd3813e5e291539b
fig15.png,566158,1b921def6a0aa8bb82c8b261d052bbe42746085e9b1088d29a85a9d00e774fc5
fig15.svg,166552,9dd8466e4ddd4b20bc84c09312171805d98dc75bc951e793298ae058d8c6106f
fig1_generated_editable.svg,13628,f8e08f95f4a9d7ea3f15bac78cc866a073308b01085e3aae725f70ef0e9297a6
fig2.pdf,24257,80526a2f488ecc63864b29593e1b099f5bc5f26c32ccd184c70d53b03af97d92
fig2.svg,32779,147be8ab1a2d1eab8ba92d2d1ad98779adcc2d91faa3d195e1e289ec33507625
fig2_generated_editable.svg,22365,34ce68e2585008f9d522514f66509e40abf7d0a54209a2a3824b8cbe2dad140b
fig3.pdf,33735,786e5128c26bab197e149510da8195b519aeeea13fa0246f2f2c0de858d9c1ce
fig3.svg,55889,083d2b8148068e8a2abb5c6cd6a83c1922e8aed075ab2e5975faf1bf20281729
fig3_generated_editable.svg,29111,eea65c942e2423bef0212b9161d2e0ec94852ead9d4db3c2c4f73ec0c0abb682
fig3_generated_editable_smooth_arc.svg,29039,dc740a62a07ee3e386242966584205e9e79b456f853b93b5046607b3e6c6b984
fig4.pdf,40839,b0e4d1fe5c4c9b3b0d4543e064667051da2c364c370c9d911376b177cbd0fdd0
fig4.svg,98140,83cc04528e86c1317114cb99b689b75e677c223be6fe890986c224cda52bff45
fig4_generated_editable.svg,75844,f5aaa53667f6b3799c5837523bcae44c75874a1aecfb6414aaf4134be31a4993
fig4_generated_editable_smooth_arc.svg,75587,389d91599698172f750bd1d514d019fe479eb65fa1a27d9a518a43d9b2a39e4d
fig5.pdf,154607,54ab1e63391954a6c4992ab71ba5ee1b88cfff48c8646f2156c0e2724d54cdbd
fig5.png,951680,d31e771e01baaedf668444c52b7e61fd68093af208223eef0e7e946b20ca0b96
fig5.svg,101489,f3f2860795be00424e5dde7234db487e9b05494dd971e5a4b5bf5a03f8c591d5
fig6.pdf,164823,c3ddf9e76ea7b6c96e8845493f79f307cf4d2e240e025e2658b8fbe32769baf2
fig6.png,432344,3db839f27436b137fdd4cfe72202fe07f9a228ad7c48338925ba7ccbf30c65c4
fig6.svg,143416,27bcba1d15b0e02b5108fbfddc4280ca8bb029d2f822051622fe4bd079b27ce1
fig7.pdf,149310,8eb8be66a7c07451c925155d60d8bb114ff819198342919c06a91cd9ea6c8536
fig7.png,1027019,58a47aa92bc813f5a4948b6c44552ce75facc3668c1c0d7fe72d6d3acfa266a7
fig7.svg,274233,7e54cfcf5f59c04773aef697390fa2fe5c862c336654c63d4c434b2e7b229b52
fig8.pdf,150899,5fbc84021ac1aa2f7ec35c149bbb2971fb4bdf7928d638d84962b210cf75cb8b
fig8.png,1143987,a4c22b07d2218597fc5fcac391d242eb77b5809d14ab9392d13f4e1fe6076fa8
fig8.svg,276003,ed483a9b520b07f41b1427be4e8759d0849ff292282d207c6ba0762d251d1100
fig9.pdf,180522,6e7f28981255c516b6409ce3567d964c0c68ebd587a55b6f7f675f78fba3497a
fig9.png,1103524,9ef0114dbfd59437a05686d6c8c3187064a3acffbfa0fb6eec04c42d920eb90e
fig9.svg,176468,3e3da77d58de16e33ac03ce3f7cb8657180d1cdbb9620d4e39047e8239cee340
figure_rths.ppt,1716224,2791039528e6f534a241c95783f2584748dedc640ce33b9d1e20e2e3f8dbb1fb
figure_rths.pptx,881916,5a453b3ea96af549e75d404ef1faafce1d6d3042e680b76d2d225e844bcc8c3f
figure_rths_smooth_arc.ppt,1712128,3d7b8877f68563c056a05466591507db2510798abbfa65ca6ad3a1f3f488ca0a
figure_rths_smooth_arc.pptx,882226,66cc9bec1077a4c60805def044a7e1b8059e47dc197cd361b81012a56b3b8a7a
panels/fig10a.pdf,167434,4a718006afa4216e8cfb0302cceacf9b4a27250c7ee3e6541d7585a7f9e50139
panels/fig10a.svg,5160896,f62921cb6b3d3a5fee1e7c02c5f678ebbe2db1227f88dad9ef8e87f282b8a88c
panels/fig10b.pdf,166286,b930d5b649c0f5b4b161fee831882c39f0c219c4e9d4e79f5f5fedaac5309b7b
panels/fig10b.svg,4315641,9d8c79ba2320b480a1fdd6425c416d1d8e8ea7355818b880865d67889175ac41
panels/fig10c.pdf,166289,893f04ae44f567bcff217c8e494e3b6954abe53c30d38fe1d82a534af5fe51a3
panels/fig10c.svg,4316599,6cc8c782c2a415b027be7230cb60ab7dd1ec6d0c864e5772d0089db7f4f991cf
panels/fig10d.pdf,167412,b85f2bb8d2a9319a0d64ce19a1e4e8fdd4e5f1ade1ca1bd57d73198dc15f05df
panels/fig10d.svg,5164116,6e370879ca13761e3a271b0bd36241200e87e6e6507b461efdda9e409cc457d5
panels/fig10e.pdf,166265,411434edd994c15c2db117bb4d2e560e4bd49ed0a26c5553b761a6d1cf23e86e
panels/fig10e.svg,4315614,c288f6c5f5053f956b7b01cc0d9fdbe43fed71ad369a1f251d08d08b92342c9a
panels/fig10f.pdf,166265,a2028350f9bab6481b387e49b464ec2072a8655e251775d0ebe40af80410374a
panels/fig10f.svg,4316557,0fe18f7f461f042b21be968ee680dead9bb82b194c624631f4fc813945df0c30
panels/fig11a.pdf,169686,3b56d242669e8045470ee857c6b963b7ad5ce800bb72ca1a74a8ff16b0f5dad9
panels/fig11a.svg,5151348,2890f786021bba348ed7d5f4afacdc50ea8ae28421c508576c3d89bed713a41f
panels/fig11b.pdf,168540,f0664e2a5b5e64869b9a2953acc115eaef8506c7ce59233e3adc389694154d5d
panels/fig11b.svg,4307735,bf1d0a6ab31562801d500320adba2e7f847f338f1dc110800aae711325ef4442
panels/fig11c.pdf,168541,24450adc17eccf746763cdc11854f089e67e34826185742482fdce6e62c0cfaf
panels/fig11c.svg,4308341,85cdefa9cb084f608d5386d2d24be3c1254671ee555236564a244100657888b6
panels/fig11d.pdf,169664,05cad6953b25b08ec34f0f8030da42929fb346be56845513f68ca8d2db6cdc94
panels/fig11d.svg,5154421,9b2326a691d0c298b2ba00417a150923590540eb80deb6ef5b5e6524fcc3d6e2
panels/fig11e.pdf,168520,6dae526f0f4202181d31966eb83524dd9c4658ac5e4bf471b99f8c0074c5ff17
panels/fig11e.svg,4307693,88a5a002d6b7e8f48fcf956f72587cf8de08f0f1cd50922cc6db5c0776322726
panels/fig11f.pdf,168516,9ee1bc7e2aeb375b38773e2d587ee8364030c914ec8c165bd438f5ee947b2ef5
panels/fig11f.svg,4308455,56974f65fe9816794789784e27bb60cf54e67052fafba374b6fc06992ac38599
panels/fig12a.pdf,197713,9defb7506ca2a94699e0484bc367b05a7a40879851f245ff7ab7cfd8fab7a54b
panels/fig12a.svg,2316119,c724aa20ccb41a1339dd94f7d25a402ddca96f4f5a167b96b15ea4186bd2a6e4
panels/fig12b.pdf,197713,fffb7b0b07c0dce650afa368a19251bc67c238f8fa4d036c358cdbe53a6eaf3d
panels/fig12b.svg,2316516,53d44fea81618ad1e21625294d7dcdae7bc3fb1d579397518a808c6236d6cf14
panels/fig12c.pdf,197694,efbf0f1f542a7545d091a3316fad9133b15b3b9a6627ebd70aa76ed0dcb3c8d3
panels/fig12c.svg,2317203,98c7097815f147f04cf58bb2e84979a5233dfa94d31dd4fca8585bf4d4039d55
panels/fig13a.pdf,76449,52852f2eb8895056112a9eee3752d1562a38ddf3dee45efad595d16b8de9ad4f
panels/fig13a.svg,1035251,ebb895fbed37d450dfd593a66f0dc9f4d9690a4fee41d26e0bcecc5f60e1600a
panels/fig13b.pdf,76468,5b59827b5724ecfd1d6abebacddda9f4011f043b7ad4283e19e95502abdc4c2c
panels/fig13b.svg,1037594,3e711b5d1550030c2cd41d0f67df4f345e7f936e1d1199ca5f0645af1a3a7250
panels/fig13c.pdf,76466,7837e7ebd3815f4114b69b52341305f4b48e37fa4650bb59f2c480738e665461
panels/fig13c.svg,1037570,6e46cbdcd4ee400c234d9e9c8ea400e8318c1bfd16ea77bdbd2289cb6dea9df0
panels/fig13d.pdf,76467,653532cf838865b8471f3430f7a5b37ad091d3a3cdc3f7f55588aecdbf7f356f
panels/fig13d.svg,1038342,4481c5d673ebf791625aa259cb1932d432aeb10371fe706f4e35c14e651db6a8
panels/fig14a.pdf,109882,2b5757ccd23651bf85cf89458baeceae626412b5821d21fb7c29c1d28485f4d7
panels/fig14a.svg,1237082,d887a7d80e10b3315d4ce98d13465c5e2237d3e3ff0c939e5cd29bbf6b3d2428
panels/fig14b.pdf,109510,54d62cbdb81c1d408f795bfbe094cc9f020d26faaf83f22d1be6997b2544cf33
panels/fig14b.svg,1175760,37ea90c96d34270889d26614a4e181d0e1c2e0746dd74cf8df2a11842c459d76
panels/fig15a.pdf,144059,a1eeadc63b38837a18b7e50acfa6cce6b74330c8978411f11978a0e064e09d95
panels/fig15a.svg,1771894,6952570b44a9c867ead2c369a6cb9af6e76b0011a5d399ba24989c84e7698dc2
panels/fig15b.pdf,143723,fd9671b3c3f4e11a06340fc2a458953671ea97cacb98f027d702ee6bbce05d0b
panels/fig15b.svg,1663514,a8525220b60301c74f77fffe053c7825a1da3c69c2839977f201c0f824d5164d
panels/fig15c.pdf,146404,bae8c95fd2d702710ff31a6c1a0f3b30ac723db49bd8f4b913333e0a67284af2
panels/fig15c.svg,2519877,0b95afe2be633e2e01b01093af37134fecfccf1f7e51574cde3265178b60173f
panels/fig15d.pdf,144077,df07cf0815d854f381f2b602e82772aa29324ebc4be40fd49f343fbe904e680a
panels/fig15d.svg,1786625,07f846d611c3a4ceb8cc80b60cc85427b19543b2d4616b33b4ba1848145b5c90
panels/fig1a.pdf,95938,8d04e5d0006bd553fc53be3a0065e3485a8bafbc93e876a4683abf5875746bfb
panels/fig1a.svg,77239,bc1ba29642a57cabe84247f556b6ae0539ac14ed811db5fe254867faba598bf0
panels/fig2a.pdf,24486,a6bfcda7a221bd5fbf0d1b824d62bb228f0f44ffb847712dc4389c0e6968201f
panels/fig2a.svg,33065,9d28366a83adbed7c9f1ea5896ba1d86acfd986846ddb9fdb17b1b3184df74ea
panels/fig2b.pdf,24520,786fd1c08d8792d9d5d8bb26b852ffd45c74a07eb765d0003e875a5c00e5403c
panels/fig2b.svg,33404,6ee108cc00749ad9966ff5d49f57e963b91820de716e5fc8d19a20ad4043d4ae
panels/fig3a.pdf,33987,955bd6935f7cf28943ed2f747a8b5e7287ba4bb3baec21a59eb9b6003fd40f32
panels/fig3a.svg,56187,1f870aea9a71858599768714288fc21ff5d949af7035e712a35f98d404c3c74b
panels/fig4a.pdf,41064,ba2b86d8726372f10ef19eca873d64e71814b04c43c242d269a72e36e61562f7
panels/fig4a.svg,98436,d6dbd8899be2c70924d0acd30e34d4fec7bb1c62f910bdfa5f96736ab44a5b15
panels/fig4b.pdf,41055,623bb31fcf266b020e38603c56bc180c09ad19a88e5fe223c5d7e6eece22aab9
panels/fig4b.svg,98884,b147e2aab7b072a78d4f29c295720b891bd3ae50642ec49d88c348e9ec30e6d6
panels/fig5a.pdf,159686,f49c02d96c967350a22bd7025191db0cc8b7b23c30bbd2b673c50a194f4ef0fa
panels/fig5a.svg,1068921,23fef77196e7fd3fe58b381c6025defb243526d87e2064fd7c22e2b286c5e7ac
panels/fig5b.pdf,159653,fe76f5865730c2a2f7847b1f6033539784b5e836129af4772ddbe74d9ac030d4
panels/fig5b.svg,1069358,d91606d2036c365fb5e38d07a6eae638a484f89f53f12aca2f54bd78c04d13e7
panels/fig6a.pdf,171473,f2a84e183217ce65fbb5b8b8a308bbd91cb6bf93dd64b2202fae172f25fac6c5
panels/fig6a.svg,1640688,568c3a8b9f407eb6f09a130e3c611486a2ed18343e7ba07c5805718eec548a1c
panels/fig6b.pdf,171486,543fcd1888f5cffa953614312b7b1a6cefac3981dc7e2fc9ed3bd9711f6ec1ea
panels/fig6b.svg,1643215,5c9e3aa0f3a3bd6f938a04aab0a061360d321d53b60208e190687fb7d08ef863
panels/fig6c.pdf,171484,838136a16ddb52bfa040189010d401d59295211c29d0f2f180ff6489f0845c09
panels/fig6c.svg,1643991,f28695bc971ac1afb679a8419260a882874f419446093b2e992d1bbd7f69c91b
panels/fig6d.pdf,171485,517acf3cf5bf60d52c3e1dd79a5f153fc92a5aa5d685b977089529764771c3ab
panels/fig6d.svg,1644443,cec1e403402fb5518d733c991bff7e5a6d59a4f94197eb4e45975b8477bd4fc8
panels/fig7a.pdf,155852,3556924539251ab500dd46446b74e22b425887810df4fc1a31ef65049d03ca9b
panels/fig7a.svg,4463470,0c74c45e990538ae11c697a8842e478d51c1af001a0c70ba4edbad9c7266f14a
panels/fig7b.pdf,155082,8590b2ea538e2f1f8d80e3d8c3b6c79b179b3986b77334ec78e1d5d6a83fbf22
panels/fig7b.svg,3977255,4a0cc88834047cc03dcf725ac1b649f718be7c22fb2efe41556f9d9ebc5616b1
panels/fig7c.pdf,154698,f905d3d48c22deed0a7da0b3d8dd034ee96041020662095e8c8ed403c1c84829
panels/fig7c.svg,3733362,1a9107fe01d4276c9d0f1ca5a854e242c99de02984f47330cdf0e24a2e5b8c88
panels/fig7d.pdf,155819,e0b1c3883e156d9ef58d751c1fca5f98f63558b68acbe6f2668a2a1146b1c075
panels/fig7d.svg,4463418,e2dda17429eece29508009a51f7e54f06d303b4cd667f76ed942c981d2e54ef3
panels/fig7e.pdf,155057,ec60c6100420a6d01c4ab9b11f80cb162f7a5e78b5baf15afbbdc14b070602e1
panels/fig7e.svg,3978128,724133ddc2a39e9d1c7e8d39461d573ad5ce586c3309dc5b84354dd51b24b595
panels/fig7f.pdf,154672,9244320b7dfa68978b5ad348017f37466af7f1300ed919673ec312f1c5cc8027
panels/fig7f.svg,3733661,e406e95292b673ac2abe473eccb188abd4e4a847a11f1f2a768b6a2d08525f3d
panels/fig8a.pdf,157523,bd0b364bc261ce391db19287cdf8326ee57d4dac96e478504fcd569e3150f87a
panels/fig8a.svg,4496509,f7c0e8b58e4d36c6b487d30b231b043cdfd08096b1122c5d7f722b7cec272007
panels/fig8b.pdf,156359,31fdae5e1e608d9c16ac2d48165c9e612fc65a735d68f7026992857e5d76a0cf
panels/fig8b.svg,3758282,18c0e0997e1428f02c76e4c25b35ee098f19b7f35c8d055a15550ea2772948a7
panels/fig8c.pdf,156765,2b379e4876e5d92d6f9204d13b8ddac5b88a3f4ea0f2045ca998f36307194261
panels/fig8c.svg,4009703,ee8af7e0d9ccc1d026024ecddfe23113d0a65ce715cd4ab799d7da9983870016
panels/fig8d.pdf,157492,e124453855b98c548324bb434d1500c5bf5bc94a27967b1fc4b43a7cf467fb35
panels/fig8d.svg,4496148,d0b37d8e5e8842cc837082819c03ab8ae95310df958f233aa436f2fb53b21efd
panels/fig8e.pdf,156336,d8667eb3dc36514df506835f7c8c455b6ee7567fd0a0ba937ad56e5d50627644
panels/fig8e.svg,3758719,95e80357d4f18b6bbfdcd6395fb60bed3a9b9900696b8e443792518a3bbbd9e7
panels/fig8f.pdf,156740,0510473ebf0a93c8ccd310a6522c6ffe29e7ce05ec40e634aece1df4293eaa94
panels/fig8f.svg,4009696,a631424c8d5587c810568b8f97a622f885ad1373e7521c67c3ea0cec1b3fc267
panels/fig9a.pdf,185680,64b1dcb30760a70ad608360357528db0c79bda78dd232c728e01b14cf52462a2
panels/fig9a.svg,1930369,32eef694b7e6009facdf5f42a7f05754374256772f544f90ebf51f00929712bd
panels/fig9b.pdf,185679,b3011d70afeb1f6dfd7f7198f2da7a0b529b160c82ed0ffada07283a09358051
panels/fig9b.svg,1930795,9d077c802c072972e4e11b1a10273335892167970a3c43f2690b90dacb0f1828
panels/fig9c.pdf,185646,a12753f52cb38f0a49aa1ddad1cfa1d9fd2b21b76d8a4e99717fb94143a22859
panels/fig9c.svg,1928717,9e350c2210f1151a3096e0a4f46686c22a016f69635e2eb5169f41ce4fa83059
panels/子图素材清单.csv,5221,27110b3cb486d98560fa061514925dd19fa670814ce6da67902c84e5d73c3bc5
source/all15_ppt_update_20260907/before_figure_rths.ppt,689152,e6b8c549fcc9c0dc92683db75c743ca5def9b6e61773e2e697cefb83c8338d98
source/all15_ppt_update_20260907/before_figure_rths.pptx,76230,91c3f4ec2c0e2ab9f3796d5323789f42f23cc9cd6c210a088d25b653d0805721
source/all15_ppt_update_20260907/before_live_before.ppt,688640,d4a116a8220c03a694832df3077573f90d07b2650bc831723d76ade3ded8d1ca
source/all15_ppt_update_20260907/before_live_before.pptx,122034,47607837b9a9ee8a0c77a6fe115306578364c00cc27d1bc7924da8aef3891c6f
source/all15_ppt_update_20260907/delivery_acceptance.json,2712,ba5e4fde7c62ad2b76c97a6e516fdafc106ed51bca7e3ec585822e97c5b9883f
source/all15_ppt_update_20260907/emf_validation_gdi.json,3997,a4f77af32b0e7e4e2ac46b9d0723a8e733ffeee7c90f496cd717f430a315f59e
source/all15_ppt_update_20260907/finalizer_tight_validation.json,3768,12bcfcf48dfe3e3860554a097175ec857c923ee86a51518f1d3ba7bba8d54b6a
source/all15_ppt_update_20260907/formats_acceptance.json,5028,6d1d22fea4852086800ae201e33dba37a6eb308f9a257c5d1d6b6148a8bd8c75
source/all15_ppt_update_20260907/live_installation.json,404,4728592037308f919861069393cd682be847695af4f2ab1b21b962d1e31be9a4
source/all15_ppt_update_20260907/math_changes.json,35259,a19abf4f812cc6f72f8fbf236cfd18216ff260cbb007de5e42347e5248fe2b65
source/arrow_line_correction_20260911/README.md,1205,a65cd1477f1f079fae374cfbda53b045697dd9dfd8f94e987769b910726cf9a3
source/arrow_line_correction_20260911/acceptance/curve_arrow_direction_measurements.csv,6566,88b94b5a52e2300c0a49fcbc898465874a2359fe12a05c67fc821d5183a0f97d
source/arrow_line_correction_20260911/acceptance/curve_arrow_direction_report.json,59278,8d0f9f63bb4cbea7eb9dfa6264145dcc69b155c5d68a6b957434c7805c22f537
source/arrow_line_correction_20260911/acceptance/delivery_acceptance.json,1548,7392cc16de7e141c37c884cac2e04e7eab5fac0b32b66bfa1290ee7424d1b7e3
source/arrow_line_correction_20260911/acceptance/editing_acceptance.json,19436,aefed17dcf7163f4ffae2013ac3b9eac65682884794cdd1b72293d2380e1c8ce
source/arrow_line_correction_20260911/acceptance/final_curve_arrow_measurements.csv,11196,d1e7161d6e49a041d5c49044281dde5678e192c465140c1c0a375e6b8af0f922
source/arrow_line_correction_20260911/acceptance/final_curve_arrow_report.json,131208,273b839a2cbc066e4d1fd38e6b980a7c155f4479ca3e06ac90b6a2787172d458
source/arrow_line_correction_20260911/acceptance/finalizer_validation.json,3831,1dd0e5031bfd451a533354ba914d8c7476dba2a5c26daf65f1bee4bb7049ba33
source/arrow_line_correction_20260911/acceptance/package_acceptance.json,6894,b775bf6c23131be7adaa80b3206d313f6f9bcf3ffa9c6089943893a30f1c37cf
source/arrow_line_correction_20260911/acceptance/patch_acceptance.json,9530,6b4619e984a66a6cfd30507c6a5528c3809e306a448a5d3a05b77edbba2441ca
source/arrow_line_correction_20260911/acceptance/svg_acceptance.json,27220,2ac20f02874be5f367297f9097b84a1aaad26dc265fff4d35bd14bc550992f1f
source/arrow_line_correction_20260911/before/README_使用说明.md,3784,d50cb282a4d36ca0916d84d39f65d8a1ca6225adb378ae1b1257582641becdba
source/arrow_line_correction_20260911/before/current.pptx,962320,559aa8e76db47622dfd64516011694e488ee4d7ae7e0af1a20d3a65c12cea224
source/arrow_line_correction_20260911/before/fig3_generated_editable.svg,34502,fbe327a61e6d9be388c21fb431ae8da4748dcac7b2f7f0658d1ff9be33259392
source/arrow_line_correction_20260911/before/fig4_generated_editable.svg,89506,fc71320a577734e0e69a256c77be8cc0fde790e22904ce4923696cc1fee60bcb
source/arrow_line_correction_20260911/before/figure_rths.ppt,1723392,2ff2b19f8cfc2fb2f067831d1ce37f80a9d068342beac06699787a076238349c
source/arrow_line_correction_20260911/before/figure_rths.pptx,918021,485ee17c67348dd864ea68eb78f33c3173f0904d8b8cedba39cb3e94b5de6801
source/arrow_line_correction_20260911/before/文件清单_SHA256.csv,22176,d0e67896fe1fab8dd7c959a86b33af717c8286ea43322dd5f06b7ac9c5ecd708
source/arrow_line_correction_20260911/fix_arrows.py,4163,5e40272f1f9acee8e4bb167bc56aa6b12c2e1b0cd429205d71c42c72ebd9c653
source/figure_rths_制作前打开状态备份.ppt,65536,3c7e053149f4effddd7fb4f498fea4e07b9ace9d6edcc917b1754aa19b7031e4
source/figure_rths_制作前磁盘备份.ppt,65536,cf3cf35d1f334a2d9efcb3c64fec926d3170bde45d372d13ed8207b66e22f232
source/generated_figures_editable_20260911/README.md,1268,4fb345773df04ef4b1ff70296fdb81454032d89b7b0db0d104af67d9b099f80d
source/generated_figures_editable_20260911/acceptance/append_acceptance.json,346,5f742401af0d5d6dc503d6ab7d8ab437fa4f5a890647a3110fe0b6cd47fd5d6c
source/generated_figures_editable_20260911/acceptance/delivery_acceptance.json,1548,3432ac51c0dd011c826b7d74bdca9275e61c59d7049489507c50ab19adf96a69
source/generated_figures_editable_20260911/acceptance/editability_acceptance.json,1573,e485c846c436813db352fd53c7d048123d79d5ca099662c8b2e7a28d1584fbaa
source/generated_figures_editable_20260911/acceptance/finalizer_validation.json,3831,4896021ccaacccaaeac22d49293bc5c2d569af897e69aaef48d8684b9f9d98ca
source/generated_figures_editable_20260911/acceptance/package_acceptance.json,6031,fed006b099d283f7f4e007ebc716154108ed8ff5b5422d061712d524e46f0292
source/generated_figures_editable_20260911/acceptance/svg_acceptance.json,6773,555a24893f994519385674a954f064775544bb24b2ad2f712209a0b0c84c0102
source/generated_figures_editable_20260911/before/README_使用说明.md,2941,22e5aa1d385e890b6641aff0db7e723b8f4d55a1782ce635099e24f4acb818ad
source/generated_figures_editable_20260911/before/disk_current.pptx,915364,85f9cc311b1a62b228ca7d9d9ed4320d248723172e085433f117a7f3da8fff01
source/generated_figures_editable_20260911/before/figure_rths.ppt,1267712,a16682cf6658bdf24eb741abb421b20e7ebbcedff38ce3233434a65ce97daec4
source/generated_figures_editable_20260911/before/figure_rths.pptx,823041,33d938843b40e61eaaa807e6d7384aa979c0f41b72347cf5f9fc6346fcde3a23
source/generated_figures_editable_20260911/before/文件清单_SHA256.csv,17311,ed86fe482feefe0cbc08861d6df1c5170ca48a2e078f55d4b60c945e457a095b
source/generated_figures_editable_20260911/rebuild/build_native.mjs,3000,6341345a33e51b7eaf8555867d6af10334603292605131207c29d2c1643a341c
source/generated_figures_editable_20260911/rebuild/finish_native.py,5662,24bba17270fbc0c84af6c7552bb2199f87b0478bf5cb314e4db516a6fb21908a
source/generated_figures_editable_20260911/rebuild/make_fig1.py,5913,6826281545a39ba2c71931d273b26732c64225d564ac641900bb535f356af1a6
source/generated_figures_editable_20260911/rebuild/make_fig2.py,6633,935e32f68bce5fd6801e992daad15013d630244164c0a48a68838788479e92cd
source/generated_figures_editable_20260911/rebuild/make_fig3.py,1350,83668cd0e87189308dcc8159db3ed99fb69b83e31ae4d74ae1f7cd11269a914a
source/generated_figures_editable_20260911/rebuild/make_fig4.py,8700,84bc31e046ffbb4ddcb42fe0c3afa540547de7f2c793aa360255ea3ded69d388
source/generated_figures_editable_20260911/rebuild/scene.py,3152,d65a27291347db88267024681e6486e425e4a9df89f8c1467394f770f5138f2e
source/generated_figures_editable_20260911/reference/generated_fig1.png,935460,750a5360df79e57216bccdc967acca155233ab5b3e86461a6b92ae3b87e7be8e
source/generated_figures_editable_20260911/reference/generated_fig2.png,845432,d37c86de342838c1b1f154c1fb123f7ce7bddc40515a1506867b2bbfbec1805e
source/generated_figures_editable_20260911/reference/generated_fig3.png,867804,998e99f25a697d192d3668ff1384ebf018399f1ffc2cf98e13db2c10559031e2
source/generated_figures_editable_20260911/reference/generated_fig4.png,1248657,2d5d6bf1d1df5b04c7665080de9e8a298e3f25a7d355334620ee497fe07080d5
source/generated_figures_editable_20260911/reference/main_review_20260911.tex,78715,b9df7379a0b670e96f79f2653c55cd222a37c6b39da6912d2518ac8539881f5e
source/generated_figures_editable_20260911/reference/source_state.json,1385,6b2559adad72123277ec4ff6268f1e3fc577e954eeab7783fada0dc3964fac8e
source/linewidth_correction_20260908/README.md,1275,738e8b4c4e47e9091225be4e9f6ec5e462b53b34972f8d6e3c405403a8fca67b
source/linewidth_correction_20260908/VectorRecorder.cs,2632,22e0a6a8ccb1df04a32ca6c536bb04a9f85913f433a793744a78f84b3c7250c9
source/linewidth_correction_20260908/acceptance/compound_fill_root_cause.json,2003,c5db1d67107f9e705856a2bf36fb5401df62742d0e8913e5479623d758664ad1
source/linewidth_correction_20260908/acceptance/delivery_acceptance.json,1741,fde974de5148ba7fdc20ae0fb832ad1766257e2a252cbe12b6767e73fe381fd2
source/linewidth_correction_20260908/acceptance/emf_records_validation.json,19863,e2cdb423c36433a690423cc9f03224113b16c489916638b3c03fbea7878d66f4
source/linewidth_correction_20260908/acceptance/explicit_dash_preparation.json,70378,d5a34ebe8f4b84c268b517e8773bb7151e9a808b7ee6ee1ebc999838c307ff73
source/linewidth_correction_20260908/acceptance/finalizer_validation.json,3831,e5c24a9ff72f12391f1d989f9dfb5a2a46dc904ae617fd1f4787ed5d5fa67fcf
source/linewidth_correction_20260908/acceptance/line_width_results.csv,12108,6536550c77a8122d388eb64d2750bf2660b1b4bd670c2aa772b8276156ef4ed4
source/linewidth_correction_20260908/acceptance/line_width_results.json,145688,28db2138fa6ad9195f711d2bb1bed766da879385ac86be375e749dffcd2ed661
source/linewidth_correction_20260908/acceptance/media_changes.json,4631,58c1aa1c3473444bff464a14ba221aaaa8a37b261f89065c1695e762b80489fe
source/linewidth_correction_20260908/acceptance/old_vector_failure.json,54750,cecfb74a557494d42f917bc28ebf8d2369f9617e3a7da0cbe0643a9f57acac78
source/linewidth_correction_20260908/acceptance/package_acceptance.json,908,ddf50ae825c127b250c4f4f09b912618a9d567e866ed79bb51d6111c61da3617
source/linewidth_correction_20260908/acceptance/source_visual_comparison.json,36589,0b029c19e4961f8252d7b84a0cea09c626ac9897f71e2ebd0d63c3a89435a485
source/linewidth_correction_20260908/acceptance/two_format_render_comparison.json,4657,543470efa465741287cd44e7df49d2fff2934a774ff48456df3e1bb6610d8f3b
source/linewidth_correction_20260908/acceptance/验收方法.md,3523,407af60b226c419113ff53bf3dbb13e4a80c3401406dbe0260c2dcf622f3e1e4
source/linewidth_correction_20260908/before/README_使用说明.md,2404,5b71f75549a64bd9823d3123be16de1f31963a5f995c93b73a149f692640f464
source/linewidth_correction_20260908/before/disk_current.pptx,1417579,79a08582d410fe107a1b993a9db3114d34319f82221cbf97b062f503bbd97e67
source/linewidth_correction_20260908/before/figure_rths.ppt,1675264,1fa85bd5e724d18367aa2d2a0f5229323287efae8b165d02ca375645b4d8bd84
source/linewidth_correction_20260908/before/figure_rths.pptx,1333628,8b2bc30385fdca88e3d3137ba33c944fd0c69d915ebf9d72ce05c33d96297ede
source/linewidth_correction_20260908/before/文件清单_SHA256.csv,14103,84fd8379d525ac97636bd0650d4d1aebed4785d6063b4e9aed4a75162848158f
source/linewidth_correction_20260908/finalize_verification.py,9388,6c2d50aeb228592c8544333271cd7f94ea59ba6b6d3bf8d460d448e3db6749ac
source/linewidth_correction_20260908/prepare_explicit_dashes.py,5540,4969a5600087d1eb841abb9a066f75a0c7d772cef59d20b45446114fd54695ac
source/linewidth_correction_20260908/record_explicit.ps1,526,16c660a810512114fd868455f6447a173a90b49ddeb3f5e53023f4621e5e3949
source/smooth_arc_correction_20260911/README.md,656,1432b07b37a39de745f8cf15f592009c21be20be04a9f7cf0dc5bf3495afbf00
source/smooth_arc_correction_20260911/acceptance/delivery_acceptance.json,1576,58937a1fb2dd5a8461153730145508d3b09e17e95f157a9b830989338d5bcfae
source/smooth_arc_correction_20260911/acceptance/editing_acceptance.json,14181,69179d92762210b2740d39c1c527680e9e5453c02227b3560bbea32851ce3c78
source/smooth_arc_correction_20260911/acceptance/finalizer_validation.json,3831,eb7e307f7a74b352a00b330a92d8c63b0b2d595a39761b33c43783979c44a80b
source/smooth_arc_correction_20260911/acceptance/package_acceptance.json,626,ed300a4bff573793f256434dd2d37bca5625cfb502dcb9e891b713175aa2a0ce
source/smooth_arc_correction_20260911/acceptance/patch_records.json,4695,67f6922e2e592ae96b817d0fe56a2ef0b5ecff9ec8c768a099b02df0c94b4274
source/smooth_arc_correction_20260911/acceptance/qa_geometry.json,13856,a2ed043b4f77adb15e9740372d204cf11caec27a2ad38356fb95dc1339a3abf5
source/smooth_arc_correction_20260911/acceptance/svg_acceptance.json,60277,49d0b12f8048aabf8f848e2974e3b79050a0e3337147ec340f37282dfe3baf3f
source/smooth_arc_correction_20260911/arc_detail.png,2845,cf79745a4b2815078ae66b2fa4c74081caabc871dec45cab90b929803c9d55e4
source/smooth_arc_correction_20260911/before/README_使用说明.md,4334,1edf56602aef83eeb5945d9c9d29efdb69171ea5a6b13461e71b8196649438e8
source/smooth_arc_correction_20260911/before/current.pptx,957171,8849edbe13a4551cb462bef80bb7be38788a6174b38c92111976534b98cd28ac
source/smooth_arc_correction_20260911/before/fig3_generated_editable.svg,29111,eea65c942e2423bef0212b9161d2e0ec94852ead9d4db3c2c4f73ec0c0abb682
source/smooth_arc_correction_20260911/before/fig4_generated_editable.svg,75844,f5aaa53667f6b3799c5837523bcae44c75874a1aecfb6414aaf4134be31a4993
source/smooth_arc_correction_20260911/before/figure_rths.ppt,1716224,2791039528e6f534a241c95783f2584748dedc640ce33b9d1e20e2e3f8dbb1fb
source/smooth_arc_correction_20260911/before/figure_rths.pptx,881916,5a453b3ea96af549e75d404ef1faafce1d6d3042e680b76d2d225e844bcc8c3f
source/smooth_arc_correction_20260911/before/文件清单_SHA256.csv,24874,9f5cd145ac7da49be273f8e45c0c811acae05b41e3f85d78e01966922919136d
source/smooth_arc_correction_20260911/make_smooth.py,2738,1e788c44eb89c2b42ec6f974d913a0dd55ebb1b9ca43007cf97e09cda2aeb5dc
source/图号来源与标题迁移.csv,6363,46b61d138a3aec1e10dbe5a58c703e907f8a47c83c2ba3584e062df54d9b5246
