楼层,方法,绝对峰值_mm,RMS_mm,末值_mm
一层,Original,3.28483953333627,0.585201380471867,0.00157482445311862
一层,Guyan,3.02304430736318,0.554793392096745,0.000450275688671012
一层,Craig-Bampton,3.28633464538652,0.585149777563167,0.00159819071044016
二层,Original,8.41806309183632,1.51364272987218,0.00411768818947631
二层,Guyan,8.35574827981843,1.4559809079951,0.001209515738052
二层,Craig-Bampton,8.40857508215658,1.51148347256028,0.00417322743337924
三层,Original,12.3511473035324,2.2310173902794,0.00610262427790868
三层,Guyan,13.4253028463464,2.28950940880398,0.00191996499308946
三层,Craig-Bampton,12.3508930345418,2.23084253208504,0.00619318988966897
