division,excitation,band_id,frequency_band,method,paper_value_percent,printed_decimals,group_inferred_floor,reported_floor,selection_basis,historical_value_percent,historical_rounded_value,historical_absolute_difference_percent,historical_rounded_match,historical_matching_floors,closest_documented_route,closest_documented_floor,closest_documented_value_percent,closest_documented_absolute_difference_percent,closest_documented_rounded_match,all_documented_rounded_matches,matlab_python_absolute_difference_percent,cross_language_pass,formula,normalization_scope,source_file,source_sha256,evidence_label
1,Chirp,1,0.1-1.9 Hz,Craig-Bampton,5e-05,5,2,2,group_inferred_uniform_floor,5.126151346441519e-05,5e-05,1.2615134644151853e-06,True,1;2;3,paper_trapezoid_full_range,2,5.124010515602597e-05,1.2401051560259648e-06,True,historical_mean_full_range@floor1;historical_inclusive_mean_full_range@floor1;exact_frequency_mean_full_range@floor1;paper_trapezoid_full_range@floor1;historical_mean_full_range@floor2;historical_inclusive_mean_full_range@floor2;exact_frequency_mean_full_range@floor2;paper_trapezoid_full_range@floor2;historical_mean_full_range@floor3;historical_inclusive_mean_full_range@floor3;exact_frequency_mean_full_range@floor3;paper_trapezoid_full_range@floor3,1.3552527156068805e-20,True,100*sqrt(mean((x_full-x_red)^2))/(max(x_full)-min(x_full)),same floor full 40s reference peak-to-peak,第一类划分_Chirp响应.csv,2FDC6B5BF3B48118A51DD147ECE32B6711CEFDCD702D88EEC64CFC4E6A13DF49,计算级复现（当前冻结响应+历史脚本口径；作者历史逐点数组待决定）
1,Chirp,1,0.1-1.9 Hz,Guyan,0.0295,4,2,2,group_inferred_uniform_floor,0.02950817285837224,0.0295,8.172858372242076e-06,True,2,paper_trapezoid_full_range,2,0.029494265278223606,5.734721776392421e-06,True,historical_mean_full_range@floor2;historical_inclusive_mean_full_range@floor2;paper_trapezoid_full_range@floor2,4.163336342344337e-17,True,100*sqrt(mean((x_full-x_red)^2))/(max(x_full)-min(x_full)),same floor full 40s reference peak-to-peak,第一类划分_Chirp响应.csv,2FDC6B5BF3B48118A51DD147ECE32B6711CEFDCD702D88EEC64CFC4E6A13DF49,计算级复现（当前冻结响应+历史脚本口径；作者历史逐点数组待决定）
1,Chirp,2,1.9-3.5 Hz,Craig-Bampton,0.0079,4,2,2,group_inferred_uniform_floor,0.007913809591530192,0.0079,1.3809591530191193e-05,True,2;3,exact_frequency_mean_full_range,2,0.007911128714062838,1.1128714062837511e-05,True,historical_mean_full_range@floor2;historical_inclusive_mean_full_range@floor2;exact_frequency_mean_full_range@floor2;paper_trapezoid_full_range@floor2;historical_mean_full_range@floor3;historical_inclusive_mean_full_range@floor3;exact_frequency_mean_full_range@floor3;paper_trapezoid_full_range@floor3,1.734723475976807e-18,True,100*sqrt(mean((x_full-x_red)^2))/(max(x_full)-min(x_full)),same floor full 40s reference peak-to-peak,第一类划分_Chirp响应.csv,2FDC6B5BF3B48118A51DD147ECE32B6711CEFDCD702D88EEC64CFC4E6A13DF49,计算级复现（当前冻结响应+历史脚本口径；作者历史逐点数组待决定）
1,Chirp,2,1.9-3.5 Hz,Guyan,1.995,4,2,2,group_inferred_uniform_floor,1.9950043468963203,1.995,4.346896320228666e-06,True,2,historical_mean_full_range,2,1.9950043468963203,4.346896320228666e-06,True,historical_mean_full_range@floor2;historical_inclusive_mean_full_range@floor2;paper_trapezoid_full_range@floor2,4.440892098500626e-16,True,100*sqrt(mean((x_full-x_red)^2))/(max(x_full)-min(x_full)),same floor full 40s reference peak-to-peak,第一类划分_Chirp响应.csv,2FDC6B5BF3B48118A51DD147ECE32B6711CEFDCD702D88EEC64CFC4E6A13DF49,计算级复现（当前冻结响应+历史脚本口径；作者历史逐点数组待决定）
1,Chirp,3,3.5-5.4 Hz,Craig-Bampton,0.0026,4,2,2,group_inferred_uniform_floor,0.0025540673270155407,0.0026,4.593267298445922e-05,True,2,historical_mean_full_range,2,0.0025540673270155407,4.593267298445922e-05,True,historical_mean_full_range@floor2;historical_inclusive_mean_full_range@floor2;exact_frequency_mean_full_range@floor2;paper_trapezoid_full_range@floor2,8.673617379884035e-19,True,100*sqrt(mean((x_full-x_red)^2))/(max(x_full)-min(x_full)),same floor full 40s reference peak-to-peak,第一类划分_Chirp响应.csv,2FDC6B5BF3B48118A51DD147ECE32B6711CEFDCD702D88EEC64CFC4E6A13DF49,计算级复现（当前冻结响应+历史脚本口径；作者历史逐点数组待决定）
1,Chirp,3,3.5-5.4 Hz,Guyan,0.6225,4,2,2,group_inferred_uniform_floor,0.6224725667504947,0.6225,2.743324950538195e-05,True,2,historical_mean_full_range,2,0.6224725667504947,2.743324950538195e-05,True,historical_mean_full_range@floor2;historical_inclusive_mean_full_range@floor2,3.3306690738754696e-16,True,100*sqrt(mean((x_full-x_red)^2))/(max(x_full)-min(x_full)),same floor full 40s reference peak-to-peak,第一类划分_Chirp响应.csv,2FDC6B5BF3B48118A51DD147ECE32B6711CEFDCD702D88EEC64CFC4E6A13DF49,计算级复现（当前冻结响应+历史脚本口径；作者历史逐点数组待决定）
1,Chirp,4,5.4-8.1 Hz,Craig-Bampton,0.0028,4,2,2,group_inferred_uniform_floor,0.0028426926310600115,0.0028,4.269263106001153e-05,True,2,paper_trapezoid_full_range,2,0.0028418775573358754,4.187755733587543e-05,True,historical_mean_full_range@floor2;historical_inclusive_mean_full_range@floor2;paper_trapezoid_full_range@floor2,1.3010426069826053e-18,True,100*sqrt(mean((x_full-x_red)^2))/(max(x_full)-min(x_full)),same floor full 40s reference peak-to-peak,第一类划分_Chirp响应.csv,2FDC6B5BF3B48118A51DD147ECE32B6711CEFDCD702D88EEC64CFC4E6A13DF49,计算级复现（当前冻结响应+历史脚本口径；作者历史逐点数组待决定）
1,Chirp,4,5.4-8.1 Hz,Guyan,0.0764,4,2,2,group_inferred_uniform_floor,0.07637048926060054,0.0764,2.951073939945481e-05,True,2,historical_mean_full_range,2,0.07637048926060054,2.951073939945481e-05,True,historical_mean_full_range@floor2;historical_inclusive_mean_full_range@floor2;paper_trapezoid_full_range@floor2,5.551115123125783e-17,True,100*sqrt(mean((x_full-x_red)^2))/(max(x_full)-min(x_full)),same floor full 40s reference peak-to-peak,第一类划分_Chirp响应.csv,2FDC6B5BF3B48118A51DD147ECE32B6711CEFDCD702D88EEC64CFC4E6A13DF49,计算级复现（当前冻结响应+历史脚本口径；作者历史逐点数组待决定）
1,Chirp,5,8.1-10 Hz,Craig-Bampton,0.0505,4,2,2,group_inferred_uniform_floor,0.05052683355777134,0.0505,2.6833557771339944e-05,True,2,paper_trapezoid_full_range,2,0.05052349816905812,2.3498169058118468e-05,True,historical_mean_full_range@floor2;historical_inclusive_mean_full_range@floor2;paper_trapezoid_full_range@floor2,4.163336342344337e-17,True,100*sqrt(mean((x_full-x_red)^2))/(max(x_full)-min(x_full)),same floor full 40s reference peak-to-peak,第一类划分_Chirp响应.csv,2FDC6B5BF3B48118A51DD147ECE32B6711CEFDCD702D88EEC64CFC4E6A13DF49,计算级复现（当前冻结响应+历史脚本口径；作者历史逐点数组待决定）
1,Chirp,5,8.1-10 Hz,Guyan,0.7452,4,2,2,group_inferred_uniform_floor,0.7450123189296456,0.745,0.00018768107035438408,False,NONE,historical_inclusive_mean_full_range,2,0.7450896533995787,0.00011034660042130717,False,NONE,4.440892098500626e-16,True,100*sqrt(mean((x_full-x_red)^2))/(max(x_full)-min(x_full)),same floor full 40s reference peak-to-peak,第一类划分_Chirp响应.csv,2FDC6B5BF3B48118A51DD147ECE32B6711CEFDCD702D88EEC64CFC4E6A13DF49,历史值/待决定
1,ElCentro,0,El Centro full,Craig-Bampton,0.0058,4,2,2,group_inferred_uniform_floor,0.005750175782225684,0.0058,4.982421777431547e-05,True,2,paper_trapezoid_full_range,2,0.005750245972489931,4.975402751006882e-05,True,historical_mean_full_range@floor2;paper_trapezoid_full_range@floor2,6.071532165918825e-18,True,100*sqrt(mean((x_full-x_red)^2))/(max(x_full)-min(x_full)),same floor full 40s reference peak-to-peak,第一类划分_ElCentro地震响应.csv,E7149DD6777B2127527393CE1D7B126B040576F0A535618BE33E882738ACFC40,计算级复现（当前冻结响应+历史脚本口径；作者历史逐点数组待决定）
1,ElCentro,0,El Centro full,Guyan,0.7578,4,2,2,group_inferred_uniform_floor,0.7578077511377075,0.7578,7.751137707456834e-06,True,2,historical_mean_full_range,2,0.7578077511377075,7.751137707456834e-06,True,historical_mean_full_range@floor2;paper_trapezoid_full_range@floor2,5.551115123125783e-16,True,100*sqrt(mean((x_full-x_red)^2))/(max(x_full)-min(x_full)),same floor full 40s reference peak-to-peak,第一类划分_ElCentro地震响应.csv,E7149DD6777B2127527393CE1D7B126B040576F0A535618BE33E882738ACFC40,计算级复现（当前冻结响应+历史脚本口径；作者历史逐点数组待决定）
2,Chirp,1,0.1-1.9 Hz,Craig-Bampton,0.0037,4,NONE,1,no_uniform_floor; nearest_historical_reported_only,0.001197351439857806,0.0012,0.0025026485601421945,False,NONE,exact_frequency_mean_full_range,1,0.0012008072461778061,0.002499192753822194,False,NONE,4.119968255444917e-18,True,100*sqrt(mean((x_full-x_red)^2))/(max(x_full)-min(x_full)),same floor full 40s reference peak-to-peak,第二类划分_Chirp响应.csv,88919C2AFA4FC431EDB08772A1DCB091B6D8DC1445253C0A4D30334223040457,历史值/待决定
2,Chirp,1,0.1-1.9 Hz,Guyan,2.9956,4,NONE,2,no_uniform_floor; nearest_historical_reported_only,0.8143986289091448,0.8144,2.181201371090855,False,NONE,exact_frequency_mean_full_range,2,0.8163430207880796,2.1792569792119205,False,NONE,2.220446049250313e-16,True,100*sqrt(mean((x_full-x_red)^2))/(max(x_full)-min(x_full)),same floor full 40s reference peak-to-peak,第二类划分_Chirp响应.csv,88919C2AFA4FC431EDB08772A1DCB091B6D8DC1445253C0A4D30334223040457,历史值/待决定
2,Chirp,2,1.9-3.5 Hz,Craig-Bampton,0.056,4,NONE,3,no_uniform_floor; nearest_historical_reported_only,0.0731654428151781,0.0732,0.0171654428151781,False,NONE,exact_frequency_mean_full_range,3,0.07314567028438172,0.01714567028438172,False,NONE,0.0,True,100*sqrt(mean((x_full-x_red)^2))/(max(x_full)-min(x_full)),same floor full 40s reference peak-to-peak,第二类划分_Chirp响应.csv,88919C2AFA4FC431EDB08772A1DCB091B6D8DC1445253C0A4D30334223040457,历史值/待决定
2,Chirp,2,1.9-3.5 Hz,Guyan,19.0594,4,NONE,1,no_uniform_floor; nearest_historical_reported_only,26.85971928168189,26.8597,7.80031928168189,False,NONE,exact_frequency_mean_full_range,1,26.858275657326182,7.798875657326182,False,NONE,1.0658141036401503e-14,True,100*sqrt(mean((x_full-x_red)^2))/(max(x_full)-min(x_full)),same floor full 40s reference peak-to-peak,第二类划分_Chirp响应.csv,88919C2AFA4FC431EDB08772A1DCB091B6D8DC1445253C0A4D30334223040457,历史值/待决定
2,Chirp,3,3.5-5.4 Hz,Craig-Bampton,0.0296,4,NONE,1,no_uniform_floor; nearest_historical_reported_only,0.022615119527870615,0.0226,0.0069848804721293865,False,NONE,historical_mean_full_range,1,0.022615119527870615,0.0069848804721293865,False,NONE,1.3877787807814457e-17,True,100*sqrt(mean((x_full-x_red)^2))/(max(x_full)-min(x_full)),same floor full 40s reference peak-to-peak,第二类划分_Chirp响应.csv,88919C2AFA4FC431EDB08772A1DCB091B6D8DC1445253C0A4D30334223040457,历史值/待决定
2,Chirp,3,3.5-5.4 Hz,Guyan,14.876,4,NONE,3,no_uniform_floor; nearest_historical_reported_only,11.17723182403666,11.1772,3.6987681759633393,False,NONE,historical_mean_full_range,3,11.17723182403666,3.6987681759633393,False,NONE,3.907985046680551e-14,True,100*sqrt(mean((x_full-x_red)^2))/(max(x_full)-min(x_full)),same floor full 40s reference peak-to-peak,第二类划分_Chirp响应.csv,88919C2AFA4FC431EDB08772A1DCB091B6D8DC1445253C0A4D30334223040457,历史值/待决定
2,Chirp,4,5.4-8.1 Hz,Craig-Bampton,0.0139,4,NONE,1,no_uniform_floor; nearest_historical_reported_only,0.003966210676641572,0.004,0.009933789323358427,False,NONE,exact_frequency_mean_full_range,1,0.003983120896551447,0.009916879103448552,False,NONE,1.734723475976807e-18,True,100*sqrt(mean((x_full-x_red)^2))/(max(x_full)-min(x_full)),same floor full 40s reference peak-to-peak,第二类划分_Chirp响应.csv,88919C2AFA4FC431EDB08772A1DCB091B6D8DC1445253C0A4D30334223040457,历史值/待决定
2,Chirp,4,5.4-8.1 Hz,Guyan,7.4984,4,NONE,3,no_uniform_floor; nearest_historical_reported_only,0.4439323913761823,0.4439,7.054467608623818,False,NONE,historical_mean_full_range,3,0.4439323913761823,7.054467608623818,False,NONE,2.7755575615628914e-16,True,100*sqrt(mean((x_full-x_red)^2))/(max(x_full)-min(x_full)),same floor full 40s reference peak-to-peak,第二类划分_Chirp响应.csv,88919C2AFA4FC431EDB08772A1DCB091B6D8DC1445253C0A4D30334223040457,历史值/待决定
2,Chirp,5,8.1-10 Hz,Craig-Bampton,0.007,4,NONE,3,no_uniform_floor; nearest_historical_reported_only,0.011696723131378692,0.0117,0.004696723131378692,False,NONE,paper_trapezoid_full_range,3,0.011695981927422902,0.004695981927422902,False,NONE,8.673617379884035e-18,True,100*sqrt(mean((x_full-x_red)^2))/(max(x_full)-min(x_full)),same floor full 40s reference peak-to-peak,第二类划分_Chirp响应.csv,88919C2AFA4FC431EDB08772A1DCB091B6D8DC1445253C0A4D30334223040457,历史值/待决定
2,Chirp,5,8.1-10 Hz,Guyan,2.8127,4,NONE,1,no_uniform_floor; nearest_historical_reported_only,3.0177212086320986,3.0177,0.2050212086320986,False,NONE,historical_inclusive_mean_full_range,1,3.0175410308475037,0.2048410308475037,False,NONE,1.3322676295501878e-15,True,100*sqrt(mean((x_full-x_red)^2))/(max(x_full)-min(x_full)),same floor full 40s reference peak-to-peak,第二类划分_Chirp响应.csv,88919C2AFA4FC431EDB08772A1DCB091B6D8DC1445253C0A4D30334223040457,历史值/待决定
2,ElCentro,0,El Centro full,Craig-Bampton,0.0272,4,3,3,group_inferred_uniform_floor,0.0272009098415715,0.0272,9.098415715003139e-07,True,3,historical_mean_full_range,3,0.0272009098415715,9.098415715003139e-07,True,historical_mean_full_range@floor3;paper_trapezoid_full_range@floor3,0.0,True,100*sqrt(mean((x_full-x_red)^2))/(max(x_full)-min(x_full)),same floor full 40s reference peak-to-peak,第二类划分_ElCentro地震响应.csv,2899DFD2C03B22AAEE701C7E4B3B70E40D49668531BB6734FA6B52E8246B5E5D,计算级复现（当前冻结响应+历史脚本口径；作者历史逐点数组待决定）
2,ElCentro,0,El Centro full,Guyan,10.9355,4,3,3,group_inferred_uniform_floor,10.935517674042613,10.9355,1.767404261343586e-05,True,3,historical_mean_full_range,3,10.935517674042613,1.767404261343586e-05,True,historical_mean_full_range@floor3,1.2434497875801753e-14,True,100*sqrt(mean((x_full-x_red)^2))/(max(x_full)-min(x_full)),same floor full 40s reference peak-to-peak,第二类划分_ElCentro地震响应.csv,2899DFD2C03B22AAEE701C7E4B3B70E40D49668531BB6734FA6B52E8246B5E5D,计算级复现（当前冻结响应+历史脚本口径；作者历史逐点数组待决定）
