object_id,object_name,version,panel,source_dataset,source_mat_filename,source_column,floor,method,sample_count,window_start_s,window_end_s,peak_abs_mm,rms_mm,final_mm,min_mm,max_mm,status
F3-12,第一类子结构划分-Chirp信号的二层水平位移,standard,full,division1_chirp,第一类划分_Chirp响应.mat,"response_mm[:,1,0]",Floor 2,Original,40961,0,40,23.237150928001416,4.261051624754713,-0.31951074162965376,-23.237150928001416,23.106930503642953,PASS
F3-12,第一类子结构划分-Chirp信号的二层水平位移,standard,full,division1_chirp,第一类划分_Chirp响应.mat,"response_mm[:,1,2]",Floor 2,Craig-Bampton,40961,0,40,23.239180294599144,4.2613108574880671,-0.34278735608290262,-23.239180294599144,23.10815708033493,PASS
F3-12,第一类子结构划分-Chirp信号的二层水平位移,standard,full,division1_chirp,第一类划分_Chirp响应.mat,"response_mm[:,1,1]",Floor 2,Guyan,40961,0,40,23.393908561353484,4.2869301907689383,-0.87997315321210434,-23.393908561353484,23.222013832701293,PASS
F3-12,第一类子结构划分-Chirp信号的二层水平位移,standard,zoom_1,division1_chirp,第一类划分_Chirp响应.mat,"response_mm[:,1,0]",Floor 2,Original,1025,13,14,6.9531421636980513,3.552475102457199,4.5103907585485095,-6.8632337149668459,6.9531421636980513,PASS
F3-12,第一类子结构划分-Chirp信号的二层水平位移,standard,zoom_1,division1_chirp,第一类划分_Chirp响应.mat,"response_mm[:,1,2]",Floor 2,Craig-Bampton,1025,13,14,6.9529256808690363,3.5525596060997384,4.5149992664480125,-6.8651096677083538,6.9529256808690363,PASS
F3-12,第一类子结构划分-Chirp信号的二层水平位移,standard,zoom_1,division1_chirp,第一类划分_Chirp响应.mat,"response_mm[:,1,1]",Floor 2,Guyan,1025,13,14,7.0893702525934819,3.5512503664285657,5.5432477726553406,-7.0893702525934819,6.6240460582766181,PASS
F3-12,第一类子结构划分-Chirp信号的二层水平位移,standard,zoom_2,division1_chirp,第一类划分_Chirp响应.mat,"response_mm[:,1,0]",Floor 2,Original,308,38,38.299999999999997,1.0700788926047393,0.76126371560405959,0.074165096894085458,-1.0700788926047393,1.0696864547785427,PASS
F3-12,第一类子结构划分-Chirp信号的二层水平位移,standard,zoom_2,division1_chirp,第一类划分_Chirp响应.mat,"response_mm[:,1,2]",Floor 2,Craig-Bampton,308,38,38.299999999999997,1.0699299130732598,0.75694657603815019,0.12869396799718988,-1.0699299130732598,1.06793780979432,PASS
F3-12,第一类子结构划分-Chirp信号的二层水平位移,standard,zoom_2,division1_chirp,第一类划分_Chirp响应.mat,"response_mm[:,1,1]",Floor 2,Guyan,308,38,38.299999999999997,0.66327354438515118,0.44365507333317467,0.49419450819405153,-0.66327354438515118,0.65179981195442982,PASS
