relpath,bytes,sha256
checks.csv,50806,1B5874023E09F0B4BA8BF45E763AD36FEEC37992546CE57B16126F6666A1982D
figure_style_manifest.csv,2210,3945E80E37D4284BA80443794863C3F0F56AF984772F99E883990FAD440F96BB
figures/图4-4_作者文件身份计算候选_失败诊断.pdf,23106,508BF589FBBE7BB5B46690D9273714E39774F245AC56E5B70892A7D41E2DC193
figures/图4-4_作者文件身份计算候选_失败诊断.png,392797,F5AB8A12FEEF79FED96BBA670F2F9B93C49E568612FCB029EED2327B0A8C1D84
figures/图4-4_历史最终掩膜边界_绘图级复核.pdf,21359,E7C0C9089C1B791FBB8FA0ACFC12D898065A329D941A87FBD02071196DFD9CE4
figures/图4-4_历史最终掩膜边界_绘图级复核.png,197302,C7370414C67659B5585F811D7E2DBA475FEA86CAD9AF703375FDBEAD3AEA8219
figures/图4-5_作者文件身份计算候选_失败诊断.pdf,21783,C2DD077791EC5A16E3F6C665227AA16140EE9127BC38832E43420FAC79F2EC6F
figures/图4-5_作者文件身份计算候选_失败诊断.png,293423,74694F124E804D8DAF67871BE4F14C5B780859976F4CB496E3128D93D2E8F40A
figures/图4-5_历史最终掩膜边界_绘图级复核.pdf,21302,584E5C2927AC0B0C76298D82DDDFC0C019E8482061D17DF02A33A0279122FD72
figures/图4-5_历史最终掩膜边界_绘图级复核.png,199962,9F7EEC15260E6D43BF13F3EB15DE319130F817E0AFBBE8EE6E519CB396875B52
protected_input_hashes.csv,33139,4D3B9F6A7A5D84D763022419AA523D1ABC5CFEA36E16AD30E32D0DECDCA18A6D
report.md,2657,1A23E2601424D3A3E9B1117883590B722CDCC00ACB86520C64C81346DC55D5BD
run_summary.json,1017,5142BB72EB73F6F664E48040747AED7E99F97BACF5825F0C0286121A0409DA7F
tables/boundary_by_source.csv,101463,BFB0868B1E2B791145F4E7870CDF7400BEF2121F1FA45F8CCF9B13584E69BCEA
tables/boundary_difference.csv,38509,69AB6146D86D4B1A0ECE2A7A272D72DBC07602FAD643065105929394820AF2B1
tables/claim_C05_C07.csv,4881,9A5CD816047AE9B5423582E9D1967739F64F3C88381664508FF0F1A9CF90F663
tables/confusion_matrix.csv,1725,0CF65569345704094C01292C47088ECD056ABAEB3880D48CEE670F32C722E0C4
tables/div2_payload_relation_audit.csv,375,E2A0972FB7670AB8F761433A01B60A263C9D2E284A3CD053328771828013AEA3
tables/extension_1_to_28_audit.csv,5632,43E3571C2CD994C14DC4AA93C478EB66175CC706DCEF582D739EE69E4D5AF0B8
tables/extension_summary.csv,376,74AFB7B2E44E5B3DC67456F70BCB856B1A4560CC610F5875B2E4123C94A8F58B
tables/figure_status.csv,451,298AD134F046F5992262A3DD93224F3D8BF2C5171A580FF83FE84515E42EADDD
tables/pointwise_comparison.csv,2572083,48235B53F93B1158BAB1B82B4781C4B1888491D5F68BB7AC06BD032BDDA090E0
tables/route_eligibility.csv,1068,6FD82EFAEBF4192CC5FA2E9919C73F82BF471EFACCC9FF524CAD964CBBB85BD2
tables/stability_metrics.csv,3749,D092576E0C7D9D1264AA8A0953A88268341F51B1D6941A2FB47D0278982F3A05
tables/target_cell_status.csv,599,AEDF6C51EE21A4295BDF59C3D32C493ABCD457D4487919FB71E3E017817F8BE6
