check_id,category,description,status,expected,actual,evidence
S6C0001,safe_regeneration,Step6输出根在首个工件写入前通过固定目录树、无链接及可恢复提交状态检查,PASS,"{""allowed_prior_states"": [""ABSENT"", ""COMMITTED"", ""RECOVERABLE_UNCOMMITTED""], ""expected_nonmanifest_files"": 25, ""safe"": true}","{""expected_nonmanifest_files"": 25, ""safe"": true}",fixed Step6 run output root
S6C0002,clean_probe_receipt,两轮生成绑定同一次三固定根清空收据，收据状态、脚本/合同/协议哈希及三个空目录后置条件闭合,PASS,"{""hashes_match"": true, ""post_state"": ""EMPTY_DIRECTORY"", ""schema_version"": ""board20_step6_clean_probe_receipt_v1"", ""status"": ""COMPLETED"", ""targets"": [""run1"", ""run2"", ""validation""]}","{""hashes_match"": true, ""postconditions"": {""run1"": {""directory_count"": 0, ""file_count"": 0, ""state"": ""EMPTY_DIRECTORY""}, ""run2"": {""directory_count"": 0, ""file_count"": 0, ""state"": ""EMPTY_DIRECTORY""}, ""validation"": {""directory_count"": 0, ""file_count"": 0, ""state"": ""EMPTY_DIRECTORY""}}, ""schema_version"": ""board20_step6_clean_probe_receipt_v1"", ""status"": ""COMPLETED"", ""targets"": [""run1"", ""run2"", ""validation""]}",logs/step6_history_comparison/clean_probe_record.json
S6C0003,input_binding,绑定输入未漂移：input/historical_plotting/作者绘图目录/lqr_2.mat,PASS,"{""bytes"": 932, ""exists"": true, ""sha256"": ""9B08117CEA7A9DF95D60C4300F3BDCB515765209CD03162114F0436C5094A4C4""}","{""bytes"": 932, ""exists"": true, ""sha256"": ""9B08117CEA7A9DF95D60C4300F3BDCB515765209CD03162114F0436C5094A4C4""}",input/historical_plotting/作者绘图目录/lqr_2.mat
S6C0004,input_binding,绑定输入未漂移：input/historical_plotting/作者绘图目录/lqr_3.mat,PASS,"{""bytes"": 1431, ""exists"": true, ""sha256"": ""69344E2E703AFE3BDFC1FA6DA133D36E450299B774C085ECE3252BCB18BDDEC1""}","{""bytes"": 1431, ""exists"": true, ""sha256"": ""69344E2E703AFE3BDFC1FA6DA133D36E450299B774C085ECE3252BCB18BDDEC1""}",input/historical_plotting/作者绘图目录/lqr_3.mat
S6C0005,input_binding,绑定输入未漂移：input/historical_plotting/作者绘图目录/huitu_2.m,PASS,"{""bytes"": 1497, ""exists"": true, ""sha256"": ""85CB7D5300F3F820AFA80926B76F0430718709BD55722F45486F2F8B9848D1BC""}","{""bytes"": 1497, ""exists"": true, ""sha256"": ""85CB7D5300F3F820AFA80926B76F0430718709BD55722F45486F2F8B9848D1BC""}",input/historical_plotting/作者绘图目录/huitu_2.m
S6C0006,input_binding,绑定输入未漂移：input/plotting_baseline/第4章_缩聚对试验稳定性的影响/原始来源副本/第一类划分最终绘图数据_lqr_2.mat,PASS,"{""bytes"": 932, ""exists"": true, ""sha256"": ""9B08117CEA7A9DF95D60C4300F3BDCB515765209CD03162114F0436C5094A4C4""}","{""bytes"": 932, ""exists"": true, ""sha256"": ""9B08117CEA7A9DF95D60C4300F3BDCB515765209CD03162114F0436C5094A4C4""}",input/plotting_baseline/第4章_缩聚对试验稳定性的影响/原始来源副本/第一类划分最终绘图数据_lqr_2.mat
S6C0007,input_binding,绑定输入未漂移：input/plotting_baseline/第4章_缩聚对试验稳定性的影响/原始来源副本/第二类划分最终绘图数据_lqr_3.mat,PASS,"{""bytes"": 1431, ""exists"": true, ""sha256"": ""69344E2E703AFE3BDFC1FA6DA133D36E450299B774C085ECE3252BCB18BDDEC1""}","{""bytes"": 1431, ""exists"": true, ""sha256"": ""69344E2E703AFE3BDFC1FA6DA133D36E450299B774C085ECE3252BCB18BDDEC1""}",input/plotting_baseline/第4章_缩聚对试验稳定性的影响/原始来源副本/第二类划分最终绘图数据_lqr_3.mat
S6C0008,input_binding,绑定输入未漂移：input/plotting_baseline/第4章_缩聚对试验稳定性的影响/输入数据/图4-4_第一类子结构划分稳定域_清洗数据.mat,PASS,"{""bytes"": 3014, ""exists"": true, ""sha256"": ""587E921C2BEEFBCE2EE0F870EA66A342952C52A601383E0A36064C2134F51DBE""}","{""bytes"": 3014, ""exists"": true, ""sha256"": ""587E921C2BEEFBCE2EE0F870EA66A342952C52A601383E0A36064C2134F51DBE""}",input/plotting_baseline/第4章_缩聚对试验稳定性的影响/输入数据/图4-4_第一类子结构划分稳定域_清洗数据.mat
S6C0009,input_binding,绑定输入未漂移：input/plotting_baseline/第4章_缩聚对试验稳定性的影响/输入数据/图4-5_第二类子结构划分稳定域_清洗数据.mat,PASS,"{""bytes"": 2968, ""exists"": true, ""sha256"": ""9D7578BB96D818DF0D43D1D508882E3ADBBDA314C4DE5903967BD4F077E75DA3""}","{""bytes"": 2968, ""exists"": true, ""sha256"": ""9D7578BB96D818DF0D43D1D508882E3ADBBDA314C4DE5903967BD4F077E75DA3""}",input/plotting_baseline/第4章_缩聚对试验稳定性的影响/输入数据/图4-5_第二类子结构划分稳定域_清洗数据.mat
S6C0010,input_binding,绑定输入未漂移：input/plotting_baseline/第4章_缩聚对试验稳定性的影响/输入数据/图4-4_第一类子结构划分稳定域_边界数据.csv,PASS,"{""bytes"": 22117, ""exists"": true, ""sha256"": ""58F45ADB3FA125A61AB636696E72AAD82FAB05EAD8556B742394069D681A372D""}","{""bytes"": 22117, ""exists"": true, ""sha256"": ""58F45ADB3FA125A61AB636696E72AAD82FAB05EAD8556B742394069D681A372D""}",input/plotting_baseline/第4章_缩聚对试验稳定性的影响/输入数据/图4-4_第一类子结构划分稳定域_边界数据.csv
S6C0011,input_binding,绑定输入未漂移：input/plotting_baseline/第4章_缩聚对试验稳定性的影响/输入数据/图4-5_第二类子结构划分稳定域_边界数据.csv,PASS,"{""bytes"": 20941, ""exists"": true, ""sha256"": ""BAB62AFA096E5427AB0D8ABA49F6CCBE4556890E82178132628F4654FCE6F10E""}","{""bytes"": 20941, ""exists"": true, ""sha256"": ""BAB62AFA096E5427AB0D8ABA49F6CCBE4556890E82178132628F4654FCE6F10E""}",input/plotting_baseline/第4章_缩聚对试验稳定性的影响/输入数据/图4-5_第二类子结构划分稳定域_边界数据.csv
S6C0012,input_binding,绑定输入未漂移：input/plotting_baseline/第4章_缩聚对试验稳定性的影响/输入数据/第4章稳定域统计.csv,PASS,"{""bytes"": 1796, ""exists"": true, ""sha256"": ""4D46A8BC30700B5E4906142916C7EA45E73F3CE8C2F2A21467D61E306726C722""}","{""bytes"": 1796, ""exists"": true, ""sha256"": ""4D46A8BC30700B5E4906142916C7EA45E73F3CE8C2F2A21467D61E306726C722""}",input/plotting_baseline/第4章_缩聚对试验稳定性的影响/输入数据/第4章稳定域统计.csv
S6C0013,input_binding,绑定输入未漂移：input/plotting_baseline/第4章_缩聚对试验稳定性的影响/原始来源副本/原稿PDF第070页.png,PASS,"{""bytes"": 588050, ""exists"": true, ""sha256"": ""1145CD4C9602A74E2F0A5DF96432A2F54B3524D7004867390B4DCDEBB34216FB""}","{""bytes"": 588050, ""exists"": true, ""sha256"": ""1145CD4C9602A74E2F0A5DF96432A2F54B3524D7004867390B4DCDEBB34216FB""}",input/plotting_baseline/第4章_缩聚对试验稳定性的影响/原始来源副本/原稿PDF第070页.png
S6C0014,input_binding,绑定输入未漂移：input/plotting_baseline/第4章_缩聚对试验稳定性的影响/PDF结果/图4-4_第一类子结构划分稳定域.pdf,PASS,"{""bytes"": 102658, ""exists"": true, ""sha256"": ""6234A98AAD0075310BC8B99E76F3D5CE5CC6E59A0CCC0D5C9059D35AB0CFD6A2""}","{""bytes"": 102658, ""exists"": true, ""sha256"": ""6234A98AAD0075310BC8B99E76F3D5CE5CC6E59A0CCC0D5C9059D35AB0CFD6A2""}",input/plotting_baseline/第4章_缩聚对试验稳定性的影响/PDF结果/图4-4_第一类子结构划分稳定域.pdf
S6C0015,input_binding,绑定输入未漂移：input/plotting_baseline/第4章_缩聚对试验稳定性的影响/PDF结果/图4-5_第二类子结构划分稳定域.pdf,PASS,"{""bytes"": 102669, ""exists"": true, ""sha256"": ""52D099AAE6FBD97993DDC71631B8CC51CA231E1E388821189551C2675FC2378B""}","{""bytes"": 102669, ""exists"": true, ""sha256"": ""52D099AAE6FBD97993DDC71631B8CC51CA231E1E388821189551C2675FC2378B""}",input/plotting_baseline/第4章_缩聚对试验稳定性的影响/PDF结果/图4-5_第二类子结构划分稳定域.pdf
S6C0016,input_binding,绑定输入未漂移：outputs/step5_fullq_svd_candidate_v4/full/artifact_manifest.csv,PASS,"{""bytes"": 1912, ""exists"": true, ""sha256"": ""F35365D414E722ABCE201750B5D7F6DC3B315348414CD057C7A51FB817E135B9""}","{""bytes"": 1912, ""exists"": true, ""sha256"": ""F35365D414E722ABCE201750B5D7F6DC3B315348414CD057C7A51FB817E135B9""}",outputs/step5_fullq_svd_candidate_v4/full/artifact_manifest.csv
S6C0017,input_binding,绑定输入未漂移：outputs/step5_fullq_svd_candidate_v4/full/run_status.json,PASS,"{""bytes"": 58826, ""exists"": true, ""sha256"": ""6B5225875E708CA3580D715D8071F8A76FB29A9E80FD39AFA7BE8EF1F941B7C4""}","{""bytes"": 58826, ""exists"": true, ""sha256"": ""6B5225875E708CA3580D715D8071F8A76FB29A9E80FD39AFA7BE8EF1F941B7C4""}",outputs/step5_fullq_svd_candidate_v4/full/run_status.json
S6C0018,input_binding,绑定输入未漂移：outputs/step5_fullq_svd_candidate_audit_v5_full/v5_full_validator_full_postcheck.json,PASS,"{""bytes"": 513567, ""exists"": true, ""sha256"": ""F3B995D9CFB265849B288E8F5E4C44C4E9E842B7D5F541B1CF8095D519106DDE""}","{""bytes"": 513567, ""exists"": true, ""sha256"": ""F3B995D9CFB265849B288E8F5E4C44C4E9E842B7D5F541B1CF8095D519106DDE""}",outputs/step5_fullq_svd_candidate_audit_v5_full/v5_full_validator_full_postcheck.json
S6C0019,input_binding,绑定输入未漂移：outputs/step1_artifact_manifest.csv,PASS,"{""bytes"": 38334, ""exists"": true, ""sha256"": ""320842A60D9D9E6C7130AD16E75952B5FF6576E252F3A04AF962CBE41EC41728""}","{""bytes"": 38334, ""exists"": true, ""sha256"": ""320842A60D9D9E6C7130AD16E75952B5FF6576E252F3A04AF962CBE41EC41728""}",outputs/step1_artifact_manifest.csv
S6C0020,input_binding,绑定输入未漂移：outputs/step4_audit/artifact_manifest.csv,PASS,"{""bytes"": 5176, ""exists"": true, ""sha256"": ""986388A210D7AB04E87A31B4EAF6A400CBAEBCD48C7289977FB009096D209F6D""}","{""bytes"": 5176, ""exists"": true, ""sha256"": ""986388A210D7AB04E87A31B4EAF6A400CBAEBCD48C7289977FB009096D209F6D""}",outputs/step4_audit/artifact_manifest.csv
S6C0021,input_binding,绑定输入未漂移：outputs/step5_fullq_svd_candidate_audit_v5_full/v5_full_validator_full_postcheck_artifact_manifest.csv,PASS,"{""bytes"": 871, ""exists"": true, ""sha256"": ""5EB5C441894297279DC5DFD260F8F291442C455C02B9019164D6EEA123F047D3""}","{""bytes"": 871, ""exists"": true, ""sha256"": ""5EB5C441894297279DC5DFD260F8F291442C455C02B9019164D6EEA123F047D3""}",outputs/step5_fullq_svd_candidate_audit_v5_full/v5_full_validator_full_postcheck_artifact_manifest.csv
S6C0022,input_binding,绑定输入未漂移：code/board20_step5_fullq_svd_candidate_validator_v5_full_postcheck_repeatability.json,PASS,"{""bytes"": 6173, ""exists"": true, ""sha256"": ""AD0E70177C9F486536D23C7122827FD2F7B5D1FFFFB55C7FA2436453F9A14403""}","{""bytes"": 6173, ""exists"": true, ""sha256"": ""AD0E70177C9F486536D23C7122827FD2F7B5D1FFFFB55C7FA2436453F9A14403""}",code/board20_step5_fullq_svd_candidate_validator_v5_full_postcheck_repeatability.json
S6C0023,input_binding,绑定输入未漂移：code/board20_step4_route_manifest.json,PASS,"{""bytes"": 34630, ""exists"": true, ""sha256"": ""397564F6884DE082995D04DF9AB62F13244DFA8C6129BDDB1F18A2DF0BE88D6E""}","{""bytes"": 34630, ""exists"": true, ""sha256"": ""397564F6884DE082995D04DF9AB62F13244DFA8C6129BDDB1F18A2DF0BE88D6E""}",code/board20_step4_route_manifest.json
S6C0024,input_binding,绑定输入未漂移：outputs/step5_fullq_svd_candidate_v4/full/main_ori_div1/point_summary.csv,PASS,"{""bytes"": 1630560, ""exists"": true, ""sha256"": ""F7DD7FCE2CB06DD1C9C8A327C3C2FA208C5A885C255F99238FFCA93D061DC58E""}","{""bytes"": 1630560, ""exists"": true, ""sha256"": ""F7DD7FCE2CB06DD1C9C8A327C3C2FA208C5A885C255F99238FFCA93D061DC58E""}",outputs/step5_fullq_svd_candidate_v4/full/main_ori_div1/point_summary.csv
S6C0025,input_binding,绑定输入未漂移：outputs/step5_fullq_svd_candidate_v4/full/main_ori_div1/route_status.json,PASS,"{""bytes"": 2478, ""exists"": true, ""sha256"": ""67ED5A9C2A70268D658E5C5DCBC3793DD10ED7C1507C6F8CEBE82912016D0E4A""}","{""bytes"": 2478, ""exists"": true, ""sha256"": ""67ED5A9C2A70268D658E5C5DCBC3793DD10ED7C1507C6F8CEBE82912016D0E4A""}",outputs/step5_fullq_svd_candidate_v4/full/main_ori_div1/route_status.json
S6C0026,input_binding,绑定输入未漂移：outputs/step5_fullq_svd_candidate_v4/full/main_guyan_div1/point_summary.csv,PASS,"{""bytes"": 2091161, ""exists"": true, ""sha256"": ""57C72BF3A5EF702744EBFDF7D77CAE422E1C3958669774AF1D6F2D4C7028CC0D""}","{""bytes"": 2091161, ""exists"": true, ""sha256"": ""57C72BF3A5EF702744EBFDF7D77CAE422E1C3958669774AF1D6F2D4C7028CC0D""}",outputs/step5_fullq_svd_candidate_v4/full/main_guyan_div1/point_summary.csv
S6C0027,input_binding,绑定输入未漂移：outputs/step5_fullq_svd_candidate_v4/full/main_guyan_div1/route_status.json,PASS,"{""bytes"": 2484, ""exists"": true, ""sha256"": ""2025924F562B7E1B9F92AFADB65F1DFB49CED8578041AE9C91F0F5C9C97498F6""}","{""bytes"": 2484, ""exists"": true, ""sha256"": ""2025924F562B7E1B9F92AFADB65F1DFB49CED8578041AE9C91F0F5C9C97498F6""}",outputs/step5_fullq_svd_candidate_v4/full/main_guyan_div1/route_status.json
S6C0028,input_binding,绑定输入未漂移：outputs/step5_fullq_svd_candidate_v4/full/alt_guyan_div1_stable_full_ps3/point_summary.csv,PASS,"{""bytes"": 2133466, ""exists"": true, ""sha256"": ""FDF7DD4F4CD518F6A878B362E2A2016AAFC2B063AA95AE47432800B5BB4A6979""}","{""bytes"": 2133466, ""exists"": true, ""sha256"": ""FDF7DD4F4CD518F6A878B362E2A2016AAFC2B063AA95AE47432800B5BB4A6979""}",outputs/step5_fullq_svd_candidate_v4/full/alt_guyan_div1_stable_full_ps3/point_summary.csv
S6C0029,input_binding,绑定输入未漂移：outputs/step5_fullq_svd_candidate_v4/full/alt_guyan_div1_stable_full_ps3/route_status.json,PASS,"{""bytes"": 2515, ""exists"": true, ""sha256"": ""18C2453C9E11CF26CEF507CC84514E319AC3FD8FA11F33202006DBD044DE5658""}","{""bytes"": 2515, ""exists"": true, ""sha256"": ""18C2453C9E11CF26CEF507CC84514E319AC3FD8FA11F33202006DBD044DE5658""}",outputs/step5_fullq_svd_candidate_v4/full/alt_guyan_div1_stable_full_ps3/route_status.json
S6C0030,input_binding,绑定输入未漂移：outputs/step5_fullq_svd_candidate_v4/full/main_ori_div2/point_summary.csv,PASS,"{""bytes"": 2101308, ""exists"": true, ""sha256"": ""63978F23DA9ECD81CD1E30BE9D70716C2826CEDB1174E1B8A7F582650F421998""}","{""bytes"": 2101308, ""exists"": true, ""sha256"": ""63978F23DA9ECD81CD1E30BE9D70716C2826CEDB1174E1B8A7F582650F421998""}",outputs/step5_fullq_svd_candidate_v4/full/main_ori_div2/point_summary.csv
S6C0031,input_binding,绑定输入未漂移：outputs/step5_fullq_svd_candidate_v4/full/main_ori_div2/route_status.json,PASS,"{""bytes"": 2478, ""exists"": true, ""sha256"": ""2B7885ED5DC7939173D75AFEA6ABA3814B89838F3B6FB156C2F8BFC5376485AC""}","{""bytes"": 2478, ""exists"": true, ""sha256"": ""2B7885ED5DC7939173D75AFEA6ABA3814B89838F3B6FB156C2F8BFC5376485AC""}",outputs/step5_fullq_svd_candidate_v4/full/main_ori_div2/route_status.json
S6C0032,input_binding,绑定输入未漂移：outputs/step5_fullq_svd_candidate_v4/full/main_guyan_div2/point_summary.csv,PASS,"{""bytes"": 2099231, ""exists"": true, ""sha256"": ""7D7AF69E097D4AEE615B896E66A687EC90E029E8F9759D2FBE0B9189F187D2B3""}","{""bytes"": 2099231, ""exists"": true, ""sha256"": ""7D7AF69E097D4AEE615B896E66A687EC90E029E8F9759D2FBE0B9189F187D2B3""}",outputs/step5_fullq_svd_candidate_v4/full/main_guyan_div2/point_summary.csv
S6C0033,input_binding,绑定输入未漂移：outputs/step5_fullq_svd_candidate_v4/full/main_guyan_div2/route_status.json,PASS,"{""bytes"": 2480, ""exists"": true, ""sha256"": ""DA2233D585E6324684E90AB44B668A044FB0F12334A47E84C8769ED0C70D1A45""}","{""bytes"": 2480, ""exists"": true, ""sha256"": ""DA2233D585E6324684E90AB44B668A044FB0F12334A47E84C8769ED0C70D1A45""}",outputs/step5_fullq_svd_candidate_v4/full/main_guyan_div2/route_status.json
S6C0034,input_binding,绑定输入未漂移：outputs/step5_fullq_svd_candidate_audit_v5_full/v5_full_validator_full_postcheck_protected_hashes.csv,PASS,"{""bytes"": 33131, ""exists"": true, ""sha256"": ""F90F03F088BD69C9A88A60BC78DD3A6F17CC236CB5E072CC86D97D382612408B""}","{""bytes"": 33131, ""exists"": true, ""sha256"": ""F90F03F088BD69C9A88A60BC78DD3A6F17CC236CB5E072CC86D97D382612408B""}",outputs/step5_fullq_svd_candidate_audit_v5_full/v5_full_validator_full_postcheck_protected_hashes.csv
S6C0035,step5_gate,V5全网格后检查状态允许进入历史掩膜比较,PASS,"{""candidate_computation_launched"": false, ""candidate_outputs_modified"": false, ""failed_checks"": 0, ""information_checks"": 4, ""overall_status"": ""PASS"", ""passed_checks"": 100}","{""candidate_computation_launched"": false, ""candidate_outputs_modified"": false, ""failed_checks"": 0, ""information_checks"": 4, ""overall_status"": ""PASS"", ""passed_checks"": 100}",outputs/step5_fullq_svd_candidate_audit_v5_full/v5_full_validator_full_postcheck.json
S6C0036,step5_gate,V5两轮后检查重复性记录通过,PASS,"{""artifact_match_count"": 9, ""artifact_mismatch_count"": 0, ""each_run_exit_code"": 0, ""each_run_fail_count"": 0, ""each_run_info_count"": 4, ""each_run_overall_status"": ""PASS"", ""each_run_pass_count"": 100, ""each_run_point_comparison_count"": 10385, ""run_count"": 2, ""scientific_report_and_log_artifacts_byte_identical"": true, ""status"": ""PASS""}","{""artifact_match_count"": 9, ""artifact_mismatch_count"": 0, ""each_run_exit_code"": 0, ""each_run_fail_count"": 0, ""each_run_info_count"": 4, ""each_run_overall_status"": ""PASS"", ""each_run_pass_count"": 100, ""each_run_point_comparison_count"": 10385, ""run_count"": 2, ""scientific_report_and_log_artifacts_byte_identical"": true, ""status"": ""PASS""}",code/board20_step5_fullq_svd_candidate_validator_v5_full_postcheck_repeatability.json
S6C0037,step5_gate,V5首轮封存的9项科学、报告与日志工件仍未漂移,PASS,"{""artifact_count"": 9, ""failures"": []}","{""artifact_count"": 9, ""failures"": []}",code/board20_step5_fullq_svd_candidate_validator_v5_full_postcheck_repeatability.json
S6C0038,protected_inputs,V5保护哈希表字段完整,PASS,"[""relpath"", ""sha256_before"", ""sha256_after"", ""unchanged""]","[""relpath"", ""sha256_before"", ""sha256_after"", ""unchanged""]",outputs/step5_fullq_svd_candidate_audit_v5_full/v5_full_validator_full_postcheck_protected_hashes.csv
S6C0039,protected_inputs,V5登记的163项保护文件当前哈希不变,PASS,"{""count"": 163, ""failures"": []}","{""count"": 163, ""failures"": []}",outputs/step5_fullq_svd_candidate_audit_v5_full/v5_full_validator_full_postcheck_protected_hashes.csv
S6C0040,step1_manifest,工件清单字段匹配当前或早期显式格式,PASS,"[[""relpath"", ""bytes"", ""sha256""], [""relative_path"", ""size_bytes"", ""sha256""]]","[""relative_path"", ""size_bytes"", ""sha256""]",outputs/step1_artifact_manifest.csv
S6C0041,step1_manifest,outputs/step1_artifact_manifest.csv逐文件字节数与SHA-256闭合,PASS,"{""failures"": [], ""rows"": 258}","{""failures"": [], ""rows"": 258}",outputs/step1_artifact_manifest.csv
S6C0042,step4_manifest,工件清单字段匹配当前或早期显式格式,PASS,"[[""relpath"", ""bytes"", ""sha256""], [""relative_path"", ""size_bytes"", ""sha256""]]","[""artifact_role"", ""route_id"", ""grid_kind"", ""relative_path"", ""size_bytes"", ""sha256"", ""identity_status"", ""note""]",outputs/step4_audit/artifact_manifest.csv
S6C0043,step4_manifest,outputs/step4_audit/artifact_manifest.csv逐文件字节数与SHA-256闭合,PASS,"{""failures"": [], ""rows"": 26}","{""failures"": [], ""rows"": 26}",outputs/step4_audit/artifact_manifest.csv
S6C0044,step5_manifest,工件清单字段匹配当前或早期显式格式,PASS,"[[""relpath"", ""bytes"", ""sha256""], [""relative_path"", ""size_bytes"", ""sha256""]]","[""relpath"", ""bytes"", ""sha256""]",outputs/step5_fullq_svd_candidate_v4/full/artifact_manifest.csv
S6C0045,step5_manifest,outputs/step5_fullq_svd_candidate_v4/full/artifact_manifest.csv逐文件字节数与SHA-256闭合,PASS,"{""failures"": [], ""rows"": 18}","{""failures"": [], ""rows"": 18}",outputs/step5_fullq_svd_candidate_v4/full/artifact_manifest.csv
S6C0046,step5_v5_manifest,工件清单字段匹配当前或早期显式格式,PASS,"[[""relpath"", ""bytes"", ""sha256""], [""relative_path"", ""size_bytes"", ""sha256""]]","[""relpath"", ""bytes"", ""sha256""]",outputs/step5_fullq_svd_candidate_audit_v5_full/v5_full_validator_full_postcheck_artifact_manifest.csv
S6C0047,step5_v5_manifest,outputs/step5_fullq_svd_candidate_audit_v5_full/v5_full_validator_full_postcheck_artifact_manifest.csv逐文件字节数与SHA-256闭合,PASS,"{""failures"": [], ""rows"": 7}","{""failures"": [], ""rows"": 7}",outputs/step5_fullq_svd_candidate_audit_v5_full/v5_full_validator_full_postcheck_artifact_manifest.csv
S6C0048,historical_identity,div1历史MAT与绘图级原始来源副本字节相同,PASS,true,true,input/historical_plotting/作者绘图目录/lqr_2.mat | input/plotting_baseline/第4章_缩聚对试验稳定性的影响/原始来源副本/第一类划分最终绘图数据_lqr_2.mat
S6C0049,historical_grid,div1清洗MAT共同网格尺寸,PASS,"[31, 67]","[31, 67]",input/plotting_baseline/第4章_缩聚对试验稳定性的影响/输入数据/图4-4_第一类子结构划分稳定域_清洗数据.mat
S6C0050,historical_identity,div1 Original原始数组与来源副本逐元素相同,PASS,true,true,input/historical_plotting/作者绘图目录/lqr_2.mat
S6C0051,historical_clean_mask,div1 Original原始历史谓词与清洗掩膜逐点一致,PASS,"{""mismatch"": 0, ""shape"": [31, 67]}","{""mismatch"": 0, ""shape"": [31, 67]}",input/plotting_baseline/第4章_缩聚对试验稳定性的影响/输入数据/图4-4_第一类子结构划分稳定域_清洗数据.mat
S6C0052,historical_identity,div1 Craig-Bampton原始数组与来源副本逐元素相同,PASS,true,true,input/historical_plotting/作者绘图目录/lqr_2.mat
S6C0053,historical_clean_mask,div1 Craig-Bampton原始历史谓词与清洗掩膜逐点一致,PASS,"{""mismatch"": 0, ""shape"": [31, 67]}","{""mismatch"": 0, ""shape"": [31, 67]}",input/plotting_baseline/第4章_缩聚对试验稳定性的影响/输入数据/图4-4_第一类子结构划分稳定域_清洗数据.mat
S6C0054,historical_identity,div1 Guyan原始数组与来源副本逐元素相同,PASS,true,true,input/historical_plotting/作者绘图目录/lqr_2.mat
S6C0055,historical_clean_mask,div1 Guyan原始历史谓词与清洗掩膜逐点一致,PASS,"{""mismatch"": 0, ""shape"": [31, 67]}","{""mismatch"": 0, ""shape"": [31, 67]}",input/plotting_baseline/第4章_缩聚对试验稳定性的影响/输入数据/图4-4_第一类子结构划分稳定域_清洗数据.mat
S6C0056,historical_identity,div2历史MAT与绘图级原始来源副本字节相同,PASS,true,true,input/historical_plotting/作者绘图目录/lqr_3.mat | input/plotting_baseline/第4章_缩聚对试验稳定性的影响/原始来源副本/第二类划分最终绘图数据_lqr_3.mat
S6C0057,historical_grid,div2清洗MAT共同网格尺寸,PASS,"[31, 67]","[31, 67]",input/plotting_baseline/第4章_缩聚对试验稳定性的影响/输入数据/图4-5_第二类子结构划分稳定域_清洗数据.mat
S6C0058,historical_identity,div2 Original原始数组与来源副本逐元素相同,PASS,true,true,input/historical_plotting/作者绘图目录/lqr_3.mat
S6C0059,historical_clean_mask,div2 Original原始历史谓词与清洗掩膜逐点一致,PASS,"{""mismatch"": 0, ""shape"": [31, 67]}","{""mismatch"": 0, ""shape"": [31, 67]}",input/plotting_baseline/第4章_缩聚对试验稳定性的影响/输入数据/图4-5_第二类子结构划分稳定域_清洗数据.mat
S6C0060,historical_identity,div2 Craig-Bampton原始数组与来源副本逐元素相同,PASS,true,true,input/historical_plotting/作者绘图目录/lqr_3.mat
S6C0061,historical_clean_mask,div2 Craig-Bampton原始历史谓词与清洗掩膜逐点一致,PASS,"{""mismatch"": 0, ""shape"": [31, 67]}","{""mismatch"": 0, ""shape"": [31, 67]}",input/plotting_baseline/第4章_缩聚对试验稳定性的影响/输入数据/图4-5_第二类子结构划分稳定域_清洗数据.mat
S6C0062,historical_identity,div2 Guyan原始数组与来源副本逐元素相同,PASS,true,true,input/historical_plotting/作者绘图目录/lqr_3.mat
S6C0063,historical_clean_mask,div2 Guyan原始历史谓词与清洗掩膜逐点一致,PASS,"{""mismatch"": 0, ""shape"": [31, 67]}","{""mismatch"": 0, ""shape"": [31, 67]}",input/plotting_baseline/第4章_缩聚对试验稳定性的影响/输入数据/图4-5_第二类子结构划分稳定域_清洗数据.mat
S6C0064,extension_1_to_28,Craig-Bampton第二类历史扩展数组尺寸,PASS,"[45, 95]","[45, 95]",input/historical_plotting/作者绘图目录/lqr_3.mat
S6C0065,extension_1_to_28,Craig-Bampton网格外序列精确为1至28,PASS,"[1.0, 2.0, 3.0, 4.0, 5.0, 6.0, 7.0, 8.0, 9.0, 10.0, 11.0, 12.0, 13.0, 14.0, 15.0, 16.0, 17.0, 18.0, 19.0, 20.0, 21.0, 22.0, 23.0, 24.0, 25.0, 26.0, 27.0, 28.0]","[1.0, 2.0, 3.0, 4.0, 5.0, 6.0, 7.0, 8.0, 9.0, 10.0, 11.0, 12.0, 13.0, 14.0, 15.0, 16.0, 17.0, 18.0, 19.0, 20.0, 21.0, 22.0, 23.0, 24.0, 25.0, 26.0, 27.0, 28.0]",input/historical_plotting/作者绘图目录/lqr_3.mat
S6C0066,extension_1_to_28,Craig-Bampton共同格外只有28个非零序列且无严格稳定点,PASS,"{""outside_nonzero"": 28, ""outside_stable"": 0}","{""outside_nonzero"": 28, ""outside_stable"": 0}",input/historical_plotting/作者绘图目录/lqr_3.mat
S6C0067,extension_1_to_28,Guyan第二类历史扩展数组尺寸,PASS,"[41, 95]","[41, 95]",input/historical_plotting/作者绘图目录/lqr_3.mat
S6C0068,extension_1_to_28,Guyan网格外序列精确为1至28,PASS,"[1.0, 2.0, 3.0, 4.0, 5.0, 6.0, 7.0, 8.0, 9.0, 10.0, 11.0, 12.0, 13.0, 14.0, 15.0, 16.0, 17.0, 18.0, 19.0, 20.0, 21.0, 22.0, 23.0, 24.0, 25.0, 26.0, 27.0, 28.0]","[1.0, 2.0, 3.0, 4.0, 5.0, 6.0, 7.0, 8.0, 9.0, 10.0, 11.0, 12.0, 13.0, 14.0, 15.0, 16.0, 17.0, 18.0, 19.0, 20.0, 21.0, 22.0, 23.0, 24.0, 25.0, 26.0, 27.0, 28.0]",input/historical_plotting/作者绘图目录/lqr_3.mat
S6C0069,extension_1_to_28,Guyan共同格外只有28个非零序列且无严格稳定点,PASS,"{""outside_nonzero"": 28, ""outside_stable"": 0}","{""outside_nonzero"": 28, ""outside_stable"": 0}",input/historical_plotting/作者绘图目录/lqr_3.mat
S6C0070,historical_boundary,div1冻结边界CSV字段完整,PASS,"[""原图横坐标索引"", ""原图纵坐标索引"", ""方法"", ""时滞1毫秒"", ""时滞1采样步"", ""时滞2毫秒"", ""时滞2采样步""]","[""唯一ID"", ""划分"", ""方法"", ""源文件"", ""源变量"", ""原图横坐标索引"", ""原图纵坐标索引"", ""时滞1采样步"", ""时滞2采样步"", ""时滞1毫秒"", ""时滞2毫秒""]",input/plotting_baseline/第4章_缩聚对试验稳定性的影响/输入数据/图4-4_第一类子结构划分稳定域_边界数据.csv
S6C0071,historical_boundary,div1原始历史掩膜重新提取边界与冻结CSV逐行一致,PASS,"{""mismatches"": [], ""rows"": 171}","{""mismatches"": [], ""rows"": 171}",input/plotting_baseline/第4章_缩聚对试验稳定性的影响/输入数据/图4-4_第一类子结构划分稳定域_边界数据.csv
S6C0072,historical_boundary,div2冻结边界CSV字段完整,PASS,"[""原图横坐标索引"", ""原图纵坐标索引"", ""方法"", ""时滞1毫秒"", ""时滞1采样步"", ""时滞2毫秒"", ""时滞2采样步""]","[""唯一ID"", ""划分"", ""方法"", ""源文件"", ""源变量"", ""原图横坐标索引"", ""原图纵坐标索引"", ""时滞1采样步"", ""时滞2采样步"", ""时滞1毫秒"", ""时滞2毫秒""]",input/plotting_baseline/第4章_缩聚对试验稳定性的影响/输入数据/图4-5_第二类子结构划分稳定域_边界数据.csv
S6C0073,historical_boundary,div2原始历史掩膜重新提取边界与冻结CSV逐行一致,PASS,"{""mismatches"": [], ""rows"": 162}","{""mismatches"": [], ""rows"": 162}",input/plotting_baseline/第4章_缩聚对试验稳定性的影响/输入数据/图4-5_第二类子结构划分稳定域_边界数据.csv
S6C0074,candidate_schema,main_ori_div1 Step5点表字段完整,PASS,"[""critical"", ""declared_method"", ""division"", ""j"", ""l"", ""point_status"", ""rho"", ""route_formula"", ""route_id"", ""route_role"", ""stable""]","[""route_id"", ""route_role"", ""declared_method"", ""division"", ""route_formula"", ""l"", ""j"", ""matrix_order"", ""algorithm_selector_field"", ""algorithm_selector_value"", ""selected_algorithm"", ""selected_order"", ""compact_order"", ""full_q_order"", ""polynomial_degree"", ""clearing_power"", ""raw_root_count"", ""finite_root_count"", ""nonfinite_root_count"", ""zero_root_tolerance"", ""removed_zero_root_count"", ""retained_root_count"", ""compact_pairing_performed"", ""compact_raw_root_count"", ""compact_retained_root_count"", ""compact_zero_root_tolerance"", ""compact_removed_zero_root_count"", ""rho_compact_pairing"", ""stable_compact_pairing"", ""full_q_compact_rho_abs_diff"", ""full_q_compact_root_match_max_relative_diff"", ""near_unit_root_match_max_relative_diff"", ""pairing_diagnostic_role"", ""matched_physical_root_count"", ""theoretical_extra_zero_count"", ""unmatched_full_root_count"", ""unmatched_count_within_theoretical"", ""unmatched_full_max_abs"", ""unmatched_full_below_0p9"", ""unmatched_full_strictly_nondominant"", ""origin_splitting_status"", ""origin_split_gate_role"", ""rho"", ""stable"", ""critical"", ""dominant_root_real"", ""dominant_root_imag"", ""max_gated_svd_polynomial_residual"", ""max_gated_svd_laurent_residual"", ""max_gated_vector_block_polynomial_residual_diagnostic"", ""max_gated_vector_block_laurent_residual_diagnostic"", ""max_unmatched_full_svd_polynomial_residual_diagnostic"", ""max_unmatched_full_svd_laurent_residual_diagnostic"", ""max_unmatched_full_vector_block_polynomial_residual_diagnostic"", ""max_unmatched_full_vector_block_laurent_residual_diagnostic"", ""max_near_unit_svd_polynomial_residual"", ""max_near_unit_svd_laurent_residual"", ""max_near_unit_vector_block_polynomial_residual_diagnostic"", ""max_near_unit_vector_block_laurent_residual_diagnostic"", ""dominant_svd_polynomial_residual"", ""dominant_svd_laurent_residual"", ""dominant_vector_block_polynomial_residual_diagnostic"", ""dominant_vector_block_laurent_residual_diagnostic"", ""hard_residual_definition"", ""vector_block_residual_role"", ""direct_formula_coefficient_relative_difference"", ""stable_classification_match"", ""all_gated_svd_residuals_finite"", ""point_status"", ""failure_code""]",outputs/step5_fullq_svd_candidate_v4/full/main_ori_div1/point_summary.csv
S6C0075,candidate_schema,main_ori_div1 Step5点数为2077,PASS,2077,2077,outputs/step5_fullq_svd_candidate_v4/full/main_ori_div1/point_summary.csv
S6C0076,candidate_point_identity,main_ori_div1点序、坐标全集与路线身份严格闭合,PASS,"{""identity_failures"": [], ""order_failures"": [], ""seen"": 2077}","{""identity_failures"": [], ""order_failures"": [], ""seen"": 2077}",outputs/step5_fullq_svd_candidate_v4/full/main_ori_div1/point_summary.csv
S6C0077,candidate_stable_rule,main_ori_div1保存稳定分类严格等于finite(rho)且rho<1,PASS,0,0,outputs/step5_fullq_svd_candidate_v4/full/main_ori_div1/point_summary.csv
S6C0078,candidate_critical_rule,main_ori_div1临界诊断严格等于|rho-1|<=1e-8,PASS,0,0,outputs/step5_fullq_svd_candidate_v4/full/main_ori_div1/point_summary.csv
S6C0079,step4_step5_crosscheck,main_ori_div1 Step4 MATLAB与Step5 V4 rho差不高于1e-8且分类一致,PASS,"{""max_rho_abs_diff_lte"": 1e-08, ""shape"": [31, 67], ""stable_mismatch"": 0, ""status"": 1}","{""max_rho_abs_diff"": 9.947598300641403e-14, ""shape"": [31, 67], ""stable_mismatch"": 0, ""status_unique"": [1]}",outputs/step4_rho_grids/main_ori_div1/common_31x67_same_formula_candidate.mat
S6C0080,candidate_schema,main_guyan_div1 Step5点表字段完整,PASS,"[""critical"", ""declared_method"", ""division"", ""j"", ""l"", ""point_status"", ""rho"", ""route_formula"", ""route_id"", ""route_role"", ""stable""]","[""route_id"", ""route_role"", ""declared_method"", ""division"", ""route_formula"", ""l"", ""j"", ""matrix_order"", ""algorithm_selector_field"", ""algorithm_selector_value"", ""selected_algorithm"", ""selected_order"", ""compact_order"", ""full_q_order"", ""polynomial_degree"", ""clearing_power"", ""raw_root_count"", ""finite_root_count"", ""nonfinite_root_count"", ""zero_root_tolerance"", ""removed_zero_root_count"", ""retained_root_count"", ""compact_pairing_performed"", ""compact_raw_root_count"", ""compact_retained_root_count"", ""compact_zero_root_tolerance"", ""compact_removed_zero_root_count"", ""rho_compact_pairing"", ""stable_compact_pairing"", ""full_q_compact_rho_abs_diff"", ""full_q_compact_root_match_max_relative_diff"", ""near_unit_root_match_max_relative_diff"", ""pairing_diagnostic_role"", ""matched_physical_root_count"", ""theoretical_extra_zero_count"", ""unmatched_full_root_count"", ""unmatched_count_within_theoretical"", ""unmatched_full_max_abs"", ""unmatched_full_below_0p9"", ""unmatched_full_strictly_nondominant"", ""origin_splitting_status"", ""origin_split_gate_role"", ""rho"", ""stable"", ""critical"", ""dominant_root_real"", ""dominant_root_imag"", ""max_gated_svd_polynomial_residual"", ""max_gated_svd_laurent_residual"", ""max_gated_vector_block_polynomial_residual_diagnostic"", ""max_gated_vector_block_laurent_residual_diagnostic"", ""max_unmatched_full_svd_polynomial_residual_diagnostic"", ""max_unmatched_full_svd_laurent_residual_diagnostic"", ""max_unmatched_full_vector_block_polynomial_residual_diagnostic"", ""max_unmatched_full_vector_block_laurent_residual_diagnostic"", ""max_near_unit_svd_polynomial_residual"", ""max_near_unit_svd_laurent_residual"", ""max_near_unit_vector_block_polynomial_residual_diagnostic"", ""max_near_unit_vector_block_laurent_residual_diagnostic"", ""dominant_svd_polynomial_residual"", ""dominant_svd_laurent_residual"", ""dominant_vector_block_polynomial_residual_diagnostic"", ""dominant_vector_block_laurent_residual_diagnostic"", ""hard_residual_definition"", ""vector_block_residual_role"", ""direct_formula_coefficient_relative_difference"", ""stable_classification_match"", ""all_gated_svd_residuals_finite"", ""point_status"", ""failure_code""]",outputs/step5_fullq_svd_candidate_v4/full/main_guyan_div1/point_summary.csv
S6C0081,candidate_schema,main_guyan_div1 Step5点数为2077,PASS,2077,2077,outputs/step5_fullq_svd_candidate_v4/full/main_guyan_div1/point_summary.csv
S6C0082,candidate_point_identity,main_guyan_div1点序、坐标全集与路线身份严格闭合,PASS,"{""identity_failures"": [], ""order_failures"": [], ""seen"": 2077}","{""identity_failures"": [], ""order_failures"": [], ""seen"": 2077}",outputs/step5_fullq_svd_candidate_v4/full/main_guyan_div1/point_summary.csv
S6C0083,candidate_stable_rule,main_guyan_div1保存稳定分类严格等于finite(rho)且rho<1,PASS,0,0,outputs/step5_fullq_svd_candidate_v4/full/main_guyan_div1/point_summary.csv
S6C0084,candidate_critical_rule,main_guyan_div1临界诊断严格等于|rho-1|<=1e-8,PASS,0,0,outputs/step5_fullq_svd_candidate_v4/full/main_guyan_div1/point_summary.csv
S6C0085,step4_step5_crosscheck,main_guyan_div1 Step4 MATLAB与Step5 V4 rho差不高于1e-8且分类一致,PASS,"{""max_rho_abs_diff_lte"": 1e-08, ""shape"": [31, 67], ""stable_mismatch"": 0, ""status"": 1}","{""max_rho_abs_diff"": 2.708944180085382e-14, ""shape"": [31, 67], ""stable_mismatch"": 0, ""status_unique"": [1]}",outputs/step4_rho_grids/main_guyan_div1/common_31x67_same_formula_candidate.mat
S6C0086,candidate_schema,alt_guyan_div1_stable_full_ps3 Step5点表字段完整,PASS,"[""critical"", ""declared_method"", ""division"", ""j"", ""l"", ""point_status"", ""rho"", ""route_formula"", ""route_id"", ""route_role"", ""stable""]","[""route_id"", ""route_role"", ""declared_method"", ""division"", ""route_formula"", ""l"", ""j"", ""matrix_order"", ""algorithm_selector_field"", ""algorithm_selector_value"", ""selected_algorithm"", ""selected_order"", ""compact_order"", ""full_q_order"", ""polynomial_degree"", ""clearing_power"", ""raw_root_count"", ""finite_root_count"", ""nonfinite_root_count"", ""zero_root_tolerance"", ""removed_zero_root_count"", ""retained_root_count"", ""compact_pairing_performed"", ""compact_raw_root_count"", ""compact_retained_root_count"", ""compact_zero_root_tolerance"", ""compact_removed_zero_root_count"", ""rho_compact_pairing"", ""stable_compact_pairing"", ""full_q_compact_rho_abs_diff"", ""full_q_compact_root_match_max_relative_diff"", ""near_unit_root_match_max_relative_diff"", ""pairing_diagnostic_role"", ""matched_physical_root_count"", ""theoretical_extra_zero_count"", ""unmatched_full_root_count"", ""unmatched_count_within_theoretical"", ""unmatched_full_max_abs"", ""unmatched_full_below_0p9"", ""unmatched_full_strictly_nondominant"", ""origin_splitting_status"", ""origin_split_gate_role"", ""rho"", ""stable"", ""critical"", ""dominant_root_real"", ""dominant_root_imag"", ""max_gated_svd_polynomial_residual"", ""max_gated_svd_laurent_residual"", ""max_gated_vector_block_polynomial_residual_diagnostic"", ""max_gated_vector_block_laurent_residual_diagnostic"", ""max_unmatched_full_svd_polynomial_residual_diagnostic"", ""max_unmatched_full_svd_laurent_residual_diagnostic"", ""max_unmatched_full_vector_block_polynomial_residual_diagnostic"", ""max_unmatched_full_vector_block_laurent_residual_diagnostic"", ""max_near_unit_svd_polynomial_residual"", ""max_near_unit_svd_laurent_residual"", ""max_near_unit_vector_block_polynomial_residual_diagnostic"", ""max_near_unit_vector_block_laurent_residual_diagnostic"", ""dominant_svd_polynomial_residual"", ""dominant_svd_laurent_residual"", ""dominant_vector_block_polynomial_residual_diagnostic"", ""dominant_vector_block_laurent_residual_diagnostic"", ""hard_residual_definition"", ""vector_block_residual_role"", ""direct_formula_coefficient_relative_difference"", ""stable_classification_match"", ""all_gated_svd_residuals_finite"", ""point_status"", ""failure_code""]",outputs/step5_fullq_svd_candidate_v4/full/alt_guyan_div1_stable_full_ps3/point_summary.csv
S6C0087,candidate_schema,alt_guyan_div1_stable_full_ps3 Step5点数为2077,PASS,2077,2077,outputs/step5_fullq_svd_candidate_v4/full/alt_guyan_div1_stable_full_ps3/point_summary.csv
S6C0088,candidate_point_identity,alt_guyan_div1_stable_full_ps3点序、坐标全集与路线身份严格闭合,PASS,"{""identity_failures"": [], ""order_failures"": [], ""seen"": 2077}","{""identity_failures"": [], ""order_failures"": [], ""seen"": 2077}",outputs/step5_fullq_svd_candidate_v4/full/alt_guyan_div1_stable_full_ps3/point_summary.csv
S6C0089,candidate_stable_rule,alt_guyan_div1_stable_full_ps3保存稳定分类严格等于finite(rho)且rho<1,PASS,0,0,outputs/step5_fullq_svd_candidate_v4/full/alt_guyan_div1_stable_full_ps3/point_summary.csv
S6C0090,candidate_critical_rule,alt_guyan_div1_stable_full_ps3临界诊断严格等于|rho-1|<=1e-8,PASS,0,0,outputs/step5_fullq_svd_candidate_v4/full/alt_guyan_div1_stable_full_ps3/point_summary.csv
S6C0091,step4_step5_crosscheck,alt_guyan_div1_stable_full_ps3 Step4 MATLAB与Step5 V4 rho差不高于1e-8且分类一致,PASS,"{""max_rho_abs_diff_lte"": 1e-08, ""shape"": [31, 67], ""stable_mismatch"": 0, ""status"": 1}","{""max_rho_abs_diff"": 3.808064974464287e-13, ""shape"": [31, 67], ""stable_mismatch"": 0, ""status_unique"": [1]}",outputs/step4_rho_grids/alt_guyan_div1_stable_full_ps3/common_31x67_same_formula_candidate.mat
S6C0092,candidate_schema,main_ori_div2 Step5点表字段完整,PASS,"[""critical"", ""declared_method"", ""division"", ""j"", ""l"", ""point_status"", ""rho"", ""route_formula"", ""route_id"", ""route_role"", ""stable""]","[""route_id"", ""route_role"", ""declared_method"", ""division"", ""route_formula"", ""l"", ""j"", ""matrix_order"", ""algorithm_selector_field"", ""algorithm_selector_value"", ""selected_algorithm"", ""selected_order"", ""compact_order"", ""full_q_order"", ""polynomial_degree"", ""clearing_power"", ""raw_root_count"", ""finite_root_count"", ""nonfinite_root_count"", ""zero_root_tolerance"", ""removed_zero_root_count"", ""retained_root_count"", ""compact_pairing_performed"", ""compact_raw_root_count"", ""compact_retained_root_count"", ""compact_zero_root_tolerance"", ""compact_removed_zero_root_count"", ""rho_compact_pairing"", ""stable_compact_pairing"", ""full_q_compact_rho_abs_diff"", ""full_q_compact_root_match_max_relative_diff"", ""near_unit_root_match_max_relative_diff"", ""pairing_diagnostic_role"", ""matched_physical_root_count"", ""theoretical_extra_zero_count"", ""unmatched_full_root_count"", ""unmatched_count_within_theoretical"", ""unmatched_full_max_abs"", ""unmatched_full_below_0p9"", ""unmatched_full_strictly_nondominant"", ""origin_splitting_status"", ""origin_split_gate_role"", ""rho"", ""stable"", ""critical"", ""dominant_root_real"", ""dominant_root_imag"", ""max_gated_svd_polynomial_residual"", ""max_gated_svd_laurent_residual"", ""max_gated_vector_block_polynomial_residual_diagnostic"", ""max_gated_vector_block_laurent_residual_diagnostic"", ""max_unmatched_full_svd_polynomial_residual_diagnostic"", ""max_unmatched_full_svd_laurent_residual_diagnostic"", ""max_unmatched_full_vector_block_polynomial_residual_diagnostic"", ""max_unmatched_full_vector_block_laurent_residual_diagnostic"", ""max_near_unit_svd_polynomial_residual"", ""max_near_unit_svd_laurent_residual"", ""max_near_unit_vector_block_polynomial_residual_diagnostic"", ""max_near_unit_vector_block_laurent_residual_diagnostic"", ""dominant_svd_polynomial_residual"", ""dominant_svd_laurent_residual"", ""dominant_vector_block_polynomial_residual_diagnostic"", ""dominant_vector_block_laurent_residual_diagnostic"", ""hard_residual_definition"", ""vector_block_residual_role"", ""direct_formula_coefficient_relative_difference"", ""stable_classification_match"", ""all_gated_svd_residuals_finite"", ""point_status"", ""failure_code""]",outputs/step5_fullq_svd_candidate_v4/full/main_ori_div2/point_summary.csv
S6C0093,candidate_schema,main_ori_div2 Step5点数为2077,PASS,2077,2077,outputs/step5_fullq_svd_candidate_v4/full/main_ori_div2/point_summary.csv
S6C0094,candidate_point_identity,main_ori_div2点序、坐标全集与路线身份严格闭合,PASS,"{""identity_failures"": [], ""order_failures"": [], ""seen"": 2077}","{""identity_failures"": [], ""order_failures"": [], ""seen"": 2077}",outputs/step5_fullq_svd_candidate_v4/full/main_ori_div2/point_summary.csv
S6C0095,candidate_stable_rule,main_ori_div2保存稳定分类严格等于finite(rho)且rho<1,PASS,0,0,outputs/step5_fullq_svd_candidate_v4/full/main_ori_div2/point_summary.csv
S6C0096,candidate_critical_rule,main_ori_div2临界诊断严格等于|rho-1|<=1e-8,PASS,0,0,outputs/step5_fullq_svd_candidate_v4/full/main_ori_div2/point_summary.csv
S6C0097,step4_step5_crosscheck,main_ori_div2 Step4 MATLAB与Step5 V4 rho差不高于1e-8且分类一致,PASS,"{""max_rho_abs_diff_lte"": 1e-08, ""shape"": [31, 67], ""stable_mismatch"": 0, ""status"": 1}","{""max_rho_abs_diff"": 5.999645225074346e-13, ""shape"": [31, 67], ""stable_mismatch"": 0, ""status_unique"": [1]}",outputs/step4_rho_grids/main_ori_div2/common_31x67_same_formula_candidate.mat
S6C0098,candidate_schema,main_guyan_div2 Step5点表字段完整,PASS,"[""critical"", ""declared_method"", ""division"", ""j"", ""l"", ""point_status"", ""rho"", ""route_formula"", ""route_id"", ""route_role"", ""stable""]","[""route_id"", ""route_role"", ""declared_method"", ""division"", ""route_formula"", ""l"", ""j"", ""matrix_order"", ""algorithm_selector_field"", ""algorithm_selector_value"", ""selected_algorithm"", ""selected_order"", ""compact_order"", ""full_q_order"", ""polynomial_degree"", ""clearing_power"", ""raw_root_count"", ""finite_root_count"", ""nonfinite_root_count"", ""zero_root_tolerance"", ""removed_zero_root_count"", ""retained_root_count"", ""compact_pairing_performed"", ""compact_raw_root_count"", ""compact_retained_root_count"", ""compact_zero_root_tolerance"", ""compact_removed_zero_root_count"", ""rho_compact_pairing"", ""stable_compact_pairing"", ""full_q_compact_rho_abs_diff"", ""full_q_compact_root_match_max_relative_diff"", ""near_unit_root_match_max_relative_diff"", ""pairing_diagnostic_role"", ""matched_physical_root_count"", ""theoretical_extra_zero_count"", ""unmatched_full_root_count"", ""unmatched_count_within_theoretical"", ""unmatched_full_max_abs"", ""unmatched_full_below_0p9"", ""unmatched_full_strictly_nondominant"", ""origin_splitting_status"", ""origin_split_gate_role"", ""rho"", ""stable"", ""critical"", ""dominant_root_real"", ""dominant_root_imag"", ""max_gated_svd_polynomial_residual"", ""max_gated_svd_laurent_residual"", ""max_gated_vector_block_polynomial_residual_diagnostic"", ""max_gated_vector_block_laurent_residual_diagnostic"", ""max_unmatched_full_svd_polynomial_residual_diagnostic"", ""max_unmatched_full_svd_laurent_residual_diagnostic"", ""max_unmatched_full_vector_block_polynomial_residual_diagnostic"", ""max_unmatched_full_vector_block_laurent_residual_diagnostic"", ""max_near_unit_svd_polynomial_residual"", ""max_near_unit_svd_laurent_residual"", ""max_near_unit_vector_block_polynomial_residual_diagnostic"", ""max_near_unit_vector_block_laurent_residual_diagnostic"", ""dominant_svd_polynomial_residual"", ""dominant_svd_laurent_residual"", ""dominant_vector_block_polynomial_residual_diagnostic"", ""dominant_vector_block_laurent_residual_diagnostic"", ""hard_residual_definition"", ""vector_block_residual_role"", ""direct_formula_coefficient_relative_difference"", ""stable_classification_match"", ""all_gated_svd_residuals_finite"", ""point_status"", ""failure_code""]",outputs/step5_fullq_svd_candidate_v4/full/main_guyan_div2/point_summary.csv
S6C0099,candidate_schema,main_guyan_div2 Step5点数为2077,PASS,2077,2077,outputs/step5_fullq_svd_candidate_v4/full/main_guyan_div2/point_summary.csv
S6C0100,candidate_point_identity,main_guyan_div2点序、坐标全集与路线身份严格闭合,PASS,"{""identity_failures"": [], ""order_failures"": [], ""seen"": 2077}","{""identity_failures"": [], ""order_failures"": [], ""seen"": 2077}",outputs/step5_fullq_svd_candidate_v4/full/main_guyan_div2/point_summary.csv
S6C0101,candidate_stable_rule,main_guyan_div2保存稳定分类严格等于finite(rho)且rho<1,PASS,0,0,outputs/step5_fullq_svd_candidate_v4/full/main_guyan_div2/point_summary.csv
S6C0102,candidate_critical_rule,main_guyan_div2临界诊断严格等于|rho-1|<=1e-8,PASS,0,0,outputs/step5_fullq_svd_candidate_v4/full/main_guyan_div2/point_summary.csv
S6C0103,step4_step5_crosscheck,main_guyan_div2 Step4 MATLAB与Step5 V4 rho差不高于1e-8且分类一致,PASS,"{""max_rho_abs_diff_lte"": 1e-08, ""shape"": [31, 67], ""stable_mismatch"": 0, ""status"": 1}","{""max_rho_abs_diff"": 5.999645225074346e-13, ""shape"": [31, 67], ""stable_mismatch"": 0, ""status_unique"": [1]}",outputs/step4_rho_grids/main_guyan_div2/common_31x67_same_formula_candidate.mat
S6C0104,historical_mask_comparison,main_ori_div1与对应历史掩膜的对象门结果,INFO,"{""calculation_level_mask_gate_pass"": true, ""mask_mismatch_points"": 0}","{""calculation_level_mask_gate_pass"": false, ""mask_mismatch_points"": 1389}",outputs/step5_fullq_svd_candidate_v4/full/main_ori_div1/point_summary.csv
S6C0105,historical_mask_comparison,main_guyan_div1与对应历史掩膜的对象门结果,INFO,"{""calculation_level_mask_gate_pass"": true, ""mask_mismatch_points"": 0}","{""calculation_level_mask_gate_pass"": false, ""mask_mismatch_points"": 951}",outputs/step5_fullq_svd_candidate_v4/full/main_guyan_div1/point_summary.csv
S6C0106,historical_mask_comparison,alt_guyan_div1_stable_full_ps3与对应历史掩膜的对象门结果,INFO,"{""calculation_level_mask_gate_pass"": true, ""mask_mismatch_points"": 0}","{""calculation_level_mask_gate_pass"": false, ""mask_mismatch_points"": 1037}",outputs/step5_fullq_svd_candidate_v4/full/alt_guyan_div1_stable_full_ps3/point_summary.csv
S6C0107,historical_mask_comparison,main_ori_div2与对应历史掩膜的对象门结果,INFO,"{""calculation_level_mask_gate_pass"": true, ""mask_mismatch_points"": 0}","{""calculation_level_mask_gate_pass"": false, ""mask_mismatch_points"": 1213}",outputs/step5_fullq_svd_candidate_v4/full/main_ori_div2/point_summary.csv
S6C0108,historical_mask_comparison,main_guyan_div2与对应历史掩膜的对象门结果,INFO,"{""calculation_level_mask_gate_pass"": true, ""mask_mismatch_points"": 0}","{""calculation_level_mask_gate_pass"": false, ""mask_mismatch_points"": 895}",outputs/step5_fullq_svd_candidate_v4/full/main_guyan_div2/point_summary.csv
S6C0109,target_cell_gate,F4-4 Craig-Bampton连续rho路线缺失,INFO,"""PRIMARY_CONTINUOUS_RHO_PRESENT""","""MISSING_PRIMARY_CONTINUOUS_RHO""",code/board20_step4_route_manifest.json
S6C0110,target_cell_gate,F4-5 Craig-Bampton连续rho路线缺失,INFO,"""PRIMARY_CONTINUOUS_RHO_PRESENT""","""MISSING_PRIMARY_CONTINUOUS_RHO""",code/board20_step4_route_manifest.json
S6C0111,div2_payload_relation,第二类Original/Guyan除身份字段外的Step5 CSV载荷逐字段相同,PASS,"{""unequal_fields"": [], ""unequal_points"": 0}","{""unequal_fields"": [], ""unequal_points"": 0}",outputs/step5_fullq_svd_candidate_v4/full
S6C0112,origin_connected_axis_intercepts,轴截距只取从原点连续稳定前缀，第二类候选不得跨过孔洞取最后稳定点,PASS,"{""main_guyan_div2"": {""definition"": ""ORIGIN_CONNECTED_CONTIGUOUS_PREFIX_LAST_STABLE_INDEX_NO_HOLE_CROSSING"", ""max_tau2_any_stable_step"": 16, ""tau2_axis_intercept_step"": 6}, ""main_ori_div2"": {""definition"": ""ORIGIN_CONNECTED_CONTIGUOUS_PREFIX_LAST_STABLE_INDEX_NO_HOLE_CROSSING"", ""max_tau2_any_stable_step"": 16, ""tau2_axis_intercept_step"": 6}}","{""main_guyan_div2"": {""definition"": ""ORIGIN_CONNECTED_CONTIGUOUS_PREFIX_LAST_STABLE_INDEX_NO_HOLE_CROSSING"", ""max_tau2_any_stable_step"": 16, ""tau2_axis_intercept_step"": 6}, ""main_ori_div2"": {""definition"": ""ORIGIN_CONNECTED_CONTIGUOUS_PREFIX_LAST_STABLE_INDEX_NO_HOLE_CROSSING"", ""max_tau2_any_stable_step"": 16, ""tau2_axis_intercept_step"": 6}}",tables/stability_metrics.csv
S6C0113,protected_inputs,163项保护文件在Step6生成后仍与V5基线哈希相同,PASS,"{""changed"": [], ""count"": 163}","{""changed"": [], ""count"": 163}",protected_input_hashes.csv
S6C0114,object_gate,图4-4与图4-5对象门按合同如实失败，不建立正式成功目录,INFO,"{""figure_gate_pass"": true, ""formal_success_directory_allowed"": true}","{""figure_gate_pass"": false, ""formal_success_directory_allowed"": false, ""reason"": ""missing Craig-Bampton continuous-rho routes and nonzero mask mismatches""}",tables/figure_status.csv
S6C0115,execution_integrity,生成器内部无FAIL检查,PASS,0,0,checks.csv
