division,excitation,floor,method,route,band_id,frequency_band,window_start_s,window_end_s,window_inclusion,sample_count,reference_range_mm,rmse_mm,nrmse_percent,numerator_formula,normalization,source_file,source_sha256
1,Chirp,1,Guyan,historical_mean_full_range,1,0.1-1.9 Hz,0,7.27,"[start,end)",7445,17.6393253126204,0.00469926438942188,0.0266408397494642,sqrt(mean(error^2)),full_40s_reference_peak_to_peak,第一类划分_Chirp响应.csv,2FDC6B5BF3B48118A51DD147ECE32B6711CEFDCD702D88EEC64CFC4E6A13DF49
1,Chirp,1,Guyan,historical_mean_full_range,2,1.9-3.5 Hz,7.27,13.73,"[start,end)",6615,17.6393253126204,0.354538907751571,2.00993462883701,sqrt(mean(error^2)),full_40s_reference_peak_to_peak,第一类划分_Chirp响应.csv,2FDC6B5BF3B48118A51DD147ECE32B6711CEFDCD702D88EEC64CFC4E6A13DF49
1,Chirp,1,Guyan,historical_mean_full_range,3,3.5-5.4 Hz,13.73,21.4,"[start,end)",7854,17.6393253126204,0.111540033479916,0.632337300339443,sqrt(mean(error^2)),full_40s_reference_peak_to_peak,第一类划分_Chirp响应.csv,2FDC6B5BF3B48118A51DD147ECE32B6711CEFDCD702D88EEC64CFC4E6A13DF49
1,Chirp,1,Guyan,historical_mean_full_range,4,5.4-8.1 Hz,21.4,32.31,"[start,end)",11172,17.6393253126204,0.0300248403120394,0.170215355632437,sqrt(mean(error^2)),full_40s_reference_peak_to_peak,第一类划分_Chirp响应.csv,2FDC6B5BF3B48118A51DD147ECE32B6711CEFDCD702D88EEC64CFC4E6A13DF49
1,Chirp,1,Guyan,historical_mean_full_range,5,8.1-10 Hz,32.31,40,"[start,end)",7874,17.6393253126204,0.35972065211228,2.03931072043277,sqrt(mean(error^2)),full_40s_reference_peak_to_peak,第一类划分_Chirp响应.csv,2FDC6B5BF3B48118A51DD147ECE32B6711CEFDCD702D88EEC64CFC4E6A13DF49
1,Chirp,1,Craig-Bampton,historical_mean_full_range,1,0.1-1.9 Hz,0,7.27,"[start,end)",7445,17.6393253126204,9.37156211915917e-06,5.31288014312775e-05,sqrt(mean(error^2)),full_40s_reference_peak_to_peak,第一类划分_Chirp响应.csv,2FDC6B5BF3B48118A51DD147ECE32B6711CEFDCD702D88EEC64CFC4E6A13DF49
1,Chirp,1,Craig-Bampton,historical_mean_full_range,2,1.9-3.5 Hz,7.27,13.73,"[start,end)",6615,17.6393253126204,0.00140993089755945,0.00799311125891356,sqrt(mean(error^2)),full_40s_reference_peak_to_peak,第一类划分_Chirp响应.csv,2FDC6B5BF3B48118A51DD147ECE32B6711CEFDCD702D88EEC64CFC4E6A13DF49
1,Chirp,1,Craig-Bampton,historical_mean_full_range,3,3.5-5.4 Hz,13.73,21.4,"[start,end)",7854,17.6393253126204,0.000478757175062401,0.00271414675208617,sqrt(mean(error^2)),full_40s_reference_peak_to_peak,第一类划分_Chirp响应.csv,2FDC6B5BF3B48118A51DD147ECE32B6711CEFDCD702D88EEC64CFC4E6A13DF49
1,Chirp,1,Craig-Bampton,historical_mean_full_range,4,5.4-8.1 Hz,21.4,32.31,"[start,end)",11172,17.6393253126204,0.00125287484515266,0.00710273677109557,sqrt(mean(error^2)),full_40s_reference_peak_to_peak,第一类划分_Chirp响应.csv,2FDC6B5BF3B48118A51DD147ECE32B6711CEFDCD702D88EEC64CFC4E6A13DF49
1,Chirp,1,Craig-Bampton,historical_mean_full_range,5,8.1-10 Hz,32.31,40,"[start,end)",7874,17.6393253126204,0.0242723865929747,0.137603826466132,sqrt(mean(error^2)),full_40s_reference_peak_to_peak,第一类划分_Chirp响应.csv,2FDC6B5BF3B48118A51DD147ECE32B6711CEFDCD702D88EEC64CFC4E6A13DF49
1,Chirp,2,Guyan,historical_mean_full_range,1,0.1-1.9 Hz,0,7.27,"[start,end)",7445,46.3440814316444,0.0136752916584744,0.0295081728583722,sqrt(mean(error^2)),full_40s_reference_peak_to_peak,第一类划分_Chirp响应.csv,2FDC6B5BF3B48118A51DD147ECE32B6711CEFDCD702D88EEC64CFC4E6A13DF49
1,Chirp,2,Guyan,historical_mean_full_range,2,1.9-3.5 Hz,7.27,13.73,"[start,end)",6615,46.3440814316444,0.924566439090476,1.99500434689632,sqrt(mean(error^2)),full_40s_reference_peak_to_peak,第一类划分_Chirp响应.csv,2FDC6B5BF3B48118A51DD147ECE32B6711CEFDCD702D88EEC64CFC4E6A13DF49
1,Chirp,2,Guyan,historical_mean_full_range,3,3.5-5.4 Hz,13.73,21.4,"[start,end)",7854,46.3440814316444,0.288479193224496,0.622472566750495,sqrt(mean(error^2)),full_40s_reference_peak_to_peak,第一类划分_Chirp响应.csv,2FDC6B5BF3B48118A51DD147ECE32B6711CEFDCD702D88EEC64CFC4E6A13DF49
1,Chirp,2,Guyan,historical_mean_full_range,4,5.4-8.1 Hz,21.4,32.31,"[start,end)",11172,46.3440814316444,0.035393201732678,0.0763704892606006,sqrt(mean(error^2)),full_40s_reference_peak_to_peak,第一类划分_Chirp响应.csv,2FDC6B5BF3B48118A51DD147ECE32B6711CEFDCD702D88EEC64CFC4E6A13DF49
1,Chirp,2,Guyan,historical_mean_full_range,5,8.1-10 Hz,32.31,40,"[start,end)",7874,46.3440814316444,0.345269115760537,0.745012318929646,sqrt(mean(error^2)),full_40s_reference_peak_to_peak,第一类划分_Chirp响应.csv,2FDC6B5BF3B48118A51DD147ECE32B6711CEFDCD702D88EEC64CFC4E6A13DF49
1,Chirp,2,Craig-Bampton,historical_mean_full_range,1,0.1-1.9 Hz,0,7.27,"[start,end)",7445,46.3440814316444,2.37566775430419e-05,5.12615134644152e-05,sqrt(mean(error^2)),full_40s_reference_peak_to_peak,第一类划分_Chirp响应.csv,2FDC6B5BF3B48118A51DD147ECE32B6711CEFDCD702D88EEC64CFC4E6A13DF49
1,Chirp,2,Craig-Bampton,historical_mean_full_range,2,1.9-3.5 Hz,7.27,13.73,"[start,end)",6615,46.3440814316444,0.00366758236144404,0.00791380959153019,sqrt(mean(error^2)),full_40s_reference_peak_to_peak,第一类划分_Chirp响应.csv,2FDC6B5BF3B48118A51DD147ECE32B6711CEFDCD702D88EEC64CFC4E6A13DF49
1,Chirp,2,Craig-Bampton,historical_mean_full_range,3,3.5-5.4 Hz,13.73,21.4,"[start,end)",7854,46.3440814316444,0.00118365904185111,0.00255406732701554,sqrt(mean(error^2)),full_40s_reference_peak_to_peak,第一类划分_Chirp响应.csv,2FDC6B5BF3B48118A51DD147ECE32B6711CEFDCD702D88EEC64CFC4E6A13DF49
1,Chirp,2,Craig-Bampton,historical_mean_full_range,4,5.4-8.1 Hz,21.4,32.31,"[start,end)",11172,46.3440814316444,0.00131741978778981,0.00284269263106001,sqrt(mean(error^2)),full_40s_reference_peak_to_peak,第一类划分_Chirp响应.csv,2FDC6B5BF3B48118A51DD147ECE32B6711CEFDCD702D88EEC64CFC4E6A13DF49
1,Chirp,2,Craig-Bampton,historical_mean_full_range,5,8.1-10 Hz,32.31,40,"[start,end)",7874,46.3440814316444,0.023416196888845,0.0505268335577713,sqrt(mean(error^2)),full_40s_reference_peak_to_peak,第一类划分_Chirp响应.csv,2FDC6B5BF3B48118A51DD147ECE32B6711CEFDCD702D88EEC64CFC4E6A13DF49
1,Chirp,3,Guyan,historical_mean_full_range,1,0.1-1.9 Hz,0,7.27,"[start,end)",7445,68.8880044215763,0.0218502623339963,0.0317185299784249,sqrt(mean(error^2)),full_40s_reference_peak_to_peak,第一类划分_Chirp响应.csv,2FDC6B5BF3B48118A51DD147ECE32B6711CEFDCD702D88EEC64CFC4E6A13DF49
1,Chirp,3,Guyan,historical_mean_full_range,2,1.9-3.5 Hz,7.27,13.73,"[start,end)",6615,68.8880044215763,1.3680372422007,1.98588600974514,sqrt(mean(error^2)),full_40s_reference_peak_to_peak,第一类划分_Chirp响应.csv,2FDC6B5BF3B48118A51DD147ECE32B6711CEFDCD702D88EEC64CFC4E6A13DF49
1,Chirp,3,Guyan,historical_mean_full_range,3,3.5-5.4 Hz,13.73,21.4,"[start,end)",7854,68.8880044215763,0.424114090815965,0.615657391119213,sqrt(mean(error^2)),full_40s_reference_peak_to_peak,第一类划分_Chirp响应.csv,2FDC6B5BF3B48118A51DD147ECE32B6711CEFDCD702D88EEC64CFC4E6A13DF49
1,Chirp,3,Guyan,historical_mean_full_range,4,5.4-8.1 Hz,21.4,32.31,"[start,end)",11172,68.8880044215763,0.0181846163460084,0.0263973626449147,sqrt(mean(error^2)),full_40s_reference_peak_to_peak,第一类划分_Chirp响应.csv,2FDC6B5BF3B48118A51DD147ECE32B6711CEFDCD702D88EEC64CFC4E6A13DF49
1,Chirp,3,Guyan,historical_mean_full_range,5,8.1-10 Hz,32.31,40,"[start,end)",7874,68.8880044215763,0.315139460444393,0.457466380526606,sqrt(mean(error^2)),full_40s_reference_peak_to_peak,第一类划分_Chirp响应.csv,2FDC6B5BF3B48118A51DD147ECE32B6711CEFDCD702D88EEC64CFC4E6A13DF49
1,Chirp,3,Craig-Bampton,historical_mean_full_range,1,0.1-1.9 Hz,0,7.27,"[start,end)",7445,68.8880044215763,3.62455891565761e-05,5.26152404339698e-05,sqrt(mean(error^2)),full_40s_reference_peak_to_peak,第一类划分_Chirp响应.csv,2FDC6B5BF3B48118A51DD147ECE32B6711CEFDCD702D88EEC64CFC4E6A13DF49
1,Chirp,3,Craig-Bampton,historical_mean_full_range,2,1.9-3.5 Hz,7.27,13.73,"[start,end)",6615,68.8880044215763,0.00542291422421618,0.00787207333083621,sqrt(mean(error^2)),full_40s_reference_peak_to_peak,第一类划分_Chirp响应.csv,2FDC6B5BF3B48118A51DD147ECE32B6711CEFDCD702D88EEC64CFC4E6A13DF49
1,Chirp,3,Craig-Bampton,historical_mean_full_range,3,3.5-5.4 Hz,13.73,21.4,"[start,end)",7854,68.8880044215763,0.0017037187543418,0.0024731718804271,sqrt(mean(error^2)),full_40s_reference_peak_to_peak,第一类划分_Chirp响应.csv,2FDC6B5BF3B48118A51DD147ECE32B6711CEFDCD702D88EEC64CFC4E6A13DF49
1,Chirp,3,Craig-Bampton,historical_mean_full_range,4,5.4-8.1 Hz,21.4,32.31,"[start,end)",11172,68.8880044215763,0.000857361135583557,0.00124457246625513,sqrt(mean(error^2)),full_40s_reference_peak_to_peak,第一类划分_Chirp响应.csv,2FDC6B5BF3B48118A51DD147ECE32B6711CEFDCD702D88EEC64CFC4E6A13DF49
1,Chirp,3,Craig-Bampton,historical_mean_full_range,5,8.1-10 Hz,32.31,40,"[start,end)",7874,68.8880044215763,0.0211769099121041,0.030741070364743,sqrt(mean(error^2)),full_40s_reference_peak_to_peak,第一类划分_Chirp响应.csv,2FDC6B5BF3B48118A51DD147ECE32B6711CEFDCD702D88EEC64CFC4E6A13DF49
1,ElCentro,1,Guyan,historical_mean_full_range,0,El Centro full,0,40,"all_samples",40961,6.03829028252204,0.0484043488726171,0.801623416693373,sqrt(mean(error^2)),full_40s_reference_peak_to_peak,第一类划分_ElCentro地震响应.csv,E7149DD6777B2127527393CE1D7B126B040576F0A535618BE33E882738ACFC40
1,ElCentro,1,Craig-Bampton,historical_mean_full_range,0,El Centro full,0,40,"all_samples",40961,6.03829028252204,0.000842767542734669,0.0139570557774289,sqrt(mean(error^2)),full_40s_reference_peak_to_peak,第一类划分_ElCentro地震响应.csv,E7149DD6777B2127527393CE1D7B126B040576F0A535618BE33E882738ACFC40
1,ElCentro,2,Guyan,historical_mean_full_range,0,El Centro full,0,40,"all_samples",40961,16.1310084379907,0.122242032279771,0.757807751137708,sqrt(mean(error^2)),full_40s_reference_peak_to_peak,第一类划分_ElCentro地震响应.csv,E7149DD6777B2127527393CE1D7B126B040576F0A535618BE33E882738ACFC40
1,ElCentro,2,Craig-Bampton,historical_mean_full_range,0,El Centro full,0,40,"all_samples",40961,16.1310084379907,0.000927561340630121,0.00575017578222569,sqrt(mean(error^2)),full_40s_reference_peak_to_peak,第一类划分_ElCentro地震响应.csv,E7149DD6777B2127527393CE1D7B126B040576F0A535618BE33E882738ACFC40
1,ElCentro,3,Guyan,historical_mean_full_range,0,El Centro full,0,40,"all_samples",40961,24.4163913665439,0.180335222560221,0.738582617934777,sqrt(mean(error^2)),full_40s_reference_peak_to_peak,第一类划分_ElCentro地震响应.csv,E7149DD6777B2127527393CE1D7B126B040576F0A535618BE33E882738ACFC40
1,ElCentro,3,Craig-Bampton,historical_mean_full_range,0,El Centro full,0,40,"all_samples",40961,24.4163913665439,0.00100625118033572,0.00412121171073019,sqrt(mean(error^2)),full_40s_reference_peak_to_peak,第一类划分_ElCentro地震响应.csv,E7149DD6777B2127527393CE1D7B126B040576F0A535618BE33E882738ACFC40
2,Chirp,1,Guyan,historical_mean_full_range,1,0.1-1.9 Hz,0,7.27,"[start,end)",7445,17.6393253126204,0.126533006380048,0.717334728724105,sqrt(mean(error^2)),full_40s_reference_peak_to_peak,第二类划分_Chirp响应.csv,88919C2AFA4FC431EDB08772A1DCB091B6D8DC1445253C0A4D30334223040457
2,Chirp,1,Guyan,historical_mean_full_range,2,1.9-3.5 Hz,7.27,13.73,"[start,end)",6615,17.6393253126204,4.7378732621525,26.8597192816819,sqrt(mean(error^2)),full_40s_reference_peak_to_peak,第二类划分_Chirp响应.csv,88919C2AFA4FC431EDB08772A1DCB091B6D8DC1445253C0A4D30334223040457
2,Chirp,1,Guyan,historical_mean_full_range,3,3.5-5.4 Hz,13.73,21.4,"[start,end)",7854,17.6393253126204,1.75013441697454,9.92177640559967,sqrt(mean(error^2)),full_40s_reference_peak_to_peak,第二类划分_Chirp响应.csv,88919C2AFA4FC431EDB08772A1DCB091B6D8DC1445253C0A4D30334223040457
2,Chirp,1,Guyan,historical_mean_full_range,4,5.4-8.1 Hz,21.4,32.31,"[start,end)",11172,17.6393253126204,0.0227147657331641,0.128773438499444,sqrt(mean(error^2)),full_40s_reference_peak_to_peak,第二类划分_Chirp响应.csv,88919C2AFA4FC431EDB08772A1DCB091B6D8DC1445253C0A4D30334223040457
2,Chirp,1,Guyan,historical_mean_full_range,5,8.1-10 Hz,32.31,40,"[start,end)",7874,17.6393253126204,0.532305661018557,3.0177212086321,sqrt(mean(error^2)),full_40s_reference_peak_to_peak,第二类划分_Chirp响应.csv,88919C2AFA4FC431EDB08772A1DCB091B6D8DC1445253C0A4D30334223040457
2,Chirp,1,Craig-Bampton,historical_mean_full_range,1,0.1-1.9 Hz,0,7.27,"[start,end)",7445,17.6393253126204,0.000211204715611863,0.00119735143985781,sqrt(mean(error^2)),full_40s_reference_peak_to_peak,第二类划分_Chirp响应.csv,88919C2AFA4FC431EDB08772A1DCB091B6D8DC1445253C0A4D30334223040457
2,Chirp,1,Craig-Bampton,historical_mean_full_range,2,1.9-3.5 Hz,7.27,13.73,"[start,end)",6615,17.6393253126204,0.0130046785912498,0.0737254875726187,sqrt(mean(error^2)),full_40s_reference_peak_to_peak,第二类划分_Chirp响应.csv,88919C2AFA4FC431EDB08772A1DCB091B6D8DC1445253C0A4D30334223040457
2,Chirp,1,Craig-Bampton,historical_mean_full_range,3,3.5-5.4 Hz,13.73,21.4,"[start,end)",7854,17.6393253126204,0.00398915450335905,0.0226151195278706,sqrt(mean(error^2)),full_40s_reference_peak_to_peak,第二类划分_Chirp响应.csv,88919C2AFA4FC431EDB08772A1DCB091B6D8DC1445253C0A4D30334223040457
2,Chirp,1,Craig-Bampton,historical_mean_full_range,4,5.4-8.1 Hz,21.4,32.31,"[start,end)",11172,17.6393253126204,0.000699612803836691,0.00396621067664157,sqrt(mean(error^2)),full_40s_reference_peak_to_peak,第二类划分_Chirp响应.csv,88919C2AFA4FC431EDB08772A1DCB091B6D8DC1445253C0A4D30334223040457
2,Chirp,1,Craig-Bampton,historical_mean_full_range,5,8.1-10 Hz,32.31,40,"[start,end)",7874,17.6393253126204,0.00933784477143249,0.0529376526932781,sqrt(mean(error^2)),full_40s_reference_peak_to_peak,第二类划分_Chirp响应.csv,88919C2AFA4FC431EDB08772A1DCB091B6D8DC1445253C0A4D30334223040457
2,Chirp,2,Guyan,historical_mean_full_range,1,0.1-1.9 Hz,0,7.27,"[start,end)",7445,46.3440814316444,0.37742556375985,0.814398628909145,sqrt(mean(error^2)),full_40s_reference_peak_to_peak,第二类划分_Chirp响应.csv,88919C2AFA4FC431EDB08772A1DCB091B6D8DC1445253C0A4D30334223040457
2,Chirp,2,Guyan,historical_mean_full_range,2,1.9-3.5 Hz,7.27,13.73,"[start,end)",6615,46.3440814316444,12.4903406605724,26.9513177836855,sqrt(mean(error^2)),full_40s_reference_peak_to_peak,第二类划分_Chirp响应.csv,88919C2AFA4FC431EDB08772A1DCB091B6D8DC1445253C0A4D30334223040457
2,Chirp,2,Guyan,historical_mean_full_range,3,3.5-5.4 Hz,13.73,21.4,"[start,end)",7854,46.3440814316444,4.77669662589487,10.3070262228421,sqrt(mean(error^2)),full_40s_reference_peak_to_peak,第二类划分_Chirp响应.csv,88919C2AFA4FC431EDB08772A1DCB091B6D8DC1445253C0A4D30334223040457
2,Chirp,2,Guyan,historical_mean_full_range,4,5.4-8.1 Hz,21.4,32.31,"[start,end)",11172,46.3440814316444,0.154778925794745,0.333977761589767,sqrt(mean(error^2)),full_40s_reference_peak_to_peak,第二类划分_Chirp响应.csv,88919C2AFA4FC431EDB08772A1DCB091B6D8DC1445253C0A4D30334223040457
2,Chirp,2,Guyan,historical_mean_full_range,5,8.1-10 Hz,32.31,40,"[start,end)",7874,46.3440814316444,0.49036244535606,1.05809076414498,sqrt(mean(error^2)),full_40s_reference_peak_to_peak,第二类划分_Chirp响应.csv,88919C2AFA4FC431EDB08772A1DCB091B6D8DC1445253C0A4D30334223040457
2,Chirp,2,Craig-Bampton,historical_mean_full_range,1,0.1-1.9 Hz,0,7.27,"[start,end)",7445,46.3440814316444,0.00416567348886893,0.00898857709589763,sqrt(mean(error^2)),full_40s_reference_peak_to_peak,第二类划分_Chirp响应.csv,88919C2AFA4FC431EDB08772A1DCB091B6D8DC1445253C0A4D30334223040457
2,Chirp,2,Craig-Bampton,historical_mean_full_range,2,1.9-3.5 Hz,7.27,13.73,"[start,end)",6615,46.3440814316444,0.0358680517869049,0.0773951078085532,sqrt(mean(error^2)),full_40s_reference_peak_to_peak,第二类划分_Chirp响应.csv,88919C2AFA4FC431EDB08772A1DCB091B6D8DC1445253C0A4D30334223040457
2,Chirp,2,Craig-Bampton,historical_mean_full_range,3,3.5-5.4 Hz,13.73,21.4,"[start,end)",7854,46.3440814316444,0.0100958598202282,0.0217845720712346,sqrt(mean(error^2)),full_40s_reference_peak_to_peak,第二类划分_Chirp响应.csv,88919C2AFA4FC431EDB08772A1DCB091B6D8DC1445253C0A4D30334223040457
2,Chirp,2,Craig-Bampton,historical_mean_full_range,4,5.4-8.1 Hz,21.4,32.31,"[start,end)",11172,46.3440814316444,0.000669413159854712,0.00144444153206935,sqrt(mean(error^2)),full_40s_reference_peak_to_peak,第二类划分_Chirp响应.csv,88919C2AFA4FC431EDB08772A1DCB091B6D8DC1445253C0A4D30334223040457
2,Chirp,2,Craig-Bampton,historical_mean_full_range,5,8.1-10 Hz,32.31,40,"[start,end)",7874,46.3440814316444,0.00884438824801154,0.0190841807082888,sqrt(mean(error^2)),full_40s_reference_peak_to_peak,第二类划分_Chirp响应.csv,88919C2AFA4FC431EDB08772A1DCB091B6D8DC1445253C0A4D30334223040457
2,Chirp,3,Guyan,historical_mean_full_range,1,0.1-1.9 Hz,0,7.27,"[start,end)",7445,68.8880044215763,0.433102520796576,0.628705279581194,sqrt(mean(error^2)),full_40s_reference_peak_to_peak,第二类划分_Chirp响应.csv,88919C2AFA4FC431EDB08772A1DCB091B6D8DC1445253C0A4D30334223040457
2,Chirp,3,Guyan,historical_mean_full_range,2,1.9-3.5 Hz,7.27,13.73,"[start,end)",6615,68.8880044215763,19.0681024768568,27.6798589782992,sqrt(mean(error^2)),full_40s_reference_peak_to_peak,第二类划分_Chirp响应.csv,88919C2AFA4FC431EDB08772A1DCB091B6D8DC1445253C0A4D30334223040457
2,Chirp,3,Guyan,historical_mean_full_range,3,3.5-5.4 Hz,13.73,21.4,"[start,end)",7854,68.8880044215763,7.69977195315221,11.1772318240367,sqrt(mean(error^2)),full_40s_reference_peak_to_peak,第二类划分_Chirp响应.csv,88919C2AFA4FC431EDB08772A1DCB091B6D8DC1445253C0A4D30334223040457
2,Chirp,3,Guyan,historical_mean_full_range,4,5.4-8.1 Hz,21.4,32.31,"[start,end)",11172,68.8880044215763,0.305816165400034,0.443932391376182,sqrt(mean(error^2)),full_40s_reference_peak_to_peak,第二类划分_Chirp响应.csv,88919C2AFA4FC431EDB08772A1DCB091B6D8DC1445253C0A4D30334223040457
2,Chirp,3,Guyan,historical_mean_full_range,5,8.1-10 Hz,32.31,40,"[start,end)",7874,68.8880044215763,0.455896733088767,0.661794077091855,sqrt(mean(error^2)),full_40s_reference_peak_to_peak,第二类划分_Chirp响应.csv,88919C2AFA4FC431EDB08772A1DCB091B6D8DC1445253C0A4D30334223040457
2,Chirp,3,Craig-Bampton,historical_mean_full_range,1,0.1-1.9 Hz,0,7.27,"[start,end)",7445,68.8880044215763,0.000804368439819469,0.00116764659765283,sqrt(mean(error^2)),full_40s_reference_peak_to_peak,第二类划分_Chirp响应.csv,88919C2AFA4FC431EDB08772A1DCB091B6D8DC1445253C0A4D30334223040457
2,Chirp,3,Craig-Bampton,historical_mean_full_range,2,1.9-3.5 Hz,7.27,13.73,"[start,end)",6615,68.8880044215763,0.0504022134815858,0.0731654428151781,sqrt(mean(error^2)),full_40s_reference_peak_to_peak,第二类划分_Chirp响应.csv,88919C2AFA4FC431EDB08772A1DCB091B6D8DC1445253C0A4D30334223040457
2,Chirp,3,Craig-Bampton,historical_mean_full_range,3,3.5-5.4 Hz,13.73,21.4,"[start,end)",7854,68.8880044215763,0.0154332473929181,0.0224033886922762,sqrt(mean(error^2)),full_40s_reference_peak_to_peak,第二类划分_Chirp响应.csv,88919C2AFA4FC431EDB08772A1DCB091B6D8DC1445253C0A4D30334223040457
2,Chirp,3,Craig-Bampton,historical_mean_full_range,4,5.4-8.1 Hz,21.4,32.31,"[start,end)",11172,68.8880044215763,0.000429121210096215,0.00062292588339489,sqrt(mean(error^2)),full_40s_reference_peak_to_peak,第二类划分_Chirp响应.csv,88919C2AFA4FC431EDB08772A1DCB091B6D8DC1445253C0A4D30334223040457
2,Chirp,3,Craig-Bampton,historical_mean_full_range,5,8.1-10 Hz,32.31,40,"[start,end)",7874,68.8880044215763,0.00805763914792369,0.0116967231313787,sqrt(mean(error^2)),full_40s_reference_peak_to_peak,第二类划分_Chirp响应.csv,88919C2AFA4FC431EDB08772A1DCB091B6D8DC1445253C0A4D30334223040457
2,ElCentro,1,Guyan,historical_mean_full_range,0,El Centro full,0,40,"all_samples",40961,6.03829028252204,0.658845475390147,10.911126238783,sqrt(mean(error^2)),full_40s_reference_peak_to_peak,第二类划分_ElCentro地震响应.csv,2899DFD2C03B22AAEE701C7E4B3B70E40D49668531BB6734FA6B52E8246B5E5D
2,ElCentro,1,Craig-Bampton,historical_mean_full_range,0,El Centro full,0,40,"all_samples",40961,6.03829028252204,0.00174515048730902,0.0289014009869714,sqrt(mean(error^2)),full_40s_reference_peak_to_peak,第二类划分_ElCentro地震响应.csv,2899DFD2C03B22AAEE701C7E4B3B70E40D49668531BB6734FA6B52E8246B5E5D
2,ElCentro,2,Guyan,historical_mean_full_range,0,El Centro full,0,40,"all_samples",40961,16.1310084379907,1.74175036033781,10.7975292867354,sqrt(mean(error^2)),full_40s_reference_peak_to_peak,第二类划分_ElCentro地震响应.csv,2899DFD2C03B22AAEE701C7E4B3B70E40D49668531BB6734FA6B52E8246B5E5D
2,ElCentro,2,Craig-Bampton,historical_mean_full_range,0,El Centro full,0,40,"all_samples",40961,16.1310084379907,0.00497964739529866,0.0308700315571773,sqrt(mean(error^2)),full_40s_reference_peak_to_peak,第二类划分_ElCentro地震响应.csv,2899DFD2C03B22AAEE701C7E4B3B70E40D49668531BB6734FA6B52E8246B5E5D
2,ElCentro,3,Guyan,historical_mean_full_range,0,El Centro full,0,40,"all_samples",40961,24.4163913665439,2.67005879325182,10.9355176740426,sqrt(mean(error^2)),full_40s_reference_peak_to_peak,第二类划分_ElCentro地震响应.csv,2899DFD2C03B22AAEE701C7E4B3B70E40D49668531BB6734FA6B52E8246B5E5D
2,ElCentro,3,Craig-Bampton,historical_mean_full_range,0,El Centro full,0,40,"all_samples",40961,24.4163913665439,0.00664148060217885,0.0272009098415715,sqrt(mean(error^2)),full_40s_reference_peak_to_peak,第二类划分_ElCentro地震响应.csv,2899DFD2C03B22AAEE701C7E4B3B70E40D49668531BB6734FA6B52E8246B5E5D
