route_id,contract_id,division,method,mode,point_order,l_samples,j_samples,physical_root_count,rho,dominant_root_real,dominant_root_imag,stable,critical,stability_code,stability_status,maximum_state_eigenpair_residual,transition_reconstruction_relative_error,overall_pass
B1_D2_Craig_Bampton,B1,2,Craig_Bampton,sparse-band,1,0,0,16,0.99541876914648897,0.99516818519090622,-0.022334035751497783,1,0,-1,STABLE,2.5582627001161557e-16,1.4099404597109077e-16,1
B1_D2_Craig_Bampton,B1,2,Craig_Bampton,sparse-band,2,1,0,17,0.9954249047750664,0.99517427881897025,-0.022335975993730144,1,0,-1,STABLE,1.7435874509305395e-16,9.4337767777383416e-17,1
B1_D2_Craig_Bampton,B1,2,Craig_Bampton,sparse-band,3,2,0,18,0.9954310456948634,0.99518037770483225,-0.022337917638776798,1,0,-1,STABLE,4.0842838542705908e-16,9.4337767777383404e-17,1
B1_D2_Craig_Bampton,B1,2,Craig_Bampton,sparse-band,4,3,0,19,0.99543719322760937,0.99518648314588276,-0.02233986178540066,1,0,-1,STABLE,2.93940126425672e-16,9.4337767777383416e-17,1
B1_D2_Craig_Bampton,B1,2,Craig_Bampton,sparse-band,5,4,0,20,0.99544334870324591,0.99519259644766644,-0.022341809534677008,1,0,-1,STABLE,2.1041825956562098e-16,9.4337767777383404e-17,1
B1_D2_Craig_Bampton,B1,2,Craig_Bampton,sparse-band,6,5,0,21,0.99544951346082633,0.99519871892474021,-0.022343761991922458,1,0,-1,STABLE,3.6579566790394499e-16,9.4337767777383416e-17,1
B1_D2_Craig_Bampton,B1,2,Craig_Bampton,sparse-band,7,6,0,22,0.99545568884947455,0.99520485190160102,-0.02234572026797316,1,0,-1,STABLE,2.2129294416987418e-16,9.4337767777383404e-17,1
B1_D2_Craig_Bampton,B1,2,Craig_Bampton,sparse-band,8,7,0,23,0.99546187622932691,0.99521099671358448,-0.022347685481171761,1,0,-1,STABLE,1.3699021458169232e-16,9.4337767777383404e-17,1
B1_D2_Craig_Bampton,B1,2,Craig_Bampton,sparse-band,9,8,0,24,0.99546807697254103,0.99521715470784655,-0.02234965875862591,1,0,-1,STABLE,3.1433387704751068e-16,9.4337767777383404e-17,1
B1_D2_Craig_Bampton,B1,2,Craig_Bampton,sparse-band,10,9,0,25,0.99547429246428998,0.99522332724431251,-0.022351641238147146,1,0,-1,STABLE,3.9934541353914617e-16,9.4337767777383416e-17,1
B1_D2_Craig_Bampton,B1,2,Craig_Bampton,sparse-band,11,10,0,26,0.99616473863141486,0.9867178781083964,-0.13686495356320749,1,0,-1,STABLE,2.2448234004883135e-16,9.4337767777383404e-17,1
B1_D2_Craig_Bampton,B1,2,Craig_Bampton,sparse-band,12,11,0,27,0.99664609393560943,0.98758944758248912,-0.13405416659254346,1,0,-1,STABLE,1.5473087307237267e-16,9.4337767777383404e-17,1
B1_D2_Craig_Bampton,B1,2,Craig_Bampton,sparse-band,13,12,0,28,0.99678281059906404,0.98809881445642755,-0.1312886300315908,1,0,-1,STABLE,2.082381505941634e-16,9.4337767777383404e-17,1
B1_D2_Craig_Bampton,B1,2,Craig_Bampton,sparse-band,14,13,0,29,0.99733482060596135,0.9942520075385135,-0.07835617332897768,1,0,-1,STABLE,1.6889780156990336e-16,9.4337767777383404e-17,1
B1_D2_Craig_Bampton,B1,2,Craig_Bampton,sparse-band,15,14,0,30,0.99817076398956817,0.99509858614426117,-0.078253932407326615,1,0,-1,STABLE,2.4195481098323321e-16,9.4337767777383404e-17,1
B1_D2_Craig_Bampton,B1,2,Craig_Bampton,sparse-band,16,15,0,31,0.99903779626364531,0.9959814260011326,-0.07808660207789421,1,0,-1,STABLE,1.5014271439707067e-16,9.4337767777383404e-17,1
B1_D2_Craig_Bampton,B1,2,Craig_Bampton,sparse-band,17,16,0,32,0.99992746287037471,0.99689300071000897,-0.077841352363499969,1,0,-1,STABLE,1.0801809560314931e-16,9.4337767777383404e-17,1
B1_D2_Craig_Bampton,B1,2,Craig_Bampton,sparse-band,18,17,0,33,1.0008265916958972,0.99782091798612349,-0.077506659552297991,0,0,1,UNSTABLE,2.0267298557538538e-16,9.4337767777383404e-17,1
B1_D2_Craig_Bampton,B1,2,Craig_Bampton,sparse-band,19,18,0,34,1.0017178169566321,0.99874825899005271,-0.07707463897222834,0,0,1,UNSTABLE,3.2692665107967461e-16,9.4337767777383404e-17,1
B1_D2_Craig_Bampton,B1,2,Craig_Bampton,sparse-band,20,19,0,35,1.0025814597409788,0.99965530553637261,-0.076543148154053803,0,0,1,UNSTABLE,2.7662649251283631e-16,9.4337767777383404e-17,1
B1_D2_Craig_Bampton,B1,2,Craig_Bampton,sparse-band,21,20,0,36,1.0033983748087836,1.000522339892711,-0.075916703988794021,0,0,1,UNSTABLE,2.6418965489456822e-16,9.4337767777383404e-17,1
B1_D2_Craig_Bampton,B1,2,Craig_Bampton,sparse-band,22,21,0,37,1.0041527368685841,1.0013325212986244,-0.075205722856761331,0,0,1,UNSTABLE,2.863776132386944e-16,9.4337767777383404e-17,1
B1_D2_Craig_Bampton,B1,2,Craig_Bampton,sparse-band,23,22,0,38,1.0048337565870498,1.0020737886119688,-0.074424462065223893,0,0,1,UNSTABLE,2.276844460615589e-16,9.4337767777383404e-17,1
B1_D2_Craig_Bampton,B1,2,Craig_Bampton,sparse-band,24,23,0,39,1.0054359779479491,1.002739360320462,-0.073588592976492603,0,0,1,UNSTABLE,3.2615062392561776e-16,9.4337767777383404e-17,1
B1_D2_Craig_Bampton,B1,2,Craig_Bampton,sparse-band,25,24,0,40,1.0059585024594198,1.0033271132300119,-0.072713221135700543,0,0,1,UNSTABLE,2.291808161840962e-16,9.4337767777383404e-17,1
B1_D2_Craig_Bampton,B1,2,Craig_Bampton,sparse-band,26,25,0,41,1.0064037466754807,1.0038384246586485,-0.071811687776350552,0,0,1,UNSTABLE,1.7811946073436511e-16,9.4337767777383416e-17,1
B1_D2_Craig_Bampton,B1,2,Craig_Bampton,sparse-band,27,26,0,42,1.006776212244993,1.004276968229731,-0.070895081815843849,0,0,1,UNSTABLE,3.6483286244696023e-16,9.4337767777383404e-17,1
B1_D2_Craig_Bampton,B1,2,Craig_Bampton,sparse-band,28,27,0,43,1.0070815022247366,1.0046477191687115,-0.069972226578389307,0,0,1,UNSTABLE,2.4091633773861336e-16,9.4337767777383404e-17,1
B1_D2_Craig_Bampton,B1,2,Craig_Bampton,sparse-band,29,28,0,44,1.0073256317374493,1.0049562367368035,-0.069049913823649792,0,0,1,UNSTABLE,3.9879197427086593e-16,9.4337767777383404e-17,1
B1_D2_Craig_Bampton,B1,2,Craig_Bampton,sparse-band,30,29,0,45,1.0075145907565257,1.0052081942181186,-0.068133228780372784,0,0,1,UNSTABLE,3.0934446829029816e-16,9.4337767777383404e-17,1
B1_D2_Craig_Bampton,B1,2,Craig_Bampton,sparse-band,31,30,0,46,1.0076540920331161,1.0054090960231155,-0.067225879131965205,0,0,1,UNSTABLE,1.4484780211038826e-16,9.4337767777383404e-17,1
B1_D2_Craig_Bampton,B1,2,Craig_Bampton,sparse-band,32,0,1,17,0.99551026989179914,0.99525907984581319,-0.022362053673753799,1,0,-1,STABLE,2.0258387051929786e-16,7.2084144889217623e-17,1
B1_D2_Craig_Bampton,B1,2,Craig_Bampton,sparse-band,33,1,1,18,0.99551646630321344,0.9952652371970383,-0.022363861651344279,1,0,-1,STABLE,2.4131164369401713e-16,5.5713730608357639e-17,1
B1_D2_Craig_Bampton,B1,2,Craig_Bampton,sparse-band,34,2,1,19,0.99552266796674171,0.99527139977229229,-0.022365670813129578,1,0,-1,STABLE,1.7302566138818863e-16,5.5713730608357651e-17,1
B1_D2_Craig_Bampton,B1,2,Craig_Bampton,sparse-band,35,3,1,20,0.99552887624187558,0.99527756890754304,-0.022367482220912116,1,0,-1,STABLE,2.636358234778803e-16,5.5713730608357639e-17,1
B1_D2_Craig_Bampton,B1,2,Craig_Bampton,sparse-band,36,4,1,21,0.99553509249635574,0.9952837459469529,-0.022369296938634674,1,0,-1,STABLE,2.7564351923121594e-16,5.5713730608357639e-17,1
B1_D2_Craig_Bampton,B1,2,Craig_Bampton,sparse-band,37,5,1,22,0.99554131810712332,0.99528993224380446,-0.022371116033664578,1,0,-1,STABLE,1.3517942957482368e-16,5.5713730608357651e-17,1
B1_D2_Craig_Bampton,B1,2,Craig_Bampton,sparse-band,38,6,1,23,0.9955475544613358,0.99529612916147303,-0.022372940578626991,1,0,-1,STABLE,1.3109807168399402e-16,5.5713730608357639e-17,1
B1_D2_Craig_Bampton,B1,2,Craig_Bampton,sparse-band,39,7,1,24,0.99555380295739448,0.99530233807442148,-0.022374771652924681,1,0,-1,STABLE,3.6720172366309525e-16,5.5713730608357651e-17,1
B1_D2_Craig_Bampton,B1,2,Craig_Bampton,sparse-band,40,8,1,25,0.99556006500600314,0.99530856036922377,-0.02237661034429737,1,0,-1,STABLE,2.5730135409062162e-16,5.5713730608357639e-17,1
B1_D2_Craig_Bampton,B1,2,Craig_Bampton,sparse-band,41,9,1,26,0.99556634203123329,0.99531479744559048,-0.022378457750565257,1,0,-1,STABLE,2.3162116907293588e-16,5.5713730608357651e-17,1
B1_D2_Craig_Bampton,B1,2,Craig_Bampton,sparse-band,42,10,1,27,0.99629119919737152,0.98682498742813218,-0.13701312997520829,1,0,-1,STABLE,2.4501695170955954e-16,5.5713730608357639e-17,1
B1_D2_Craig_Bampton,B1,2,Craig_Bampton,sparse-band,43,11,1,28,0.9967754729880034,0.98769804813206696,-0.13421590541572598,1,0,-1,STABLE,2.0687212654258477e-16,5.5713730608357651e-17,1
B1_D2_Craig_Bampton,B1,2,Craig_Bampton,sparse-band,44,12,1,29,0.99693047063546547,0.99384351016570327,-0.078392860535665423,1,0,-1,STABLE,2.4457717597923724e-16,5.5713730608357639e-17,1
B1_D2_Craig_Bampton,B1,2,Craig_Bampton,sparse-band,45,13,1,30,0.99772429367780358,0.99464485834895788,-0.078328615172576749,1,0,-1,STABLE,1.6174086400035194e-16,5.5713730608357651e-17,1
B1_D2_Craig_Bampton,B1,2,Craig_Bampton,sparse-band,46,14,1,31,0.99855111551470488,0.99548346949575905,-0.078211202882628034,1,0,-1,STABLE,2.5302077935575468e-16,5.5713730608357639e-17,1
B1_D2_Craig_Bampton,B1,2,Craig_Bampton,sparse-band,47,15,1,32,0.99940631173476613,0.99635559708292132,-0.078028841442276592,1,0,-1,STABLE,1.5289176050149974e-16,5.5713730608357639e-17,1
B1_D2_Craig_Bampton,B1,2,Craig_Bampton,sparse-band,48,16,1,33,1.0002812721258361,0.99725349363663596,-0.07776948498739697,0,0,1,UNSTABLE,2.8224504895191393e-16,5.5713730608357639e-17,1
B1_D2_Craig_Bampton,B1,2,Craig_Bampton,sparse-band,49,17,1,34,1.0011630100840716,0.99816487685342459,-0.07742255082846633,0,0,1,UNSTABLE,2.4010713139887984e-16,5.5713730608357639e-17,1
B1_D2_Craig_Bampton,B1,2,Craig_Bampton,sparse-band,50,18,1,35,1.002034767917769,0.99907336684545889,-0.07698106115205397,0,0,1,UNSTABLE,4.0582694370477622e-16,5.5713730608357651e-17,1
B1_D2_Craig_Bampton,B1,2,Craig_Bampton,sparse-band,51,19,1,36,1.0028778327778047,0.99996016864635306,-0.076443499382639835,0,0,1,UNSTABLE,2.7587549026218569e-16,5.5713730608357639e-17,1
B1_D2_Craig_Bampton,B1,2,Craig_Bampton,sparse-band,52,20,1,37,1.003674165188819,1.0008066665868163,-0.075814549941668724,0,0,1,UNSTABLE,1.9566046184123485e-16,5.5713730608357639e-17,1
B1_D2_Craig_Bampton,B1,2,Craig_Bampton,sparse-band,53,21,1,38,1.0044089166897254,1.0015970303820187,-0.075104331804159111,0,0,1,UNSTABLE,3.83783679963066e-16,5.5713730608357651e-17,1
B1_D2_Craig_Bampton,B1,2,Craig_Bampton,sparse-band,54,22,1,39,1.0050719628189042,1.0023199205790867,-0.074326490936800466,0,0,1,UNSTABLE,1.6537685275245118e-16,5.5713730608357639e-17,1
B1_D2_Craig_Bampton,B1,2,Craig_Bampton,sparse-band,55,23,1,40,1.0056581619437586,1.0029689327208215,-0.073495977311380883,0,0,1,UNSTABLE,3.8521286833844996e-16,5.5713730608357651e-17,1
B1_D2_Craig_Bampton,B1,2,Craig_Bampton,sparse-band,56,24,1,41,1.0061666484266241,1.0035420323748423,-0.072627223979970318,0,0,1,UNSTABLE,2.7369832206080036e-16,5.5713730608357639e-17,1
B1_D2_Craig_Bampton,B1,2,Craig_Bampton,sparse-band,57,25,1,42,1.0065996957548764,1.00404049726294,-0.071733028304944907,0,0,1,UNSTABLE,3.1071195716998553e-16,5.5713730608357651e-17,1
B1_D2_Craig_Bampton,B1,2,Craig_Bampton,sparse-band,58,26,1,43,1.0069615791087247,1.0044678051085374,-0.070824079955719377,0,0,1,UNSTABLE,1.7866289940327859e-16,5.5713730608357639e-17,1
B1_D2_Craig_Bampton,B1,2,Craig_Bampton,sparse-band,59,27,1,44,1.0072576538013338,1.0048287031644709,-0.069908929602554501,0,0,1,UNSTABLE,2.5355290008841313e-16,5.5713730608357651e-17,1
B1_D2_Craig_Bampton,B1,2,Craig_Bampton,sparse-band,60,28,1,45,1.0074937001381841,1.0051285276191257,-0.068994193845115195,0,0,1,UNSTABLE,1.853462235533716e-16,5.5713730608357639e-17,1
B1_D2_Craig_Bampton,B1,2,Craig_Bampton,sparse-band,61,29,1,46,1.0076755012217404,1.005372751103244,-0.068084852218247088,0,0,1,UNSTABLE,1.9760226918648826e-16,5.5713730608357651e-17,1
B1_D2_Craig_Bampton,B1,2,Craig_Bampton,sparse-band,62,30,1,47,1.0078085948391138,1.0055667056838455,-0.067184553669181676,0,0,1,UNSTABLE,1.7576194407937197e-16,5.5713730608357639e-17,1
B1_D2_Craig_Bampton,B1,2,Craig_Bampton,sparse-band,63,0,2,18,0.99560259288059227,0.9953508345088885,-0.022388371825959864,1,0,-1,STABLE,3.4928130446486855e-16,7.2084144889217611e-17,1
B1_D2_Craig_Bampton,B1,2,Craig_Bampton,sparse-band,64,1,2,19,0.99560884488443258,0.99535705047775458,-0.022390044134360229,1,0,-1,STABLE,2.0388168291372327e-16,5.5713730608357639e-17,1
B1_D2_Craig_Bampton,B1,2,Craig_Bampton,sparse-band,65,2,2,20,0.99561510208655724,0.99536327162202354,-0.022391717413527426,1,0,-1,STABLE,2.6222976705853546e-16,5.5713730608357651e-17,1
B1_D2_Craig_Bampton,B1,2,Craig_Bampton,sparse-band,66,3,2,21,0.99562136588258832,0.99536949931465268,-0.022393392686424558,1,0,-1,STABLE,3.0578786905695132e-16,5.5713730608357627e-17,1
B1_D2_Craig_Bampton,B1,2,Craig_Bampton,sparse-band,67,4,2,22,0.99562763767637874,0.99537573493679377,-0.022395070977425775,1,0,-1,STABLE,1.8393646295997906e-16,5.5713730608357651e-17,1
B1_D2_Craig_Bampton,B1,2,Craig_Bampton,sparse-band,68,5,2,23,0.99563391888103736,0.99538197987877919,-0.022396753314120776,1,0,-1,STABLE,4.1182784416862794e-16,5.5713730608357639e-17,1
B1_D2_Craig_Bampton,B1,2,Craig_Bampton,sparse-band,69,6,2,24,0.9956402109200021,0.99538823554116218,-0.022398440728719264,1,0,-1,STABLE,3.8190990758803746e-16,5.5713730608357651e-17,1
B1_D2_Craig_Bampton,B1,2,Craig_Bampton,sparse-band,70,7,2,25,0.99564651522814163,0.99539450333578272,-0.022400134259692513,1,0,-1,STABLE,1.7826855555488419e-16,5.5713730608357639e-17,1
B1_D2_Craig_Bampton,B1,2,Craig_Bampton,sparse-band,71,8,2,26,0.99565283325287146,0.995400784686852,-0.022401834953177564,1,0,-1,STABLE,1.870157128684425e-16,5.5713730608357651e-17,1
B1_D2_Craig_Bampton,B1,2,Craig_Bampton,sparse-band,72,9,2,27,0.99565916645528751,0.99540708103204456,-0.022403543864819502,1,0,-1,STABLE,3.1012285271744732e-16,5.5713730608357651e-17,1
B1_D2_Craig_Bampton,B1,2,Craig_Bampton,sparse-band,73,10,2,28,0.99643764567867688,0.98695483988375687,-0.13714272038898814,1,0,-1,STABLE,1.6717579953929496e-16,5.5713730608357651e-17,1
B1_D2_Craig_Bampton,B1,2,Craig_Bampton,sparse-band,74,11,2,29,0.99692656409724945,0.98783109501114197,-0.13435885505553838,1,0,-1,STABLE,3.805099529012931e-16,5.5713730608357639e-17,1
B1_D2_Craig_Bampton,B1,2,Craig_Bampton,sparse-band,75,12,2,30,0.99732112196493161,0.99423906186808586,-0.078346079500243013,1,0,-1,STABLE,2.1296483079240941e-16,5.5713730608357651e-17,1
B1_D2_Craig_Bampton,B1,2,Craig_Bampton,sparse-band,76,13,2,31,0.99810652042957559,0.99503303681537902,-0.078268012431640333,1,0,-1,STABLE,3.8011337444284032e-16,5.5713730608357639e-17,1
B1_D2_Craig_Bampton,B1,2,Craig_Bampton,sparse-band,77,14,2,32,0.99892262689084754,0.99586197372994367,-0.078136699400553455,1,0,-1,STABLE,5.1870382868257293e-16,5.5713730608357651e-17,1
B1_D2_Craig_Bampton,B1,2,Craig_Bampton,sparse-band,78,15,2,33,0.99976456644370404,0.99672182696965628,-0.077940926082760084,1,0,-1,STABLE,3.4955807651781848e-16,5.5713730608357639e-17,1
B1_D2_Craig_Bampton,B1,2,Craig_Bampton,sparse-band,79,16,2,34,1.0006236909858299,0.99760474850222614,-0.077669406640682018,0,0,1,UNSTABLE,3.1715441535686838e-16,5.5713730608357651e-17,1
B1_D2_Craig_Bampton,B1,2,Craig_Bampton,sparse-band,80,17,2,35,1.0014873047582651,0.99849867899678679,-0.077312415779391894,0,0,1,UNSTABLE,1.760602700094649e-16,5.5713730608357651e-17,1
B1_D2_Craig_Bampton,B1,2,Craig_Bampton,sparse-band,81,18,2,36,1.0023393146661999,0.99938784574619111,-0.076863746332679617,0,0,1,UNSTABLE,2.8173664039159788e-16,5.5713730608357651e-17,1
B1_D2_Craig_Bampton,B1,2,Craig_Bampton,sparse-band,82,19,2,37,1.003161957769934,1.0002543736496194,-0.076322352634168172,0,0,1,UNSTABLE,2.6740246203444586e-16,5.5713730608357639e-17,1
B1_D2_Craig_Bampton,B1,2,Craig_Bampton,sparse-band,83,20,2,38,1.0039382184153247,1.0010806773343903,-0.075692957814148476,0,0,1,UNSTABLE,2.8668981463652249e-16,5.5713730608357651e-17,1
B1_D2_Craig_Bampton,B1,2,Craig_Bampton,sparse-band,84,21,2,39,1.0046541106530582,1.0018518280268709,-0.074985310103408725,0,0,1,UNSTABLE,2.6933637134246226e-16,5.5713730608357639e-17,1
B1_D2_Craig_Bampton,B1,2,Craig_Bampton,sparse-band,85,22,2,40,1.0053000651028667,1.0025570988974946,-0.074212427167336545,0,0,1,UNSTABLE,2.5036243014309034e-16,5.5713730608357651e-17,1
B1_D2_Craig_Bampton,B1,2,Craig_Bampton,sparse-band,86,23,2,41,1.0058711707282542,1.0031903765267378,-0.073388558688470884,0,0,1,UNSTABLE,3.2959948926300731e-16,5.5713730608357639e-17,1
B1_D2_Craig_Bampton,B1,2,Craig_Bampton,sparse-band,87,24,2,42,1.0063665408213196,1.0037496579086449,-0.072527503286317241,0,0,1,UNSTABLE,3.2361527682082738e-16,5.5713730608357651e-17,1
B1_D2_Craig_Bampton,B1,2,Craig_Bampton,sparse-band,88,25,2,43,1.0067882758450923,1.004236087772024,-0.071641554948741332,0,0,1,UNSTABLE,2.746614873182988e-16,5.5713730608357651e-17,1
B1_D2_Craig_Bampton,B1,2,Craig_Bampton,sparse-band,89,26,2,44,1.0071404104661466,1.0046529309410217,-0.070741040037116801,0,0,1,UNSTABLE,1.9986087368889185e-16,5.5713730608357651e-17,1
B1_D2_Craig_Bampton,B1,2,Craig_Bampton,sparse-band,90,27,2,45,1.007428047555655,1.0050046996454216,-0.069834265890141453,0,0,1,UNSTABLE,1.3842053668587828e-16,5.5713730608357639e-17,1
B1_D2_Craig_Bampton,B1,2,Craig_Bampton,sparse-band,91,28,2,46,1.0076567328933681,1.005296505485167,-0.068927696934167615,0,0,1,UNSTABLE,1.4168290662408596e-16,5.5713730608357651e-17,1
B1_D2_Craig_Bampton,B1,2,Craig_Bampton,sparse-band,92,29,2,47,1.0078320454103364,1.0055336217673112,-0.068026224733527471,0,0,1,UNSTABLE,2.081405230004126e-16,5.5713730608357639e-17,1
B1_D2_Craig_Bampton,B1,2,Craig_Bampton,sparse-band,93,30,2,48,1.0079593516070688,1.0057212108561304,-0.06713345310812896,0,0,1,UNSTABLE,1.565435705892153e-16,5.5713730608357651e-17,1
B1_D2_Craig_Bampton,B1,2,Craig_Bampton,sparse-band,94,0,4,20,0.99578954679708542,0.99553676795934942,-0.022435800663157784,1,0,-1,STABLE,3.1756702826772515e-16,7.2084144889217623e-17,1
B1_D2_Craig_Bampton,B1,2,Craig_Bampton,sparse-band,95,1,4,21,0.99579589360908294,0.99554308501730704,-0.022437192403128914,1,0,-1,STABLE,1.8172575857382921e-16,5.5713730608357639e-17,1
B1_D2_Craig_Bampton,B1,2,Craig_Bampton,sparse-band,96,2,4,22,0.99580224546998175,0.99554940711115347,-0.022438584707787913,1,0,-1,STABLE,2.0986115903873639e-16,5.5713730608357651e-17,1
B1_D2_Craig_Bampton,B1,2,Craig_Bampton,sparse-band,97,3,4,23,0.99580860384217873,0.99555573568248712,-0.022439978516278616,1,0,-1,STABLE,1.533602274211908e-16,5.5713730608357639e-17,1
B1_D2_Craig_Bampton,B1,2,Craig_Bampton,sparse-band,98,4,4,24,0.99581497019617471,0.99556207218099624,-0.022441374768244673,1,0,-1,STABLE,1.5934375337771939e-16,5.5713730608357651e-17,1
B1_D2_Craig_Bampton,B1,2,Craig_Bampton,sparse-band,99,5,4,25,0.99582134601174377,0.99556841806558805,-0.022442774405668782,1,0,-1,STABLE,2.0108485476598727e-16,5.5713730608357639e-17,1
B1_D2_Craig_Bampton,B1,2,Craig_Bampton,sparse-band,100,6,4,26,0.99582773277909908,0.99557477480552814,-0.022444178373974184,1,0,-1,STABLE,3.3237758463558026e-16,5.5713730608357651e-17,1
B1_D2_Craig_Bampton,B1,2,Craig_Bampton,sparse-band,101,7,4,27,0.99583413200013293,0.99558114388164198,-0.022445587623843254,1,0,-1,STABLE,2.9840292759274247e-16,5.5713730608357639e-17,1
B1_D2_Craig_Bampton,B1,2,Craig_Bampton,sparse-band,102,8,4,28,0.99584054518963738,0.99558752678750828,-0.0224470031123725,1,0,-1,STABLE,1.6008183405388307e-16,5.5713730608357651e-17,1
B1_D2_Craig_Bampton,B1,2,Craig_Bampton,sparse-band,103,9,4,29,0.99595246011520788,0.99287517456611352,-0.078231646664533333,1,0,-1,STABLE,2.1953141537458269e-16,5.5713730608357639e-17,1
B1_D2_Craig_Bampton,B1,2,Craig_Bampton,sparse-band,104,10,4,30,0.99677288728820346,0.98726704476330251,-0.13733161018934009,1,0,-1,STABLE,1.8726951818367577e-16,5.5713730608357651e-17,1
B1_D2_Craig_Bampton,B1,2,Craig_Bampton,sparse-band,105,11,4,31,0.99733706910922293,0.99426554259583821,-0.078212915979257738,1,0,-1,STABLE,9.7970889386404727e-17,5.5713730608357639e-17,1
B1_D2_Craig_Bampton,B1,2,Craig_Bampton,sparse-band,106,12,4,32,0.99807265524782751,0.99500802008979183,-0.078154111283035302,1,0,-1,STABLE,2.4181998998405363e-16,5.5713730608357651e-17,1
B1_D2_Craig_Bampton,B1,2,Craig_Bampton,sparse-band,107,13,4,33,0.99883710973391004,0.99578283039899484,-0.078052075335367399,1,0,-1,STABLE,1.1488750243754419e-16,5.5713730608357651e-17,1
B1_D2_Craig_Bampton,B1,2,Craig_Bampton,sparse-band,108,14,4,34,0.99962808369946443,0.99658832344319648,-0.077897492240394967,1,0,-1,STABLE,2.4438412674787628e-16,5.5713730608357651e-17,1
B1_D2_Craig_Bampton,B1,2,Craig_Bampton,sparse-band,109,15,4,35,1.0004404731801588,0.99742012998895202,-0.077680272075747736,0,0,1,UNSTABLE,2.2458988328984229e-16,5.5713730608357639e-17,1
B1_D2_Craig_Bampton,B1,2,Craig_Bampton,sparse-band,110,16,4,36,1.0012658345642367,0.99827049448039373,-0.077390511792386582,0,0,1,UNSTABLE,2.4488875043896574e-16,5.5713730608357651e-17,1
B1_D2_Craig_Bampton,B1,2,Craig_Bampton,sparse-band,111,17,4,37,1.0020922660374163,0.99912804052597193,-0.077019921362824276,0,0,1,UNSTABLE,3.3851311458348335e-16,5.5713730608357639e-17,1
B1_D2_Craig_Bampton,B1,2,Craig_Bampton,sparse-band,112,18,4,38,1.0029050675098412,0.99997830577073699,-0.076563453584630889,0,0,1,UNSTABLE,1.3913180281861222e-16,5.5713730608357651e-17,1
B1_D2_Craig_Bampton,B1,2,Craig_Bampton,sparse-band,113,19,4,39,1.0036882561541955,1.0008051664904389,-0.076020617386962169,0,0,1,UNSTABLE,1.9036322211852544e-16,5.5713730608357639e-17,1
B1_D2_Craig_Bampton,B1,2,Craig_Bampton,sparse-band,114,20,4,40,1.0044266010474607,1.0015928571556387,-0.075395924203893377,0,0,1,UNSTABLE,1.1104603963766095e-16,5.5713730608357651e-17,1
B1_D2_Craig_Bampton,B1,2,Craig_Bampton,sparse-band,115,21,4,41,1.0051075267368867,1.0023279467142405,-0.07469824321064196,0,0,1,UNSTABLE,2.4704507566631589e-16,5.5713730608357639e-17,1
B1_D2_Craig_Bampton,B1,2,Craig_Bampton,sparse-band,116,22,4,42,1.0057222937326955,1.0030006514700891,-0.073939335008714552,0,0,1,UNSTABLE,2.9584503046605949e-16,5.5713730608357651e-17,1
B1_D2_Craig_Bampton,B1,2,Craig_Bampton,sparse-band,117,23,4,43,1.0062662489195604,1.0036052286028077,-0.073132132717080925,0,0,1,UNSTABLE,2.2886739204704656e-16,5.5713730608357639e-17,1
B1_D2_Craig_Bampton,B1,2,Craig_Bampton,sparse-band,118,24,4,44,1.0067383386640738,1.0041396029493426,-0.07228928222659349,0,0,1,UNSTABLE,2.6035738507971704e-16,5.5713730608357651e-17,1
B1_D2_Craig_Bampton,B1,2,Craig_Bampton,sparse-band,119,25,4,45,1.0071402523381452,1.0046045785681557,-0.07142218562632402,0,0,1,UNSTABLE,2.3057818909913566e-16,5.5713730608357639e-17,1
B1_D2_Craig_Bampton,B1,2,Craig_Bampton,sparse-band,120,26,4,46,1.0074755168579139,1.0050029597362469,-0.070540541460245368,0,0,1,UNSTABLE,2.67867855531688e-16,5.5713730608357651e-17,1
B1_D2_Craig_Bampton,B1,2,Craig_Bampton,sparse-band,121,27,4,47,1.0077487252909501,1.0053387774373368,-0.069652249829678423,0,0,1,UNSTABLE,1.4770012183494341e-16,5.5713730608357639e-17,1
B1_D2_Craig_Bampton,B1,2,Craig_Bampton,sparse-band,122,28,4,48,1.0079649606216943,1.0056166955740116,-0.068763532660122556,0,0,1,UNSTABLE,4.1434611046111851e-16,5.5713730608357651e-17,1
B1_D2_Craig_Bampton,B1,2,Craig_Bampton,sparse-band,123,29,4,49,1.0081294047001046,1.005841596470745,-0.067879153133859185,0,0,1,UNSTABLE,2.1862640126031061e-16,5.5713730608357651e-17,1
B1_D2_Craig_Bampton,B1,2,Craig_Bampton,sparse-band,124,30,4,50,1.0082470943781752,1.006018313301652,-0.067002661318280227,0,0,1,UNSTABLE,3.1854716032382517e-16,5.5713730608357651e-17,1
B1_D2_Craig_Bampton,B1,2,Craig_Bampton,sparse-band,125,0,8,24,0.99617152563973332,0.99591718930476492,-0.022509121322051167,1,0,-1,STABLE,1.9537783737748298e-16,7.2084144889217611e-17,1
B1_D2_Craig_Bampton,B1,2,Craig_Bampton,sparse-band,126,1,8,25,0.9961779917289062,0.99592363893354796,-0.02250992266527926,1,0,-1,STABLE,2.5770137234947299e-16,5.5713730608357651e-17,1
B1_D2_Craig_Bampton,B1,2,Craig_Bampton,sparse-band,127,2,8,26,0.99618446242461489,0.99593009317262382,-0.02251072387524956,1,0,-1,STABLE,1.6813745142068571e-16,5.5713730608357651e-17,1
B1_D2_Craig_Bampton,B1,2,Craig_Bampton,sparse-band,128,3,8,27,0.99619093929758684,0.99593655357615285,-0.022511525702695538,1,0,-1,STABLE,2.4598797607225292e-16,5.5713730608357639e-17,1
B1_D2_Craig_Bampton,B1,2,Craig_Bampton,sparse-band,129,4,8,28,0.99619742392602362,0.99594302170579041,-0.022512328897404437,1,0,-1,STABLE,1.6124571738561661e-16,5.5713730608357651e-17,1
B1_D2_Craig_Bampton,B1,2,Craig_Bampton,sparse-band,130,5,8,29,0.99620391789699236,0.99594949913205177,-0.022513134209453011,1,0,-1,STABLE,1.2719244187182795e-16,5.5713730608357639e-17,1
B1_D2_Craig_Bampton,B1,2,Craig_Bampton,sparse-band,131,6,8,30,0.9962104228078088,0.99595598743566405,-0.022513942390542007,1,0,-1,STABLE,1.1844464418151299e-16,5.5713730608357651e-17,1
B1_D2_Craig_Bampton,B1,2,Craig_Bampton,sparse-band,132,7,8,31,0.99621694026748031,0.99596248820898337,-0.022514754195217954,1,0,-1,STABLE,2.119287382517009e-16,5.5713730608357639e-17,1
B1_D2_Craig_Bampton,B1,2,Craig_Bampton,sparse-band,133,8,8,32,0.99676101914870152,0.99373553051655583,-0.077602994035910366,1,0,-1,STABLE,1.2178168664334431e-16,5.5713730608357639e-17,1
B1_D2_Craig_Bampton,B1,2,Craig_Bampton,sparse-band,134,9,8,33,0.9973817648946347,0.99435857300360597,-0.077597765680259737,1,0,-1,STABLE,1.6491566956841108e-16,5.5713730608357639e-17,1
B1_D2_Craig_Bampton,B1,2,Craig_Bampton,sparse-band,135,10,8,34,0.99802476482081581,0.9950057625266675,-0.077569090070529562,1,0,-1,STABLE,2.7975897476696775e-16,5.5713730608357651e-17,1
B1_D2_Craig_Bampton,B1,2,Craig_Bampton,sparse-band,136,11,8,35,0.99869118247099842,0.99567863647407673,-0.0775121333369444,1,0,-1,STABLE,3.3552133216339688e-16,5.5713730608357639e-17,1
B1_D2_Craig_Bampton,B1,2,Craig_Bampton,sparse-band,137,12,8,36,0.99938138082783101,0.99637800538845933,-0.077421022490388042,1,0,-1,STABLE,2.2978549254860749e-16,5.5713730608357651e-17,1
B1_D2_Craig_Bampton,B1,2,Craig_Bampton,sparse-band,138,13,8,37,1.0000945026910895,0.99710352917237566,-0.077288850586168703,0,0,1,UNSTABLE,1.7590933914016733e-16,5.5713730608357639e-17,1
B1_D2_Craig_Bampton,B1,2,Craig_Bampton,sparse-band,139,14,8,38,1.0008279702366294,0.99785319825915009,-0.077107851299051372,0,0,1,UNSTABLE,2.0026588430861767e-16,5.5713730608357651e-17,1
B1_D2_Craig_Bampton,B1,2,Craig_Bampton,sparse-band,140,15,8,39,1.0015769782249921,0.99862278764883494,-0.076869833476963301,0,0,1,UNSTABLE,3.2900037478959285e-16,5.5713730608357639e-17,1
B1_D2_Craig_Bampton,B1,2,Craig_Bampton,sparse-band,141,16,8,40,1.0023341284397567,0.99940542759943574,-0.076566940123498559,0,0,1,UNSTABLE,3.964918300797864e-16,5.5713730608357651e-17,1
B1_D2_Craig_Bampton,B1,2,Craig_Bampton,sparse-band,142,17,8,41,1.0030894122015526,1.000191502066534,-0.07619270348758482,0,0,1,UNSTABLE,2.7777458440613007e-16,5.5713730608357651e-17,1
B1_D2_Craig_Bampton,B1,2,Craig_Bampton,sparse-band,143,18,8,42,1.0038307294662976,1.0009690801510762,-0.0757432109323814,0,0,1,UNSTABLE,1.3124966542013862e-16,5.5713730608357651e-17,1
B1_D2_Craig_Bampton,B1,2,Craig_Bampton,sparse-band,144,19,8,43,1.0045449830895228,1.0017249465281135,-0.07521804672801384,0,0,1,UNSTABLE,1.9394811785207532e-16,5.5713730608357639e-17,1
B1_D2_Craig_Bampton,B1,2,Craig_Bampton,sparse-band,145,20,8,44,1.0052195389540795,1.0024460478773287,-0.074620657931812481,0,0,1,UNSTABLE,3.4088894243523841e-16,5.5713730608357651e-17,1
B1_D2_Craig_Bampton,B1,2,Craig_Bampton,sparse-band,146,21,8,45,1.005843645276262,1.0031209579199389,-0.073957978098531774,0,0,1,UNSTABLE,2.4637371902606914e-16,5.5713730608357639e-17,1
B1_D2_Craig_Bampton,B1,2,Craig_Bampton,sparse-band,147,22,8,46,1.0064094105033721,1.003740945634314,-0.073239440241427617,0,0,1,UNSTABLE,2.7949743153887374e-16,5.5713730608357651e-17,1
B1_D2_Craig_Bampton,B1,2,Craig_Bampton,sparse-band,148,23,8,47,1.006912149179217,1.0043004258993533,-0.072475724922813081,0,0,1,UNSTABLE,4.0029547787723032e-16,5.5713730608357639e-17,1
B1_D2_Craig_Bampton,B1,2,Craig_Bampton,sparse-band,149,24,8,48,1.0073501634011206,1.0047968317130342,-0.071677602385352354,0,0,1,UNSTABLE,3.3907250958042204e-16,5.5713730608357639e-17,1
B1_D2_Craig_Bampton,B1,2,Craig_Bampton,sparse-band,150,25,8,49,1.0077241798329879,1.0052301126251313,-0.07085508656218148,0,0,1,UNSTABLE,2.8532525606415089e-16,5.5713730608357639e-17,1
B1_D2_Craig_Bampton,B1,2,Craig_Bampton,sparse-band,151,26,8,50,1.0080366734140787,1.0056020891145887,-0.070016950205621528,0,0,1,UNSTABLE,3.2060385451037876e-16,5.5713730608357651e-17,1
B1_D2_Craig_Bampton,B1,2,Craig_Bampton,sparse-band,152,27,8,51,1.0082912375433464,1.005915829491103,-0.069170540592934496,0,0,1,UNSTABLE,3.0907034127061219e-16,5.5713730608357639e-17,1
B1_D2_Craig_Bampton,B1,2,Craig_Bampton,sparse-band,153,28,8,52,1.0084920763988152,1.0061751339316176,-0.068321797523815841,0,0,1,UNSTABLE,1.4490639420050225e-16,5.5713730608357651e-17,1
B1_D2_Craig_Bampton,B1,2,Craig_Bampton,sparse-band,154,29,8,53,1.0086436345863021,1.006384148431668,-0.067475383488589488,0,0,1,UNSTABLE,2.9719725429795248e-16,5.5713730608357639e-17,1
B1_D2_Craig_Bampton,B1,2,Craig_Bampton,sparse-band,155,30,8,54,1.0087503478800848,1.0065470975721773,-0.066634861125522554,0,0,1,UNSTABLE,2.1655185855231062e-16,5.5713730608357651e-17,1
B1_D2_Craig_Bampton,B1,2,Craig_Bampton,sparse-band,156,0,12,28,0.99656192384892572,0.99630670577862757,-0.022552518396207002,1,0,-1,STABLE,2.3680331932054174e-16,7.2084144889217611e-17,1
B1_D2_Craig_Bampton,B1,2,Craig_Bampton,sparse-band,157,1,12,29,0.99656840867808882,0.99631318800760771,-0.022552706651210466,1,0,-1,STABLE,2.7223704645320751e-16,5.5713730608357651e-17,1
B1_D2_Craig_Bampton,B1,2,Craig_Bampton,sparse-band,158,2,12,30,0.99657489753862394,0.99631967428332091,-0.022552894273152966,1,0,-1,STABLE,2.4087148002077065e-16,5.5713730608357651e-17,1
B1_D2_Craig_Bampton,B1,2,Craig_Bampton,sparse-band,159,3,12,31,0.99658139207067065,0.99632616623406478,-0.022553081803748359,1,0,-1,STABLE,2.0213746589014153e-16,5.5713730608357639e-17,1
B1_D2_Craig_Bampton,B1,2,Craig_Bampton,sparse-band,160,4,12,32,0.99658789392081903,0.9963326654946425,-0.022553269782325903,1,0,-1,STABLE,1.8484862495571225e-16,5.5713730608357651e-17,1
B1_D2_Craig_Bampton,B1,2,Craig_Bampton,sparse-band,161,5,12,33,0.99659440474365513,0.99633917370787994,-0.022553458747146496,1,0,-1,STABLE,2.312841791951701e-16,5.5713730608357639e-17,1
B1_D2_Craig_Bampton,B1,2,Craig_Bampton,sparse-band,162,6,12,34,0.99677976617239816,0.99383488134715481,-0.076564553602742988,1,0,-1,STABLE,1.3042716178148628e-16,5.5713730608357639e-17,1
B1_D2_Craig_Bampton,B1,2,Craig_Bampton,sparse-band,163,7,12,35,0.99732735653611071,0.99438310508659067,-0.076577388396685528,1,0,-1,STABLE,1.7163340911910688e-16,5.5713730608357639e-17,1
B1_D2_Craig_Bampton,B1,2,Craig_Bampton,sparse-band,164,8,12,36,0.99789128392845883,0.99494893444557742,-0.076574358541212945,1,0,-1,STABLE,3.6795556091780212e-16,5.5713730608357651e-17,1
B1_D2_Craig_Bampton,B1,2,Craig_Bampton,sparse-band,165,9,12,37,0.9984731045191888,0.99553414077670765,-0.076552694245006075,1,0,-1,STABLE,2.8076796799006982e-16,5.5713730608357651e-17,1
B1_D2_Craig_Bampton,B1,2,Craig_Bampton,sparse-band,166,10,12,38,0.99907411974713711,0.99614029118579395,-0.07650893428089485,1,0,-1,STABLE,1.9671144559277021e-16,5.5713730608357651e-17,1
B1_D2_Craig_Bampton,B1,2,Craig_Bampton,sparse-band,167,11,12,39,0.99969519141485486,0.9967685688334037,-0.076438837797230139,1,0,-1,STABLE,2.1174272068414176e-16,5.5713730608357639e-17,1
B1_D2_Craig_Bampton,B1,2,Craig_Bampton,sparse-band,168,12,12,40,1.0003364872654394,0.99741952055366356,-0.076337328831040621,0,0,1,UNSTABLE,2.2431946907033656e-16,5.5713730608357651e-17,1
B1_D2_Craig_Bampton,B1,2,Craig_Bampton,sparse-band,169,13,12,41,1.0009971535203934,0.99809272511290459,-0.076198513322937894,0,0,1,UNSTABLE,1.7988912504124651e-16,5.5713730608357639e-17,1
B1_D2_Craig_Bampton,B1,2,Craig_Bampton,sparse-band,170,14,12,42,1.0016749314207949,0.99878639494462174,-0.076015824078807359,0,0,1,UNSTABLE,1.9065706195889966e-16,5.5713730608357651e-17,1
B1_D2_Craig_Bampton,B1,2,Craig_Bampton,sparse-band,171,15,12,43,1.0023657711438956,0.99949696029462864,-0.075782356275679863,0,0,1,UNSTABLE,1.7666576757193605e-16,5.5713730608357639e-17,1
B1_D2_Craig_Bampton,B1,2,Craig_Bampton,sparse-band,172,16,12,44,1.0030635449033856,1.0002187349779745,-0.075491438674904571,0,0,1,UNSTABLE,1.8654180696963443e-16,5.5713730608357651e-17,1
B1_D2_Craig_Bampton,B1,2,Craig_Bampton,sparse-band,173,17,12,45,1.0037600017600079,1.0009438087558167,-0.075137426404223814,0,0,1,UNSTABLE,3.88864835334648e-16,5.5713730608357651e-17,1
B1_D2_Craig_Bampton,B1,2,Craig_Bampton,sparse-band,174,18,12,46,1.0044451016547358,1.0016623143606003,-0.074716599413777202,0,0,1,UNSTABLE,3.3966388288857506e-16,5.5713730608357651e-17,1
B1_D2_Craig_Bampton,B1,2,Craig_Bampton,sparse-band,175,19,12,47,1.005107779411927,1.002363137992909,-0.074227945056989444,0,0,1,UNSTABLE,2.390675085643947e-16,5.5713730608357639e-17,1
B1_D2_Craig_Bampton,B1,2,Craig_Bampton,sparse-band,176,20,12,48,1.0057370300698918,1.0030349839158235,-0.073673568495018507,0,0,1,UNSTABLE,2.6003233694023986e-16,5.5713730608357651e-17,1
B1_D2_Craig_Bampton,B1,2,Craig_Bampton,sparse-band,177,21,12,49,1.0063230545406812,1.0036675424460439,-0.073058567878142147,0,0,1,UNSTABLE,2.9824437811411026e-16,5.5713730608357639e-17,1
B1_D2_Craig_Bampton,B1,2,Craig_Bampton,sparse-band,178,22,12,50,1.0068581634286844,1.0042524537344706,-0.07239040289484644,0,0,1,UNSTABLE,1.7800706690035721e-16,5.5713730608357639e-17,1
B1_D2_Craig_Bampton,B1,2,Craig_Bampton,sparse-band,179,23,12,51,1.0073372410328374,1.0047838508044673,-0.07167796268167026,0,0,1,UNSTABLE,1.6469952912184327e-16,5.5713730608357639e-17,1
B1_D2_Craig_Bampton,B1,2,Craig_Bampton,sparse-band,180,24,12,52,1.0077577490108538,1.0052584396653355,-0.070930601104447336,0,0,1,UNSTABLE,1.8689161044343787e-16,5.5713730608357651e-17,1
B1_D2_Craig_Bampton,B1,2,Craig_Bampton,sparse-band,181,25,12,53,1.0081193908895678,1.0056752224614489,-0.07015734612047797,0,0,1,UNSTABLE,2.0661243529465323e-16,5.5713730608357651e-17,1
B1_D2_Craig_Bampton,B1,2,Craig_Bampton,sparse-band,182,26,12,54,1.00842360853892,1.0060350294249742,-0.069366373903702996,0,0,1,UNSTABLE,2.1943289072787641e-16,5.5713730608357651e-17,1
B1_D2_Craig_Bampton,B1,2,Craig_Bampton,sparse-band,183,27,12,55,1.0086730553733754,1.0063400067296584,-0.068564739419116186,0,0,1,UNSTABLE,1.3472742610520438e-16,5.5713730608357639e-17,1
B1_D2_Craig_Bampton,B1,2,Craig_Bampton,sparse-band,184,28,12,56,1.0088711339746885,1.0065931538039037,-0.067758303420944646,0,0,1,UNSTABLE,1.4000110777549279e-16,5.5713730608357651e-17,1
B1_D2_Craig_Bampton,B1,2,Craig_Bampton,sparse-band,185,29,12,57,1.0090216334539057,1.0067979515426404,-0.066951785245287998,0,0,1,UNSTABLE,3.4415981698378835e-16,5.5713730608357639e-17,1
B1_D2_Craig_Bampton,B1,2,Craig_Bampton,sparse-band,186,30,12,58,1.0091284679304662,1.006958087585677,-0.066148882329834457,0,0,1,UNSTABLE,2.6060710304777258e-16,5.5713730608357651e-17,1
B1_D2_Craig_Bampton,B1,2,Craig_Bampton,sparse-band,187,0,16,32,0.9969577260841308,0.99670233181686207,-0.022564781179317012,1,0,-1,STABLE,1.8435808308310195e-16,7.2084144889217611e-17,1
B1_D2_Craig_Bampton,B1,2,Craig_Bampton,sparse-band,188,1,16,33,0.99696412533006173,0.99670874234691698,-0.022564355172747411,1,0,-1,STABLE,2.5795278713936536e-16,5.5713730608357639e-17,1
B1_D2_Craig_Bampton,B1,2,Craig_Bampton,sparse-band,189,2,16,34,0.99697052798353603,0.99671515630559282,-0.022563928259242423,1,0,-1,STABLE,3.1590685794728301e-16,5.5713730608357651e-17,1
B1_D2_Craig_Bampton,B1,2,Craig_Bampton,sparse-band,190,3,16,35,0.99697693571100854,0.99672157535248895,-0.022563500760414686,1,0,-1,STABLE,2.5465713764786375e-16,5.5713730608357639e-17,1
B1_D2_Craig_Bampton,B1,2,Craig_Bampton,sparse-band,191,4,16,36,0.99698335018412476,0.99672800115246507,-0.022563072994892009,1,0,-1,STABLE,1.1372987411485413e-16,5.5713730608357651e-17,1
B1_D2_Craig_Bampton,B1,2,Craig_Bampton,sparse-band,192,5,16,37,0.99707192577596226,0.99422824558653811,-0.075250387696678064,1,0,-1,STABLE,2.7188454619124782e-16,5.5713730608357639e-17,1
B1_D2_Craig_Bampton,B1,2,Craig_Bampton,sparse-band,193,6,16,38,0.99757158690346515,0.99472767754149038,-0.075272295899690117,1,0,-1,STABLE,1.699961626649151e-16,5.5713730608357651e-17,1
B1_D2_Craig_Bampton,B1,2,Craig_Bampton,sparse-band,194,7,16,39,0.99808453858649893,0.99524139142014767,-0.075281597814560092,1,0,-1,STABLE,1.7337869901637593e-16,5.5713730608357639e-17,1
B1_D2_Craig_Bampton,B1,2,Craig_Bampton,sparse-band,195,8,16,40,0.9986122689187904,0.995771025093519,-0.075276352324863002,1,0,-1,STABLE,2.2267399195031541e-16,5.5713730608357651e-17,1
B1_D2_Craig_Bampton,B1,2,Craig_Bampton,sparse-band,196,9,16,41,0.99915615697725579,0.99631814446218003,-0.075254109794728977,1,0,-1,STABLE,1.3703956419032814e-16,5.5713730608357639e-17,1
B1_D2_Craig_Bampton,B1,2,Craig_Bampton,sparse-band,197,10,16,42,0.99971736880713613,0.99688414460646679,-0.075211832359653841,1,0,-1,STABLE,2.585170248407597e-16,5.5713730608357651e-17,1
B1_D2_Craig_Bampton,B1,2,Craig_Bampton,sparse-band,198,11,16,43,1.0002967079478682,0.99747010466814445,-0.075145819741778114,0,0,1,UNSTABLE,4.6440437588739103e-16,5.5713730608357639e-17,1
B1_D2_Craig_Bampton,B1,2,Craig_Bampton,sparse-band,199,12,16,44,1.0008944107640356,0.99807658523081,-0.075051658960291312,0,0,1,UNSTABLE,9.9330245505659812e-17,5.5713730608357651e-17,1
B1_D2_Craig_Bampton,B1,2,Craig_Bampton,sparse-band,200,13,16,45,1.0015098825741175,0.99870336188318443,-0.074924227435776106,0,0,1,UNSTABLE,1.7138963821760096e-16,5.5713730608357639e-17,1
B1_D2_Craig_Bampton,B1,2,Craig_Bampton,sparse-band,201,14,16,46,1.0021413845673977,0.99934910183475401,-0.074757791063748621,0,0,1,UNSTABLE,2.4042201318340746e-16,5.5713730608357651e-17,1
B1_D2_Craig_Bampton,B1,2,Craig_Bampton,sparse-band,202,15,16,47,1.0027857068417227,1.0000110154547768,-0.074546246150694551,0,0,1,UNSTABLE,3.7411722253935791e-16,5.5713730608357639e-17,1
B1_D2_Craig_Bampton,B1,2,Craig_Bampton,sparse-band,203,16,16,48,1.0034378984753369,1.0006845511370162,-0.074283546040216267,0,0,1,UNSTABLE,1.2274749544074231e-16,5.5713730608357651e-17,1
B1_D2_Craig_Bampton,B1,2,Craig_Bampton,sparse-band,204,17,16,49,1.0040911602284783,1.0013632397323065,-0.073964316814200376,0,0,1,UNSTABLE,1.9370079827762504e-16,5.5713730608357639e-17,1
B1_D2_Craig_Bampton,B1,2,Craig_Bampton,sparse-band,205,18,16,50,1.0047370147293635,1.0020388095901858,-0.073584596501962141,0,0,1,UNSTABLE,1.7123322949967699e-16,5.5713730608357651e-17,1
B1_D2_Craig_Bampton,B1,2,Craig_Bampton,sparse-band,206,19,16,51,1.0053658237683258,1.0027016542172718,-0.073142547339503441,0,0,1,UNSTABLE,1.2417757024740366e-16,5.5713730608357639e-17,1
B1_D2_Craig_Bampton,B1,2,Craig_Bampton,sparse-band,207,20,16,52,1.005967615291957,1.0033416305419072,-0.072638938853030049,0,0,1,UNSTABLE,3.0182414909484698e-16,5.5713730608357651e-17,1
B1_D2_Craig_Bampton,B1,2,Craig_Bampton,sparse-band,208,21,16,53,1.0065330543603141,1.0039490335746337,-0.072077232913467626,0,0,1,UNSTABLE,1.6900140455469012e-16,5.5713730608357639e-17,1
B1_D2_Craig_Bampton,B1,2,Craig_Bampton,sparse-band,209,22,16,54,1.0070543188910859,1.0045155093291314,-0.071463226308534314,0,0,1,UNSTABLE,1.9432450830820057e-16,5.5713730608357651e-17,1
B1_D2_Craig_Bampton,B1,2,Craig_Bampton,sparse-band,210,23,16,55,1.0075256751689818,1.0050346903786318,-0.070804359048298404,0,0,1,UNSTABLE,2.6537185704891466e-16,5.5713730608357639e-17,1
B1_D2_Craig_Bampton,B1,2,Craig_Bampton,sparse-band,211,24,16,56,1.0079436687792707,1.0055024529550507,-0.070108890546010244,0,0,1,UNSTABLE,2.4155221228349564e-16,5.5713730608357651e-17,1
B1_D2_Craig_Bampton,B1,2,Craig_Bampton,sparse-band,212,25,16,57,1.0083069777820828,1.0059168274047969,-0.069385140973449971,0,0,1,UNSTABLE,1.8391570938366416e-16,5.5713730608357639e-17,1
B1_D2_Craig_Bampton,B1,2,Craig_Bampton,sparse-band,213,26,16,58,1.0086160514797053,1.0062776770974815,-0.068640919849664014,0,0,1,UNSTABLE,1.1733887652774383e-16,5.5713730608357651e-17,1
B1_D2_Craig_Bampton,B1,2,Craig_Bampton,sparse-band,214,27,16,59,1.0088726663964371,1.006586276220296,-0.067883175579926111,0,0,1,UNSTABLE,8.693875563055759e-17,5.5713730608357639e-17,1
B1_D2_Craig_Bampton,B1,2,Craig_Bampton,sparse-band,215,28,16,60,1.0090794967518737,1.0068448870460018,-0.067117838123248119,0,0,1,UNSTABLE,2.0332174075099277e-16,5.5713730608357651e-17,1
B1_D2_Craig_Bampton,B1,2,Craig_Bampton,sparse-band,216,29,16,61,1.0092397520461434,1.0070563941539694,-0.066349801083091645,0,0,1,UNSTABLE,5.2160724697255104e-16,5.5713730608357639e-17,1
B1_D2_Craig_Bampton,B1,2,Craig_Bampton,sparse-band,217,30,16,62,1.0093568987958728,1.0072240171257889,-0.06558298919544775,0,0,1,UNSTABLE,2.9595284920886558e-16,5.5713730608357651e-17,1
B1_D2_Craig_Bampton,B1,2,Craig_Bampton,sparse-band,218,0,20,36,0.99735568175005984,0.99710083635415558,-0.022545022975595384,1,0,-1,STABLE,3.6119160057241139e-16,7.2084144889217623e-17,1
B1_D2_Craig_Bampton,B1,2,Craig_Bampton,sparse-band,219,1,20,37,0.99736189282327248,0.99710707205243365,-0.022544004059697566,1,0,-1,STABLE,1.9206730673389061e-16,5.5713730608357639e-17,1
B1_D2_Craig_Bampton,B1,2,Craig_Bampton,sparse-band,220,2,20,38,0.99736810671806275,0.99711331059343378,-0.022542984180794992,1,0,-1,STABLE,3.2463687209566368e-16,5.5713730608357651e-17,1
B1_D2_Craig_Bampton,B1,2,Craig_Bampton,sparse-band,221,3,20,39,0.99737432508283075,0.99711955362367732,-0.022541963440446431,1,0,-1,STABLE,3.6447925673408133e-16,5.5713730608357639e-17,1
B1_D2_Craig_Bampton,B1,2,Craig_Bampton,sparse-band,222,4,20,40,0.9973805495698036,0.99712580279359586,-0.022540941936635528,1,0,-1,STABLE,2.0755921156558155e-16,5.5713730608357651e-17,1
B1_D2_Craig_Bampton,B1,2,Craig_Bampton,sparse-band,223,5,20,41,0.99747376186548131,0.99473927186932842,-0.073808445390438099,1,0,-1,STABLE,2.1427377306187778e-16,5.5713730608357639e-17,1
B1_D2_Craig_Bampton,B1,2,Craig_Bampton,sparse-band,224,6,20,42,0.99794350087878547,0.9952082024080442,-0.073836744280580957,1,0,-1,STABLE,1.2073151798706137e-16,5.5713730608357651e-17,1
B1_D2_Craig_Bampton,B1,2,Craig_Bampton,sparse-band,225,7,20,43,0.99842577042131908,0.99569053587249234,-0.073853746115911917,1,0,-1,STABLE,3.0268619403020728e-16,5.5713730608357639e-17,1
B1_D2_Craig_Bampton,B1,2,Craig_Bampton,sparse-band,226,8,20,44,0.99892196279621781,0.99618779386225809,-0.073857749197329098,1,0,-1,STABLE,1.3759461997592667e-16,5.5713730608357651e-17,1
B1_D2_Craig_Bampton,B1,2,Craig_Bampton,sparse-band,227,9,20,45,0.99943339548351762,0.99670145509073549,-0.073846607421896651,1,0,-1,STABLE,2.7866660417726395e-16,5.5713730608357651e-17,1
B1_D2_Craig_Bampton,B1,2,Craig_Bampton,sparse-band,228,10,20,46,0.99996122755686012,0.99723287651169512,-0.073817657922969751,1,0,-1,STABLE,4.4088663607935451e-16,5.5713730608357651e-17,1
B1_D2_Craig_Bampton,B1,2,Craig_Bampton,sparse-band,229,11,20,47,1.0005063385130908,0.99778317644629899,-0.073767650129341833,0,0,1,UNSTABLE,2.3563281525713343e-16,5.5713730608357639e-17,1
B1_D2_Craig_Bampton,B1,2,Craig_Bampton,sparse-band,230,12,20,48,1.001069160304338,0.99835306940602209,-0.073692689732476807,0,0,1,UNSTABLE,3.8894924631872214e-16,5.5713730608357651e-17,1
B1_D2_Craig_Bampton,B1,2,Craig_Bampton,sparse-band,231,13,20,49,1.0016494566295728,0.99894264492608409,-0.073588219943126865,0,0,1,UNSTABLE,1.4903964266384813e-16,5.5713730608357651e-17,1
B1_D2_Craig_Bampton,B1,2,Craig_Bampton,sparse-band,232,14,20,50,1.0022460527887302,0.99955109124603436,-0.073449072965232315,0,0,1,UNSTABLE,2.2679098607215945e-16,5.5713730608357651e-17,1
B1_D2_Craig_Bampton,B1,2,Craig_Bampton,sparse-band,233,15,20,51,1.0028565375999501,1.0001763823649825,-0.073269633315966878,0,0,1,UNSTABLE,1.7442126394606963e-16,5.5713730608357639e-17,1
B1_D2_Craig_Bampton,B1,2,Craig_Bampton,sparse-band,234,16,20,52,1.0034769869136351,1.0008149753211488,-0.073044154031626785,0,0,1,UNSTABLE,1.693532548041685e-16,5.5713730608357651e-17,1
B1_D2_Craig_Bampton,B1,2,Craig_Bampton,sparse-band,235,17,20,53,1.0041017905866954,1.00146159873917,-0.072767246135835809,0,0,1,UNSTABLE,1.4956969948358403e-16,5.5713730608357639e-17,1
B1_D2_Craig_Bampton,B1,2,Craig_Bampton,sparse-band,236,18,20,54,1.0047236851231567,1.0021092379767875,-0.072434512554707245,0,0,1,UNSTABLE,2.6405990592406497e-16,5.5713730608357651e-17,1
B1_D2_Craig_Bampton,B1,2,Craig_Bampton,sparse-band,237,19,20,55,1.0053340777031297,1.0027494110709869,-0.072043225829989954,0,0,1,UNSTABLE,1.8431567924708151e-16,5.5713730608357639e-17,1
B1_D2_Craig_Bampton,B1,2,Craig_Bampton,sparse-band,238,20,20,56,1.0059236766106405,1.0033727632110274,-0.071592885206112886,0,0,1,UNSTABLE,2.025724760010269e-16,5.5713730608357651e-17,1
B1_D2_Craig_Bampton,B1,2,Craig_Bampton,sparse-band,239,21,20,57,1.0064833330505354,1.0039698970823672,-0.071085479958537076,0,0,1,UNSTABLE,2.4401404585803361e-16,5.5713730608357639e-17,1
B1_D2_Craig_Bampton,B1,2,Craig_Bampton,sparse-band,240,22,20,58,1.0070049048268372,1.0045322553069114,-0.070525359930438111,0,0,1,UNSTABLE,1.8566204718884113e-16,5.5713730608357651e-17,1
B1_D2_Craig_Bampton,B1,2,Craig_Bampton,sparse-band,241,23,20,59,1.0074819344848311,1.0050528431429138,-0.069918744293953478,0,0,1,UNSTABLE,1.8423656659042404e-16,5.5713730608357639e-17,1
B1_D2_Craig_Bampton,B1,2,Craig_Bampton,sparse-band,242,24,20,60,1.0079100079057743,1.0055266448568769,-0.069273014366994595,0,0,1,UNSTABLE,2.3846450248865057e-16,5.5713730608357651e-17,1
B1_D2_Craig_Bampton,B1,2,Craig_Bampton,sparse-band,243,25,20,61,1.0082867772082162,1.0059507031228037,-0.068595976410195006,0,0,1,UNSTABLE,1.7744930082868424e-16,5.5713730608357651e-17,1
B1_D2_Craig_Bampton,B1,2,Craig_Bampton,sparse-band,244,26,20,62,1.0086117276634683,1.0063239306158338,-0.067895241734491504,0,0,1,UNSTABLE,3.0214168799353678e-16,5.5713730608357651e-17,1
B1_D2_Craig_Bampton,B1,2,Craig_Bampton,sparse-band,245,27,20,63,1.0088858065236854,1.0066467674513171,-0.067177795325251283,0,0,1,UNSTABLE,1.9312809715742497e-16,5.5713730608357639e-17,1
B1_D2_Craig_Bampton,B1,2,Craig_Bampton,sparse-band,246,28,20,64,1.0091110190255768,1.0069207906874249,-0.066449755456654352,0,0,1,UNSTABLE,1.6995630665215836e-16,5.5713730608357651e-17,1
B1_D2_Craig_Bampton,B1,2,Craig_Bampton,sparse-band,247,29,20,65,1.0092900605023385,1.0071483484798851,-0.065716287045555113,0,0,1,UNSTABLE,1.8886708948788847e-16,5.5713730608357651e-17,1
B1_D2_Craig_Bampton,B1,2,Craig_Bampton,sparse-band,248,30,20,66,1.0094260169608598,1.0073322554292616,-0.064981619626341997,0,0,1,UNSTABLE,1.5195346119078485e-16,5.5713730608357651e-17,1
B1_D2_Craig_Bampton,B1,2,Craig_Bampton,sparse-band,249,0,24,40,0.9977523222418454,0.99749875807743527,-0.022492758233920402,1,0,-1,STABLE,2.0129646300070181e-16,7.2084144889217611e-17,1
B1_D2_Craig_Bampton,B1,2,Craig_Bampton,sparse-band,250,1,24,41,0.99775825010240804,0.99750472281257074,-0.022491189698099597,1,0,-1,STABLE,4.3506887261673257e-16,5.5713730608357651e-17,1
B1_D2_Craig_Bampton,B1,2,Craig_Bampton,sparse-band,251,2,24,42,0.99776418030945802,0.99751068991089642,-0.022489620318988764,1,0,-1,STABLE,2.3228638662732414e-16,5.5713730608357651e-17,1
B1_D2_Craig_Bampton,B1,2,Craig_Bampton,sparse-band,252,3,24,43,0.99777011445081487,0.99751666096306035,-0.022488049988810956,1,0,-1,STABLE,1.6881599883302079e-16,5.5713730608357639e-17,1
B1_D2_Craig_Bampton,B1,2,Craig_Bampton,sparse-band,253,4,24,44,0.99777605411693593,0.99752263756242543,-0.022486478596360712,1,0,-1,STABLE,1.3369380926871871e-16,5.5713730608357651e-17,1
B1_D2_Craig_Bampton,B1,2,Craig_Bampton,sparse-band,254,5,24,45,0.99778200090257929,0.99752862130672693,-0.022484906027276059,1,0,-1,STABLE,2.007644323666385e-16,5.5713730608357639e-17,1
B1_D2_Craig_Bampton,B1,2,Craig_Bampton,sparse-band,255,6,24,46,0.99793332750056962,0.99530522529240151,-0.072377031177031564,1,0,-1,STABLE,2.6566505024420426e-16,5.5713730608357651e-17,1
B1_D2_Craig_Bampton,B1,2,Craig_Bampton,sparse-band,256,7,24,47,0.99839038057772511,0.9957611344427546,-0.072409358258537809,1,0,-1,STABLE,3.1882332403902657e-16,5.5713730608357639e-17,1
B1_D2_Craig_Bampton,B1,2,Craig_Bampton,sparse-band,257,8,24,48,0.99886102269723676,0.99623149911847642,-0.072430261824202938,1,0,-1,STABLE,1.2061473278851176e-16,5.5713730608357639e-17,1
B1_D2_Craig_Bampton,B1,2,Craig_Bampton,sparse-band,258,9,24,49,0.99934658248176123,0.99671778718972637,-0.072437867290463781,1,0,-1,STABLE,1.8217302268120932e-16,5.5713730608357639e-17,1
B1_D2_Craig_Bampton,B1,2,Craig_Bampton,sparse-band,259,10,24,50,0.99984828706792139,0.99722139794953812,-0.072429832418868439,1,0,-1,STABLE,2.9062944725221283e-16,5.5713730608357651e-17,1
B1_D2_Craig_Bampton,B1,2,Craig_Bampton,sparse-band,260,11,24,51,1.0003671634720566,0.99774356805769648,-0.072403274460654338,0,0,1,UNSTABLE,1.6901162623024481e-16,5.5713730608357639e-17,1
B1_D2_Craig_Bampton,B1,2,Craig_Bampton,sparse-band,261,12,24,52,1.0009038983774259,0.99828523508296763,-0.072354704079779689,0,0,1,UNSTABLE,3.897663417309247e-16,5.5713730608357651e-17,1
B1_D2_Craig_Bampton,B1,2,Craig_Bampton,sparse-band,262,13,24,53,1.0014586482267025,0.99884684918705302,-0.072279983239834589,0,0,1,UNSTABLE,2.5984102997232711e-16,5.5713730608357639e-17,1
B1_D2_Craig_Bampton,B1,2,Craig_Bampton,sparse-band,263,14,24,54,1.0020307971852473,0.99942812848980789,-0.072174334018833566,0,0,1,UNSTABLE,2.9154360105970638e-16,5.5713730608357651e-17,1
B1_D2_Craig_Bampton,B1,2,Craig_Bampton,sparse-band,264,15,24,55,1.0026186736013862,1.0000277660631296,-0.07203243545091044,0,0,1,UNSTABLE,1.808914395407916e-16,5.5713730608357639e-17,1
B1_D2_Craig_Bampton,B1,2,Craig_Bampton,sparse-band,265,16,24,56,1.0032192583494521,1.0006431190540717,-0.071848650738644659,0,0,1,UNSTABLE,1.4819042295670441e-16,5.5713730608357651e-17,1
B1_D2_Craig_Bampton,B1,2,Craig_Bampton,sparse-band,266,17,24,57,1.0038279492791007,1.0012699421968234,-0.07161741832162509,0,0,1,UNSTABLE,2.009049405597839e-16,5.5713730608357651e-17,1
B1_D2_Craig_Bampton,B1,2,Craig_Bampton,sparse-band,267,18,24,58,1.0044384746072901,1.0019022593448301,-0.071333806789938267,0,0,1,UNSTABLE,1.7961724707033912e-16,5.5713730608357651e-17,1
B1_D2_Craig_Bampton,B1,2,Craig_Bampton,sparse-band,268,19,24,59,1.0050430534110799,1.0025324766200248,-0.070994172521314861,0,0,1,UNSTABLE,1.1969521004580869e-16,5.5713730608357639e-17,1
B1_D2_Craig_Bampton,B1,2,Craig_Bampton,sparse-band,269,20,24,60,1.0056328599110631,1.0031518043335872,-0.070596787428127195,0,0,1,UNSTABLE,4.7463639338780222e-16,5.5713730608357651e-17,1
B1_D2_Craig_Bampton,B1,2,Craig_Bampton,sparse-band,270,21,24,61,1.0061987558999275,1.0037509647912937,-0.070142262973966127,0,0,1,UNSTABLE,3.2958632719410914e-16,5.5713730608357639e-17,1
B1_D2_Craig_Bampton,B1,2,Craig_Bampton,sparse-band,271,22,24,62,1.0067321476556994,1.0043210517830401,-0.069633627428601089,0,0,1,UNSTABLE,2.2186550116026253e-16,5.5713730608357651e-17,1
B1_D2_Craig_Bampton,B1,2,Craig_Bampton,sparse-band,272,23,24,63,1.0072257627511758,1.004854338069386,-0.069076019086395338,0,0,1,UNSTABLE,2.5858618082005648e-16,5.5713730608357639e-17,1
B1_D2_Craig_Bampton,B1,2,Craig_Bampton,sparse-band,273,24,24,64,1.0076741706584738,1.0053448462010526,-0.068476086550158327,0,0,1,UNSTABLE,2.3379145638169025e-16,5.5713730608357639e-17,1
B1_D2_Craig_Bampton,B1,2,Craig_Bampton,sparse-band,274,25,24,65,1.0080739715704701,1.0057885934063111,-0.067841267172826222,0,0,1,UNSTABLE,2.6159725978002609e-16,5.5713730608357639e-17,1
B1_D2_Craig_Bampton,B1,2,Craig_Bampton,sparse-band,275,26,24,66,1.0084236886098774,1.0061835332105407,-0.067179113164020199,0,0,1,UNSTABLE,2.4203466798845292e-16,5.5713730608357651e-17,1
B1_D2_Craig_Bampton,B1,2,Craig_Bampton,sparse-band,276,27,24,67,1.008723465662412,1.0065292888281543,-0.066496773674195681,0,0,1,UNSTABLE,1.5244172298867416e-16,5.5713730608357639e-17,1
B1_D2_Craig_Bampton,B1,2,Craig_Bampton,sparse-band,277,28,24,68,1.0089746834755091,1.0068267895417511,-0.065800666832140128,0,0,1,UNSTABLE,2.1583304111163458e-16,5.5713730608357651e-17,1
B1_D2_Craig_Bampton,B1,2,Craig_Bampton,sparse-band,278,29,24,69,1.0091795800326433,1.0070778984874154,-0.065096321962404724,0,0,1,UNSTABLE,2.3816834650958492e-16,5.5713730608357639e-17,1
B1_D2_Craig_Bampton,B1,2,Craig_Bampton,sparse-band,279,30,24,70,1.0093409240205438,1.0072850845505452,-0.064388347894986944,0,0,1,UNSTABLE,1.6748268268553873e-16,5.5713730608357651e-17,1
B1_D2_Craig_Bampton,B1,2,Craig_Bampton,sparse-band,280,0,32,48,0.99852703649921937,0.99827818770975407,-0.022291311375562572,1,0,-1,STABLE,2.4038865658759035e-16,7.2084144889217611e-17,1
B1_D2_Craig_Bampton,B1,2,Craig_Bampton,sparse-band,281,1,32,49,0.99853217002283057,0.99828337752426177,-0.022288847643052469,1,0,-1,STABLE,2.399591099644252e-16,5.5713730608357639e-17,1
B1_D2_Craig_Bampton,B1,2,Craig_Bampton,sparse-band,282,2,32,50,0.99853730542387331,0.99828856921793707,-0.022286383555295577,1,0,-1,STABLE,1.7010241767087272e-16,5.5713730608357651e-17,1
B1_D2_Craig_Bampton,B1,2,Craig_Bampton,sparse-band,283,3,32,51,0.99854244406424897,0.99829376416318549,-0.02228391865678046,1,0,-1,STABLE,3.3092047351996335e-16,5.5713730608357639e-17,1
B1_D2_Craig_Bampton,B1,2,Craig_Bampton,sparse-band,284,4,32,52,0.99854758730690907,0.99829896373351179,-0.02228145248957988,1,0,-1,STABLE,5.6607602700551541e-16,5.5713730608357651e-17,1
B1_D2_Craig_Bampton,B1,2,Craig_Bampton,sparse-band,285,5,32,53,0.99855273651731513,0.99830416930498822,-0.022278984593015406,1,0,-1,STABLE,2.3212091739877844e-16,5.5713730608357639e-17,1
B1_D2_Craig_Bampton,B1,2,Craig_Bampton,sparse-band,286,6,32,54,0.9985578930648229,0.99830938225764276,-0.022276514503438028,1,0,-1,STABLE,1.7346493570517932e-16,5.5713730608357651e-17,1
B1_D2_Craig_Bampton,B1,2,Craig_Bampton,sparse-band,287,7,32,55,0.99856305832410608,0.99831460397689353,-0.022274041753806369,1,0,-1,STABLE,3.0366210039454381e-16,5.5713730608357639e-17,1
B1_D2_Craig_Bampton,B1,2,Craig_Bampton,sparse-band,288,8,32,56,0.99856823367658887,0.99831983585498763,-0.022271565873397327,1,0,-1,STABLE,2.0930531179248542e-16,5.5713730608357651e-17,1
B1_D2_Craig_Bampton,B1,2,Craig_Bampton,sparse-band,289,9,32,57,0.99857342051190734,0.99832507929247161,-0.022269086387427174,1,0,-1,STABLE,1.877578884652507e-16,5.5713730608357639e-17,1
B1_D2_Craig_Bampton,B1,2,Craig_Bampton,sparse-band,290,10,32,58,0.99875783222304937,0.99630798289736666,-0.069911448575075349,1,0,-1,STABLE,8.5104236089905012e-17,5.5713730608357651e-17,1
B1_D2_Craig_Bampton,B1,2,Craig_Bampton,sparse-band,291,11,32,59,0.99924404876648254,0.99679307197045031,-0.069944554233657433,1,0,-1,STABLE,2.3762724187948579e-16,5.5713730608357639e-17,1
B1_D2_Craig_Bampton,B1,2,Craig_Bampton,sparse-band,292,12,32,60,0.99974995071073536,0.99729907570409404,-0.069960828653449533,1,0,-1,STABLE,1.8661421852733281e-16,5.5713730608357651e-17,1
B1_D2_Craig_Bampton,B1,2,Craig_Bampton,sparse-band,293,13,32,61,1.0002765290816307,0.99782723679023855,-0.069956701974518476,0,0,1,UNSTABLE,2.2415783369479485e-16,5.5713730608357639e-17,1
B1_D2_Craig_Bampton,B1,2,Craig_Bampton,sparse-band,294,14,32,62,1.0008242725366563,0.99837834431797379,-0.069927863512541794,0,0,1,UNSTABLE,5.3675928392484875e-16,5.5713730608357651e-17,1
B1_D2_Craig_Bampton,B1,2,Craig_Bampton,sparse-band,295,15,32,63,1.0013928953891025,0.99895246123102033,-0.069869243134991793,0,0,1,UNSTABLE,2.1511093769307091e-16,5.5713730608357639e-17,1
B1_D2_Craig_Bampton,B1,2,Craig_Bampton,sparse-band,296,16,32,64,1.0019810064719477,0.99954858533587188,-0.069775087843688022,0,0,1,UNSTABLE,1.4104617617352895e-16,5.5713730608357651e-17,1
B1_D2_Craig_Bampton,B1,2,Craig_Bampton,sparse-band,297,17,32,65,1.0025857533436273,1.000164274654566,-0.069639188050367493,0,0,1,UNSTABLE,3.4137882148649868e-16,5.5713730608357639e-17,1
B1_D2_Craig_Bampton,B1,2,Craig_Bampton,sparse-band,298,18,32,66,1.0032025161463443,1.0007953084996486,-0.069455301363172767,0,0,1,UNSTABLE,3.1487589416002451e-16,5.5713730608357651e-17,1
B1_D2_Craig_Bampton,B1,2,Craig_Bampton,sparse-band,299,19,32,67,1.0038247657450285,1.0014354990786396,-0.069217783178729633,0,0,1,UNSTABLE,2.4219059489616272e-16,5.5713730608357639e-17,1
B1_D2_Craig_Bampton,B1,2,Craig_Bampton,sparse-band,300,20,32,68,1.0044442134211127,1.0020767868210705,-0.068922356238863766,0,0,1,UNSTABLE,3.0377159802444884e-16,5.5713730608357651e-17,1
B1_D2_Craig_Bampton,B1,2,Craig_Bampton,sparse-band,301,21,32,69,1.0050513303327646,1.0027097101189679,-0.068566856693266301,0,0,1,UNSTABLE,2.6728358858146058e-16,5.5713730608357639e-17,1
B1_D2_Craig_Bampton,B1,2,Craig_Bampton,sparse-band,302,22,32,70,1.0056361959836728,1.0033242244164233,-0.068151737847945329,0,0,1,UNSTABLE,2.2898826157427431e-16,5.5713730608357651e-17,1
B1_D2_Craig_Bampton,B1,2,Craig_Bampton,sparse-band,303,23,32,71,1.0061894942724074,1.0039107008213706,-0.067680153372373583,0,0,1,UNSTABLE,1.3044848753316355e-16,5.5713730608357639e-17,1
B1_D2_Craig_Bampton,B1,2,Craig_Bampton,sparse-band,304,24,32,72,1.0067034007228026,1.0044608485434638,-0.067157581628588495,0,0,1,UNSTABLE,3.3947862987281614e-16,5.5713730608357651e-17,1
B1_D2_Craig_Bampton,B1,2,Craig_Bampton,sparse-band,305,25,32,73,1.0071721500898445,1.0049683393784894,-0.066591116250154542,0,0,1,UNSTABLE,3.2176947569275038e-16,5.5713730608357639e-17,1
B1_D2_Craig_Bampton,B1,2,Craig_Bampton,sparse-band,306,26,32,74,1.0075922082441733,1.0054290415464622,-0.065988639395974463,0,0,1,UNSTABLE,2.2244822354329633e-16,5.5713730608357651e-17,1
B1_D2_Craig_Bampton,B1,2,Craig_Bampton,sparse-band,307,27,32,75,1.0079621087020501,1.0058409090248581,-0.065358077627256969,0,0,1,UNSTABLE,1.3559323313532482e-16,5.5713730608357639e-17,1
B1_D2_Craig_Bampton,B1,2,Craig_Bampton,sparse-band,308,28,32,76,1.0082820861031909,1.0062036513793975,-0.064706855180654332,0,0,1,UNSTABLE,1.1496225657813814e-16,5.5713730608357651e-17,1
B1_D2_Craig_Bampton,B1,2,Craig_Bampton,sparse-band,309,29,32,77,1.0085536393302668,1.0065183162321214,-0.064041568497196041,0,0,1,UNSTABLE,3.1251407443704507e-16,5.5713730608357639e-17,1
B1_D2_Craig_Bampton,B1,2,Craig_Bampton,sparse-band,310,30,32,78,1.0087791173866056,1.0067868809196225,-0.063367847394691604,0,0,1,UNSTABLE,2.9615868700159029e-16,5.5713730608357651e-17,1
B1_D2_Craig_Bampton,B1,2,Craig_Bampton,sparse-band,311,0,40,56,0.99925270762286411,0.99901120687716716,-0.021967754219561663,1,0,-1,STABLE,2.5767921758860019e-16,7.2084144889217611e-17,1
B1_D2_Craig_Bampton,B1,2,Craig_Bampton,sparse-band,312,1,40,57,0.99925687547076725,0.99901544196475422,-0.02196474201002651,1,0,-1,STABLE,3.0227696511731699e-16,5.5713730608357651e-17,1
B1_D2_Craig_Bampton,B1,2,Craig_Bampton,sparse-band,313,2,40,58,0.99926104528333637,0.99901967900780908,-0.021961729801633766,1,0,-1,STABLE,1.54900816846861e-16,5.5713730608357651e-17,1
B1_D2_Craig_Bampton,B1,2,Craig_Bampton,sparse-band,314,3,40,59,0.99926521811602764,0.99902391907675536,-0.021958716925009746,1,0,-1,STABLE,2.669433429864066e-16,5.5713730608357639e-17,1
B1_D2_Craig_Bampton,B1,2,Craig_Bampton,sparse-band,315,4,40,60,0.99926939502501988,0.99902816324275945,-0.021955702709489818,1,0,-1,STABLE,2.3166933773345539e-16,5.5713730608357651e-17,1
B1_D2_Craig_Bampton,B1,2,Craig_Bampton,sparse-band,316,5,40,61,0.99927357706825637,0.99903241257878705,-0.021952686482451227,1,0,-1,STABLE,2.4163916325423427e-16,5.5713730608357639e-17,1
B1_D2_Craig_Bampton,B1,2,Craig_Bampton,sparse-band,317,6,40,62,0.99927776530646395,0.99903666816063197,-0.021949667568869971,1,0,-1,STABLE,1.6310285240260389e-16,5.5713730608357651e-17,1
B1_D2_Craig_Bampton,B1,2,Craig_Bampton,sparse-band,318,7,40,63,0.9992819608042629,0.99904093106804448,-0.021946645290510172,1,0,-1,STABLE,2.7193011972331225e-16,5.5713730608357639e-17,1
B1_D2_Craig_Bampton,B1,2,Craig_Bampton,sparse-band,319,8,40,64,0.99928616463117359,0.99904520238574779,-0.021943618965463742,1,0,-1,STABLE,1.5688656113380123e-16,5.5713730608357639e-17,1
B1_D2_Craig_Bampton,B1,2,Craig_Bampton,sparse-band,320,9,40,65,0.99929037786272823,0.99904948320456732,-0.021940587907371432,1,0,-1,STABLE,2.1398467310011033e-16,5.5713730608357639e-17,1
B1_D2_Craig_Bampton,B1,2,Craig_Bampton,sparse-band,321,10,40,66,0.99929460158148697,0.99905377462245915,-0.02193755142488554,1,0,-1,STABLE,2.7498282319557206e-16,5.5713730608357651e-17,1
B1_D2_Craig_Bampton,B1,2,Craig_Bampton,sparse-band,322,11,40,67,0.99929883687818366,0.99905807774566857,-0.021934508821037462,1,0,-1,STABLE,3.0511285896364332e-16,5.5713730608357639e-17,1
B1_D2_Craig_Bampton,B1,2,Craig_Bampton,sparse-band,323,12,40,68,0.99930308485276709,0.99906239368979122,-0.021931459392412235,1,0,-1,STABLE,1.9851144151806325e-16,5.5713730608357651e-17,1
B1_D2_Craig_Bampton,B1,2,Craig_Bampton,sparse-band,324,13,40,69,0.99930734661555609,0.99906672358093684,-0.021928402428695478,1,0,-1,STABLE,3.4123541887121482e-16,5.5713730608357639e-17,1
B1_D2_Craig_Bampton,B1,2,Craig_Bampton,sparse-band,325,14,40,70,0.99931162328831757,0.9990710685568307,-0.021925337211662635,1,0,-1,STABLE,2.8539232710063884e-16,5.5713730608357651e-17,1
B1_D2_Craig_Bampton,B1,2,Craig_Bampton,sparse-band,326,15,40,71,0.99937972225142035,0.99704434343302606,-0.068281816580492677,1,0,-1,STABLE,2.8983026670496899e-16,5.5713730608357639e-17,1
B1_D2_Craig_Bampton,B1,2,Craig_Bampton,sparse-band,327,16,40,72,0.99998426252671424,0.9976498948615663,-0.068287719128716243,1,0,-1,STABLE,1.6842540470878147e-16,5.5713730608357651e-17,1
B1_D2_Craig_Bampton,B1,2,Craig_Bampton,sparse-band,328,17,40,73,1.0006162774095131,0.99828558270244816,-0.068255622371386895,0,0,1,UNSTABLE,2.8649807590150538e-16,5.5713730608357651e-17,1
B1_D2_Craig_Bampton,B1,2,Craig_Bampton,sparse-band,329,18,40,74,1.0012727360049303,0.99894891619952153,-0.068177376677310206,0,0,1,UNSTABLE,3.4578719746448347e-16,5.5713730608357651e-17,1
B1_D2_Craig_Bampton,B1,2,Craig_Bampton,sparse-band,330,19,40,75,1.0019481266786443,0.99963492154107736,-0.068044633810525307,0,0,1,UNSTABLE,1.3099940042848025e-16,5.5713730608357639e-17,1
B1_D2_Craig_Bampton,B1,2,Craig_Bampton,sparse-band,331,20,40,76,1.0026342023417678,1.0003358170622825,-0.067849810669218913,0,0,1,UNSTABLE,3.0580228576960081e-16,5.5713730608357651e-17,1
B1_D2_Craig_Bampton,B1,2,Craig_Bampton,sparse-band,332,21,40,77,1.003320223235189,1.0010411724787311,-0.067587286934131796,0,0,1,UNSTABLE,2.2877658630006187e-16,5.5713730608357639e-17,1
B1_D2_Craig_Bampton,B1,2,Craig_Bampton,sparse-band,333,22,40,78,1.0039938260187629,1.0017387042512169,-0.067254524672221427,0,0,1,UNSTABLE,4.086690785861783e-16,5.5713730608357651e-17,1
B1_D2_Craig_Bampton,B1,2,Craig_Bampton,sparse-band,334,23,40,79,1.0046423966074913,1.002415612447499,-0.066852711109942273,0,0,1,UNSTABLE,2.1150624074819626e-16,5.5713730608357639e-17,1
B1_D2_Craig_Bampton,B1,2,Craig_Bampton,sparse-band,335,24,40,80,1.00525456463553,1.0030600934776381,-0.066386659753300867,0,0,1,UNSTABLE,2.5788400831590866e-16,5.5713730608357639e-17,1
B1_D2_Craig_Bampton,B1,2,Craig_Bampton,sparse-band,336,25,40,81,1.0058213663813935,1.0036625691977092,-0.06586401339720209,0,0,1,UNSTABLE,3.6820984746533632e-16,5.5713730608357639e-17,1
B1_D2_Craig_Bampton,B1,2,Craig_Bampton,sparse-band,337,26,40,82,1.00633679976546,1.0042163310039718,-0.065294066400468018,0,0,1,UNSTABLE,2.6412517085739886e-16,5.5713730608357651e-17,1
B1_D2_Craig_Bampton,B1,2,Craig_Bampton,sparse-band,338,27,40,83,1.006797775531284,1.0047175750778061,-0.064686591690354595,0,0,1,UNSTABLE,4.1346750721077001e-16,5.5713730608357639e-17,1
B1_D2_Craig_Bampton,B1,2,Craig_Bampton,sparse-band,339,28,40,84,1.0072036636691686,1.0051650102338887,-0.064050935278904625,0,0,1,UNSTABLE,1.7712925285926704e-16,5.5713730608357651e-17,1
B1_D2_Craig_Bampton,B1,2,Craig_Bampton,sparse-band,340,29,40,85,1.0075556747458392,1.0055592737884993,-0.063395462065427566,0,0,1,UNSTABLE,1.6807750783750863e-16,5.5713730608357639e-17,1
B1_D2_Craig_Bampton,B1,2,Craig_Bampton,sparse-band,341,30,40,86,1.0078562535324294,1.0059023374270541,-0.062727309389237901,0,0,1,UNSTABLE,1.9463692524893971e-16,5.5713730608357651e-17,1
B1_D2_Craig_Bampton,B1,2,Craig_Bampton,sparse-band,342,0,48,64,0.99990379677640551,0.99967177440590538,-0.021539411877293163,1,0,-1,STABLE,1.1637135335208045e-16,7.2084144889217611e-17,1
B1_D2_Craig_Bampton,B1,2,Craig_Bampton,sparse-band,343,1,48,65,0.99990699620322043,0.99967504370648075,-0.021536203161025707,1,0,-1,STABLE,1.827655286240574e-16,5.5713730608357639e-17,1
B1_D2_Craig_Bampton,B1,2,Craig_Bampton,sparse-band,344,2,48,66,0.9999101978526711,0.99967831522039052,-0.02153299440136611,1,0,-1,STABLE,2.7775421780471789e-16,5.5713730608357651e-17,1
B1_D2_Craig_Bampton,B1,2,Craig_Bampton,sparse-band,345,3,48,67,0.99991340247001381,0.99968158970911358,-0.021529784853072036,1,0,-1,STABLE,1.9623383056136842e-16,5.5713730608357639e-17,1
B1_D2_Craig_Bampton,B1,2,Craig_Bampton,sparse-band,346,4,48,68,0.99991661080141736,0.99968486793504929,-0.021526573770019826,1,0,-1,STABLE,1.5949688933237636e-16,5.5713730608357651e-17,1
B1_D2_Craig_Bampton,B1,2,Craig_Bampton,sparse-band,347,5,48,69,0.9999198235947272,0.99968815066229499,-0.021523360404701458,1,0,-1,STABLE,3.4529744514434318e-16,5.5713730608357639e-17,1
B1_D2_Craig_Bampton,B1,2,Craig_Bampton,sparse-band,348,6,48,70,0.99992304160002499,0.99969143865722065,-0.02152014400745492,1,0,-1,STABLE,2.3452348261589819e-16,5.5713730608357651e-17,1
B1_D2_Craig_Bampton,B1,2,Craig_Bampton,sparse-band,349,7,48,71,0.99992626557046449,0.99969473268932019,-0.021516923825767916,1,0,-1,STABLE,2.0315937934118399e-16,5.5713730608357639e-17,1
B1_D2_Craig_Bampton,B1,2,Craig_Bampton,sparse-band,350,8,48,72,0.99992949626284566,0.99969803353180064,-0.021513699103568873,1,0,-1,STABLE,1.851556691151398e-16,5.5713730608357651e-17,1
B1_D2_Craig_Bampton,B1,2,Craig_Bampton,sparse-band,351,9,48,73,0.99993273443834696,0.99970134196233307,-0.021510469080432106,1,0,-1,STABLE,3.1171026325855257e-16,5.5713730608357639e-17,1
B1_D2_Craig_Bampton,B1,2,Craig_Bampton,sparse-band,352,10,48,74,0.99993598086321922,0.99970465876375814,-0.021507232990937954,1,0,-1,STABLE,1.5234305424687224e-16,5.5713730608357651e-17,1
B1_D2_Craig_Bampton,B1,2,Craig_Bampton,sparse-band,353,11,48,75,0.99993923630947723,0.9997079847247945,-0.021503990063956771,1,0,-1,STABLE,5.2008311065557348e-16,5.5713730608357639e-17,1
B1_D2_Craig_Bampton,B1,2,Craig_Bampton,sparse-band,354,12,48,76,0.99994250155564257,0.99971132064080059,-0.02150073952176778,1,0,-1,STABLE,1.9745493255154102e-16,5.5713730608357651e-17,1
B1_D2_Craig_Bampton,B1,2,Craig_Bampton,sparse-band,355,13,48,77,0.99994577738739188,0.99971466731443503,-0.021497480579451174,1,0,-1,STABLE,3.3883810802452234e-16,5.5713730608357639e-17,1
B1_D2_Craig_Bampton,B1,2,Craig_Bampton,sparse-band,356,14,48,78,0.99994906459836363,0.99971802555648659,-0.021494212443880049,1,0,-1,STABLE,3.3222786942425935e-16,5.5713730608357651e-17,1
B1_D2_Craig_Bampton,B1,2,Craig_Bampton,sparse-band,357,15,48,79,0.99995236399083931,0.99972139618656475,-0.021490934313183375,1,0,-1,STABLE,5.5083061863810019e-16,5.5713730608357639e-17,1
B1_D2_Craig_Bampton,B1,2,Craig_Bampton,sparse-band,358,16,48,80,0.99995567637652205,0.9997247800339002,-0.021487645375833673,1,0,-1,STABLE,2.3168012759598147e-16,5.5713730608357651e-17,1
B1_D2_Craig_Bampton,B1,2,Craig_Bampton,sparse-band,359,17,48,81,0.99995900257729242,0.99972817793811908,-0.021484344809696541,1,0,-1,STABLE,3.7621580258376879e-16,5.5713730608357639e-17,1
B1_D2_Craig_Bampton,B1,2,Craig_Bampton,sparse-band,360,18,48,82,0.9999623434259971,0.99973159075004847,-0.02148103178129955,1,0,-1,STABLE,1.4093291324834227e-16,5.5713730608357651e-17,1
B1_D2_Craig_Bampton,B1,2,Craig_Bampton,sparse-band,361,19,48,83,0.99996569976724281,0.9997350193325274,-0.021477705445003544,1,0,-1,STABLE,2.8862225278657939e-16,5.5713730608357639e-17,1
B1_D2_Craig_Bampton,B1,2,Craig_Bampton,sparse-band,362,20,48,84,1.0003237120721433,0.99803745622356321,-0.067592639455723413,0,0,1,UNSTABLE,5.0909451319607117e-16,5.5713730608357651e-17,1
B1_D2_Craig_Bampton,B1,2,Craig_Bampton,sparse-band,363,21,48,85,1.0011521894031026,0.99887934304627923,-0.067422284016928985,0,0,1,UNSTABLE,1.5298081390746415e-16,5.5713730608357639e-17,1
B1_D2_Craig_Bampton,B1,2,Craig_Bampton,sparse-band,364,22,48,86,1.0019767070453363,0.99972349041195441,-0.067158500429614895,0,0,1,UNSTABLE,1.706575509042928e-16,5.5713730608357651e-17,1
B1_D2_Craig_Bampton,B1,2,Craig_Bampton,sparse-band,365,23,48,87,1.002777451251667,1.0005499501886859,-0.066801301755336287,0,0,1,UNSTABLE,6.1913346792939773e-16,5.5713730608357639e-17,1
B1_D2_Craig_Bampton,B1,2,Craig_Bampton,sparse-band,366,24,48,88,1.0035365475096338,1.0013402615396108,-0.06635723628466933,0,0,1,UNSTABLE,4.9019166010573633e-16,5.5713730608357651e-17,1
B1_D2_Craig_Bampton,B1,2,Craig_Bampton,sparse-band,367,25,48,89,1.0042403941781803,1.0020799178983564,-0.065837735714179627,0,0,1,UNSTABLE,5.3387192568395748e-16,5.5713730608357639e-17,1
B1_D2_Craig_Bampton,B1,2,Craig_Bampton,sparse-band,368,26,48,90,1.0048805497590052,1.0027594334465744,-0.065256707838090691,0,0,1,UNSTABLE,4.2623064167517922e-16,5.5713730608357651e-17,1
B1_D2_Craig_Bampton,B1,2,Craig_Bampton,sparse-band,369,27,48,91,1.0054533352311561,1.0033741007227752,-0.064628347698338987,0,0,1,UNSTABLE,2.3416518705039563e-16,5.5713730608357639e-17,1
B1_D2_Craig_Bampton,B1,2,Craig_Bampton,sparse-band,370,28,48,92,1.0059587537054624,1.0039230081199584,-0.063965677703135077,0,0,1,UNSTABLE,3.24250668909341e-16,5.5713730608357651e-17,1
B1_D2_Craig_Bampton,B1,2,Craig_Bampton,sparse-band,371,29,48,93,1.0063992843444802,1.0044078759239246,-0.063279841269335488,0,0,1,UNSTABLE,6.1454715456641495e-16,5.5713730608357639e-17,1
B1_D2_Craig_Bampton,B1,2,Craig_Bampton,sparse-band,372,30,48,94,1.0067788591877527,1.0048320371080881,-0.062579936949493153,0,0,1,UNSTABLE,2.7701785900695276e-16,5.5713730608357651e-17,1
B1_D2_Craig_Bampton,B1,2,Craig_Bampton,sparse-band,373,0,56,72,1.0004631230750878,1.0002420441298447,-0.021031257406727722,0,0,1,UNSTABLE,3.479210634006671e-16,7.2084144889217611e-17,1
B1_D2_Craig_Bampton,B1,2,Craig_Bampton,sparse-band,374,1,56,73,1.0004654777658903,1.0002444651021563,-0.02102812958473466,0,0,1,UNSTABLE,2.9482008987743513e-16,5.5713730608357651e-17,1
B1_D2_Craig_Bampton,B1,2,Craig_Bampton,sparse-band,375,2,56,74,1.0004678347666032,1.000246888382762,-0.021025001383539466,0,0,1,UNSTABLE,1.4917494095799087e-16,5.5713730608357651e-17,1
B1_D2_Craig_Bampton,B1,2,Craig_Bampton,sparse-band,376,3,56,75,1.0004701945625694,1.0002493144722013,-0.021021872084972044,0,0,1,UNSTABLE,2.5790621933799934e-16,5.5713730608357639e-17,1
B1_D2_Craig_Bampton,B1,2,Craig_Bampton,sparse-band,377,4,56,76,1.0004725576402689,1.0002517438721594,-0.021018740970026668,0,0,1,UNSTABLE,1.9241702298436385e-16,5.5713730608357651e-17,1
B1_D2_Craig_Bampton,B1,2,Craig_Bampton,sparse-band,378,5,56,77,1.0004749244877555,1.0002541770859157,-0.02101560731831488,0,0,1,UNSTABLE,3.1278440597243078e-16,5.5713730608357639e-17,1
B1_D2_Craig_Bampton,B1,2,Craig_Bampton,sparse-band,379,6,56,78,1.000477295594983,1.0002566146186813,-0.021012470407482456,0,0,1,UNSTABLE,2.0439777251947546e-16,5.5713730608357651e-17,1
B1_D2_Craig_Bampton,B1,2,Craig_Bampton,sparse-band,380,7,56,79,1.0004796714542903,1.0002590569781029,-0.021009329512408532,0,0,1,UNSTABLE,3.4108076379147088e-16,5.5713730608357639e-17,1
B1_D2_Craig_Bampton,B1,2,Craig_Bampton,sparse-band,381,8,56,80,1.0004820525606739,1.0002615046745453,-0.021006183904595833,0,0,1,UNSTABLE,1.6911775342181179e-16,5.5713730608357639e-17,1
B1_D2_Craig_Bampton,B1,2,Craig_Bampton,sparse-band,382,9,56,81,1.0004844394122858,1.0002639582216064,-0.021003032851479444,0,0,1,UNSTABLE,4.1646029223539196e-16,5.5713730608357639e-17,1
B1_D2_Craig_Bampton,B1,2,Craig_Bampton,sparse-band,383,10,56,82,1.0004868325107832,1.0002664181364789,-0.020999875615790916,0,0,1,UNSTABLE,1.4035012435897508e-16,5.5713730608357651e-17,1
B1_D2_Craig_Bampton,B1,2,Craig_Bampton,sparse-band,384,11,56,83,1.0004892323617085,1.0002688849403472,-0.020996711454777255,0,0,1,UNSTABLE,2.2050697100097817e-16,5.5713730608357639e-17,1
B1_D2_Craig_Bampton,B1,2,Craig_Bampton,sparse-band,385,12,56,84,1.0004916394749495,1.0002713591588603,-0.020993539619563368,0,0,1,UNSTABLE,2.2944424913901341e-16,5.5713730608357651e-17,1
B1_D2_Craig_Bampton,B1,2,Craig_Bampton,sparse-band,386,13,56,85,1.0004940543650824,1.0002738413224908,-0.020990359354464517,0,0,1,UNSTABLE,6.8456801937562888e-16,5.5713730608357639e-17,1
B1_D2_Craig_Bampton,B1,2,Craig_Bampton,sparse-band,387,14,56,86,1.000496477551883,1.0002763319670605,-0.020987169896113371,0,0,1,UNSTABLE,4.4899717754452066e-16,5.5713730608357651e-17,1
B1_D2_Craig_Bampton,B1,2,Craig_Bampton,sparse-band,388,15,56,87,1.0004989095606114,1.0002788316340423,-0.020983970472901896,0,0,1,UNSTABLE,2.5513418260374951e-16,5.5713730608357639e-17,1
B1_D2_Craig_Bampton,B1,2,Craig_Bampton,sparse-band,389,16,56,88,1.0005013509225673,1.000281340871128,-0.020980760304152583,0,0,1,UNSTABLE,1.7176478337071995e-16,5.5713730608357651e-17,1
B1_D2_Craig_Bampton,B1,2,Craig_Bampton,sparse-band,390,17,56,89,1.0005038021754482,1.0002838602326047,-0.020977538599344162,0,0,1,UNSTABLE,3.0036431667747892e-16,5.5713730608357651e-17,1
B1_D2_Craig_Bampton,B1,2,Craig_Bampton,sparse-band,391,18,56,90,1.0005062638638202,1.000286390279846,-0.020974304557138387,0,0,1,UNSTABLE,1.6274045334851568e-16,5.5713730608357651e-17,1
B1_D2_Craig_Bampton,B1,2,Craig_Bampton,sparse-band,392,19,56,91,1.0005087365395597,1.0002889315817594,-0.020971057365061784,0,0,1,UNSTABLE,2.6086679597241027e-16,5.5713730608357639e-17,1
B1_D2_Craig_Bampton,B1,2,Craig_Bampton,sparse-band,393,20,56,92,1.0005112207623397,1.000291484715303,-0.020967796198019376,0,0,1,UNSTABLE,1.7425847743559498e-16,5.5713730608357651e-17,1
B1_D2_Craig_Bampton,B1,2,Craig_Bampton,sparse-band,394,21,56,93,1.0005137171000178,1.0002940502658826,-0.020964520217987739,0,0,1,UNSTABLE,6.0416750212503644e-16,5.5713730608357639e-17,1
B1_D2_Craig_Bampton,B1,2,Craig_Bampton,sparse-band,395,22,56,94,1.0005162261292353,1.0002966288279729,-0.020961228572765153,0,0,1,UNSTABLE,1.51236223430268e-16,5.5713730608357651e-17,1
B1_D2_Craig_Bampton,B1,2,Craig_Bampton,sparse-band,396,23,56,95,1.0009058178426107,0.99859720168176547,-0.067941776430504738,0,0,1,UNSTABLE,2.5883528414617827e-16,5.5713730608357639e-17,1
B1_D2_Craig_Bampton,B1,2,Craig_Bampton,sparse-band,397,24,56,96,1.0018845776805927,0.99961504056860562,-0.067397905481137568,0,0,1,UNSTABLE,4.0657324526355762e-16,5.5713730608357639e-17,1
B1_D2_Craig_Bampton,B1,2,Craig_Bampton,sparse-band,398,25,56,97,1.002765133776123,1.0005400543852063,-0.066764609546479503,0,0,1,UNSTABLE,3.3944935006268342e-16,5.5713730608357639e-17,1
B1_D2_Craig_Bampton,B1,2,Craig_Bampton,sparse-band,399,26,56,98,1.003545854141525,1.0013687684139057,-0.066067170439339296,0,0,1,UNSTABLE,2.5633125608096869e-16,5.5713730608357651e-17,1
B1_D2_Craig_Bampton,B1,2,Craig_Bampton,sparse-band,400,27,56,99,1.004230675345972,1.0021036356490385,-0.06532650859189168,0,0,1,UNSTABLE,2.8116263192605373e-16,5.5713730608357639e-17,1
B1_D2_Craig_Bampton,B1,2,Craig_Bampton,sparse-band,401,28,56,100,1.0048264276013741,1.0027503601256995,-0.064559003043102733,0,0,1,UNSTABLE,3.8113415601848716e-16,5.5713730608357651e-17,1
B1_D2_Craig_Bampton,B1,2,Craig_Bampton,sparse-band,402,29,56,101,1.005341095924889,1.0033161051369599,-0.06377705173695096,0,0,1,UNSTABLE,1.2616058484960787e-16,5.5713730608357639e-17,1
B1_D2_Craig_Bampton,B1,2,Craig_Bampton,sparse-band,403,30,56,102,1.0057828115601564,1.0038084201907265,-0.062989837148945002,0,0,1,UNSTABLE,7.1387742986990446e-16,5.5713730608357651e-17,1
B1_D2_Craig_Bampton,B1,2,Craig_Bampton,sparse-band,404,0,64,80,1.000924092727141,1.0007147351357211,-0.020470913118224032,0,0,1,UNSTABLE,1.8368566917607588e-16,7.2084144889217611e-17,1
B1_D2_Craig_Bampton,B1,2,Craig_Bampton,sparse-band,405,1,64,81,1.0009257831256975,1.0007164847216532,-0.020468036841079819,0,0,1,UNSTABLE,3.3575369681217941e-16,5.5713730608357639e-17,1
B1_D2_Craig_Bampton,B1,2,Craig_Bampton,sparse-band,406,2,64,82,1.0009274756650455,1.0007182364558596,-0.02046515980574044,0,0,1,UNSTABLE,1.7596796483589608e-16,5.5713730608357651e-17,1
B1_D2_Craig_Bampton,B1,2,Craig_Bampton,sparse-band,407,3,64,83,1.0009291706405219,1.0007199906467161,-0.020462281377184893,0,0,1,UNSTABLE,6.1742734317345602e-16,5.5713730608357639e-17,1
B1_D2_Craig_Bampton,B1,2,Craig_Bampton,sparse-band,408,4,64,84,1.0009308683485794,1.0007217476037287,-0.020459400919391562,0,0,1,UNSTABLE,5.9453519460099915e-16,5.5713730608357651e-17,1
B1_D2_Craig_Bampton,B1,2,Craig_Bampton,sparse-band,409,5,64,85,1.0009325690869764,1.0007235076377285,-0.020456517794962069,0,0,1,UNSTABLE,4.3009863814863824e-16,5.5713730608357639e-17,1
B1_D2_Craig_Bampton,B1,2,Craig_Bampton,sparse-band,410,6,64,86,1.0009342731549871,1.0007252710610968,-0.02045363136453876,0,0,1,UNSTABLE,1.8369439589519672e-16,5.5713730608357651e-17,1
B1_D2_Craig_Bampton,B1,2,Craig_Bampton,sparse-band,411,7,64,87,1.0009359808535856,1.0007270381879607,-0.020450740986113623,0,0,1,UNSTABLE,2.3098473020964308e-16,5.5713730608357639e-17,1
B1_D2_Craig_Bampton,B1,2,Craig_Bampton,sparse-band,412,8,64,88,1.0009376924856106,1.0007288093343671,-0.020447846014646002,0,0,1,UNSTABLE,2.4860343451007213e-16,5.5713730608357651e-17,1
B1_D2_Craig_Bampton,B1,2,Craig_Bampton,sparse-band,413,9,64,89,1.0009394083560106,1.0007305848185435,-0.020444945801268037,0,0,1,UNSTABLE,1.3718029916448195e-16,5.5713730608357639e-17,1
B1_D2_Craig_Bampton,B1,2,Craig_Bampton,sparse-band,414,10,64,90,1.0009411287720222,1.0007323649610822,-0.020442039692974801,0,0,1,UNSTABLE,3.3938775958499861e-16,5.5713730608357651e-17,1
B1_D2_Craig_Bampton,B1,2,Craig_Bampton,sparse-band,415,11,64,91,1.000942854043315,1.0007341500851021,-0.020439127031869585,0,0,1,UNSTABLE,3.072435335401339e-16,5.5713730608357639e-17,1
B1_D2_Craig_Bampton,B1,2,Craig_Bampton,sparse-band,416,12,64,92,1.0009445844822817,1.0007359405165495,-0.020436207154574563,0,0,1,UNSTABLE,2.1336769119195892e-16,5.5713730608357651e-17,1
B1_D2_Craig_Bampton,B1,2,Craig_Bampton,sparse-band,417,13,64,93,1.0009463204041573,1.0007377365843264,-0.020433279391756844,0,0,1,UNSTABLE,4.4061828134321054e-16,5.5713730608357639e-17,1
B1_D2_Craig_Bampton,B1,2,Craig_Bampton,sparse-band,418,14,64,94,1.000948062127283,1.0007395386205729,-0.020430343067272604,0,0,1,UNSTABLE,1.4278941537081916e-16,5.5713730608357651e-17,1
B1_D2_Craig_Bampton,B1,2,Craig_Bampton,sparse-band,419,15,64,95,1.0009498099732914,1.0007413469608588,-0.020427397497829944,0,0,1,UNSTABLE,1.7198414314589037e-16,5.5713730608357639e-17,1
B1_D2_Craig_Bampton,B1,2,Craig_Bampton,sparse-band,420,16,64,96,1.0009515642672819,1.0007431619443745,-0.02042444199222606,0,0,1,UNSTABLE,4.1049530774630167e-16,5.5713730608357651e-17,1
B1_D2_Craig_Bampton,B1,2,Craig_Bampton,sparse-band,421,17,64,97,1.0009533253380878,1.0007449839142115,-0.020421475850696875,0,0,1,UNSTABLE,4.4536250817988268e-16,5.5713730608357639e-17,1
B1_D2_Craig_Bampton,B1,2,Craig_Bampton,sparse-band,422,18,64,98,1.0009550935184794,1.0007468132175799,-0.020418498364141131,0,0,1,UNSTABLE,1.7915773541165432e-16,5.5713730608357651e-17,1
B1_D2_Craig_Bampton,B1,2,Craig_Bampton,sparse-band,423,19,64,99,1.000956869145335,1.0007486502059884,-0.020415508813734603,0,0,1,UNSTABLE,3.3405629650491466e-16,5.5713730608357639e-17,1
B1_D2_Craig_Bampton,B1,2,Craig_Bampton,sparse-band,424,20,64,100,1.0009586525599381,1.0007504952355621,-0.020412506469902003,0,0,1,UNSTABLE,5.1415244866791866e-16,5.5713730608357651e-17,1
B1_D2_Craig_Bampton,B1,2,Craig_Bampton,sparse-band,425,21,64,101,1.0009604441081561,1.0007523486672294,-0.020409490591907362,0,0,1,UNSTABLE,1.9771129799713849e-16,5.5713730608357639e-17,1
B1_D2_Craig_Bampton,B1,2,Craig_Bampton,sparse-band,426,22,64,102,1.000962244140656,1.0007542108669583,-0.020406460426785355,0,0,1,UNSTABLE,5.062766084320173e-16,5.5713730608357651e-17,1
B1_D2_Craig_Bampton,B1,2,Craig_Bampton,sparse-band,427,23,64,103,1.0009640530131814,1.0007560822060433,-0.020403415208889358,0,0,1,UNSTABLE,2.1970393175079418e-16,5.5713730608357639e-17,1
B1_D2_Craig_Bampton,B1,2,Craig_Bampton,sparse-band,428,24,64,104,1.0014285657035429,0.99900122845801087,-0.069682980321167126,0,0,1,UNSTABLE,1.9103721310369598e-16,5.5713730608357651e-17,1
B1_D2_Craig_Bampton,B1,2,Craig_Bampton,sparse-band,429,25,64,105,1.0022896038462059,0.9999318803647993,-0.068707238398155193,0,0,1,UNSTABLE,3.0796767443812773e-16,5.5713730608357639e-17,1
B1_D2_Craig_Bampton,B1,2,Craig_Bampton,sparse-band,430,26,64,106,1.0030440855569278,1.000754820267993,-0.067729072643219076,0,0,1,UNSTABLE,2.3186048456782541e-16,5.5713730608357651e-17,1
B1_D2_Craig_Bampton,B1,2,Craig_Bampton,sparse-band,431,27,64,107,1.0037021216733901,1.001479703583986,-0.066755916299580109,0,0,1,UNSTABLE,1.9876049412770079e-16,5.5713730608357639e-17,1
B1_D2_Craig_Bampton,B1,2,Craig_Bampton,sparse-band,432,28,64,108,1.0042736176094611,1.0021161145750854,-0.065793555423979896,0,0,1,UNSTABLE,2.157580606720316e-16,5.5713730608357651e-17,1
B1_D2_Craig_Bampton,B1,2,Craig_Bampton,sparse-band,433,29,64,109,1.004767877633499,1.0026731512772542,-0.064846276931421212,0,0,1,UNSTABLE,3.8137506579445067e-16,5.5713730608357639e-17,1
B1_D2_Craig_Bampton,B1,2,Craig_Bampton,sparse-band,434,30,64,110,1.0051934135416354,1.0031592102258091,-0.063917114817676618,0,0,1,UNSTABLE,3.8960140185657981e-16,5.5713730608357651e-17,1
B1_D2_Craig_Bampton,B1,2,Craig_Bampton,sparse-band,435,0,66,82,1.0010241317049104,1.000817753952715,-0.02032573808284489,0,0,1,UNSTABLE,2.9967772584182817e-16,7.2084144889217611e-17,1
B1_D2_Craig_Bampton,B1,2,Craig_Bampton,sparse-band,436,1,66,83,1.001025684946055,1.0008193643447341,-0.02032293960825985,0,0,1,UNSTABLE,3.6105625787018706e-16,5.5713730608357651e-17,1
B1_D2_Craig_Bampton,B1,2,Craig_Bampton,sparse-band,437,2,66,84,1.0010272402550768,1.0008209768140568,-0.020320140296092682,0,0,1,UNSTABLE,3.0735876246490841e-16,5.5713730608357651e-17,1
B1_D2_Craig_Bampton,B1,2,Craig_Bampton,sparse-band,438,3,66,85,1.0010287978903958,1.0008225916315363,-0.020317339536119323,0,0,1,UNSTABLE,4.1088278459375421e-16,5.5713730608357639e-17,1
B1_D2_Craig_Bampton,B1,2,Craig_Bampton,sparse-band,439,4,66,86,1.0010303581114914,1.0008242090690995,-0.020314536717152831,0,0,1,UNSTABLE,3.4477660449846395e-16,5.5713730608357651e-17,1
B1_D2_Craig_Bampton,B1,2,Craig_Bampton,sparse-band,440,5,66,87,1.0010319211791003,1.0008258293999526,-0.020311731226499864,0,0,1,UNSTABLE,1.7307156099063292e-16,5.5713730608357639e-17,1
B1_D2_Craig_Bampton,B1,2,Craig_Bampton,sparse-band,441,6,66,88,1.0010334873553344,1.0008274528987102,-0.020308922449570815,0,0,1,UNSTABLE,1.9213471692234799e-16,5.5713730608357651e-17,1
B1_D2_Craig_Bampton,B1,2,Craig_Bampton,sparse-band,442,7,66,89,1.0010350569038931,1.0008290798416182,-0.020306109769228926,0,0,1,UNSTABLE,2.4491138348427705e-16,5.5713730608357639e-17,1
B1_D2_Craig_Bampton,B1,2,Craig_Bampton,sparse-band,443,8,66,90,1.0010366300901261,1.000830710506629,-0.020303292565296463,0,0,1,UNSTABLE,2.567000652533024e-16,5.5713730608357651e-17,1
B1_D2_Craig_Bampton,B1,2,Craig_Bampton,sparse-band,444,9,66,91,1.0010382071812669,1.0008323451736438,-0.020300470213995375,0,0,1,UNSTABLE,3.2723852161662423e-16,5.5713730608357651e-17,1
B1_D2_Craig_Bampton,B1,2,Craig_Bampton,sparse-band,445,10,66,92,1.0010397884465887,1.0008339841246801,-0.020297642087468589,0,0,1,UNSTABLE,1.6830909588805199e-16,5.5713730608357651e-17,1
B1_D2_Craig_Bampton,B1,2,Craig_Bampton,sparse-band,446,11,66,93,1.0010413741575106,1.0008356276439903,-0.020294807553102003,0,0,1,UNSTABLE,3.2518933132217312e-16,5.5713730608357639e-17,1
B1_D2_Craig_Bampton,B1,2,Craig_Bampton,sparse-band,447,12,66,94,1.0010429645878125,1.0008372760182864,-0.020291965973082488,0,0,1,UNSTABLE,1.8824176932967127e-16,5.5713730608357651e-17,1
B1_D2_Craig_Bampton,B1,2,Craig_Bampton,sparse-band,448,13,66,95,1.0010445600137894,1.0008389295369047,-0.020289116703880398,0,0,1,UNSTABLE,2.5459155897338428e-16,5.5713730608357639e-17,1
B1_D2_Craig_Bampton,B1,2,Craig_Bampton,sparse-band,449,14,66,96,1.0010461607144006,1.000840588491972,-0.020286259095376621,0,0,1,UNSTABLE,1.6634540141263915e-16,5.5713730608357651e-17,1
B1_D2_Craig_Bampton,B1,2,Craig_Bampton,sparse-band,450,15,66,97,1.0010477669714544,1.0008422531785939,-0.020283392490674717,0,0,1,UNSTABLE,1.6395578543384096e-16,5.5713730608357639e-17,1
B1_D2_Craig_Bampton,B1,2,Craig_Bampton,sparse-band,451,16,66,98,1.0010493790697372,1.0008439238950033,-0.020280516225158134,0,0,1,UNSTABLE,1.8603358699307326e-16,5.5713730608357651e-17,1
B1_D2_Craig_Bampton,B1,2,Craig_Bampton,sparse-band,452,17,66,99,1.0010509972972712,1.0008456009428248,-0.020277629626199604,0,0,1,UNSTABLE,2.4917284999946633e-16,5.5713730608357651e-17,1
B1_D2_Craig_Bampton,B1,2,Craig_Bampton,sparse-band,453,18,66,100,1.0010526219454052,1.0008472846271845,-0.020274732012083536,0,0,1,UNSTABLE,2.1933235279366065e-16,5.5713730608357651e-17,1
B1_D2_Craig_Bampton,B1,2,Craig_Bampton,sparse-band,454,19,66,101,1.0010542533090057,1.0008489752569054,-0.020271822691934067,0,0,1,UNSTABLE,3.4442353233817809e-16,5.5713730608357639e-17,1
B1_D2_Craig_Bampton,B1,2,Craig_Bampton,sparse-band,455,20,66,102,1.0010558916866896,1.0008506731447622,-0.020268900964522781,0,0,1,UNSTABLE,2.7597243814744396e-16,5.5713730608357651e-17,1
B1_D2_Craig_Bampton,B1,2,Craig_Bampton,sparse-band,456,21,66,103,1.0010575373809496,1.0008523786076124,-0.020265966117994454,0,0,1,UNSTABLE,2.4227741098404406e-16,5.5713730608357639e-17,1
B1_D2_Craig_Bampton,B1,2,Craig_Bampton,sparse-band,457,22,66,104,1.0010591906983555,1.0008540919666187,-0.020263017428847178,0,0,1,UNSTABLE,2.2949539852249584e-16,5.5713730608357651e-17,1
B1_D2_Craig_Bampton,B1,2,Craig_Bampton,sparse-band,458,23,66,105,1.0010608519497632,1.000855813547465,-0.020260054161526413,0,0,1,UNSTABLE,2.4409171173980465e-16,5.5713730608357639e-17,1
B1_D2_Craig_Bampton,B1,2,Craig_Bampton,sparse-band,459,24,66,106,1.0016597662063498,0.99919296438182914,-0.070254588223205586,0,0,1,UNSTABLE,3.7631448010793656e-16,5.5713730608357651e-17,1
B1_D2_Craig_Bampton,B1,2,Craig_Bampton,sparse-band,460,25,66,107,1.0024451395320582,1.0000530177428648,-0.069211411449534091,0,0,1,UNSTABLE,1.7468001227145325e-16,5.5713730608357651e-17,1
B1_D2_Craig_Bampton,B1,2,Craig_Bampton,sparse-band,461,26,66,108,1.0031400477953913,1.0008207059903622,-0.068175288425449079,0,0,1,UNSTABLE,1.0559304833880392e-16,5.5713730608357651e-17,1
B1_D2_Craig_Bampton,B1,2,Craig_Bampton,sparse-band,462,27,66,109,1.0037509059424279,1.0015021169017644,-0.067151999385940103,0,0,1,UNSTABLE,2.0009976426217207e-16,5.5713730608357639e-17,1
B1_D2_Craig_Bampton,B1,2,Craig_Bampton,sparse-band,463,28,66,110,1.0042848479382522,1.0021041717090542,-0.066145935942195477,0,0,1,UNSTABLE,2.4468158007639608e-16,5.5713730608357651e-17,1
B1_D2_Craig_Bampton,B1,2,Craig_Bampton,sparse-band,464,29,66,111,1.0047490912656167,1.0026339699693447,-0.065160253702650758,0,0,1,UNSTABLE,4.4798533426654914e-16,5.5713730608357639e-17,1
B1_D2_Craig_Bampton,B1,2,Craig_Bampton,sparse-band,465,30,66,112,1.0051505672474088,1.0030983986418045,-0.064197083111578956,0,0,1,UNSTABLE,2.8644781677387883e-16,5.5713730608357651e-17,1
