file,original_path,copy_path,original_sha256,copy_sha256,result
PDmonicanshu.m,D:\JZ_PhD\10_论文_Papers\Li\RHTS\liangyustability-master\figure\第3章_缩聚对试验精度的影响\原始来源副本\模型与参数原件\PDmonicanshu.m,D:\JZ_PhD\10_论文_Papers\Li\RHTS\liangyustability-master\test\00_上游模型身份证\U02_完整模型前五阶频率与质量参与系数\input\PDmonicanshu.m,CB25DFABD21175FE0CE5F93ABE722B365D25C0D4ADE9BEAF3B7EBD25328D1C4D,CB25DFABD21175FE0CE5F93ABE722B365D25C0D4ADE9BEAF3B7EBD25328D1C4D,MATCH
tes.m,D:\JZ_PhD\10_论文_Papers\Li\RHTS\liangyustability-master\liangyustability-master\能量指标\tes.m,D:\JZ_PhD\10_论文_Papers\Li\RHTS\liangyustability-master\test\00_上游模型身份证\U02_完整模型前五阶频率与质量参与系数\input\tes.m,2602D2B9DDAFDD7348A8CD43D868001582F658B4A76C336920CA7F92DCD99B8E,2602D2B9DDAFDD7348A8CD43D868001582F658B4A76C336920CA7F92DCD99B8E,MATCH
energy.m,D:\JZ_PhD\10_论文_Papers\Li\RHTS\liangyustability-master\liangyustability-master\能量指标\energy.m,D:\JZ_PhD\10_论文_Papers\Li\RHTS\liangyustability-master\test\00_上游模型身份证\U02_完整模型前五阶频率与质量参与系数\input\energy.m,4DFC38C3DB6BCD6AFC45A099E727F8F90B3394BC06049CC576A883EB22785B81,4DFC38C3DB6BCD6AFC45A099E727F8F90B3394BC06049CC576A883EB22785B81,MATCH
calc_MPF.m,D:\JZ_PhD\10_论文_Papers\Li\RHTS\liangyustability-master\liangyustability-master\新结构稳定\绘图\calc_MPF.m,D:\JZ_PhD\10_论文_Papers\Li\RHTS\liangyustability-master\test\00_上游模型身份证\U02_完整模型前五阶频率与质量参与系数\input\calc_MPF.m,2DF0F3F661740BD6288325E752BCA741C12B84DB8AE2FF2996B463DE8CB24FE7,2DF0F3F661740BD6288325E752BCA741C12B84DB8AE2FF2996B463DE8CB24FE7,MATCH
modal_analysis.m,D:\JZ_PhD\10_论文_Papers\Li\RHTS\liangyustability-master\liangyustability-master\新结构稳定\绘图\modal_analysis.m,D:\JZ_PhD\10_论文_Papers\Li\RHTS\liangyustability-master\test\00_上游模型身份证\U02_完整模型前五阶频率与质量参与系数\input\modal_analysis.m,8BED882BD1AD8F0D838662C0608316E07AFE3E69CDB794AFB18E18694D1C83E7,8BED882BD1AD8F0D838662C0608316E07AFE3E69CDB794AFB18E18694D1C83E7,MATCH
modal_participation_factors.m,D:\JZ_PhD\10_论文_Papers\Li\RHTS\liangyustability-master\liangyustability-master\新结构稳定\绘图\modal_participation_factors.m,D:\JZ_PhD\10_论文_Papers\Li\RHTS\liangyustability-master\test\00_上游模型身份证\U02_完整模型前五阶频率与质量参与系数\input\modal_participation_factors.m,110641520D904296FCDB7B49227874018E35F02185DF1440526901E15DD6C4CC,110641520D904296FCDB7B49227874018E35F02185DF1440526901E15DD6C4CC,MATCH
modal_energy_ratios_batch.m,D:\JZ_PhD\10_论文_Papers\Li\RHTS\liangyustability-master\liangyustability-master\新结构稳定\绘图\modal_energy_ratios_batch.m,D:\JZ_PhD\10_论文_Papers\Li\RHTS\liangyustability-master\test\00_上游模型身份证\U02_完整模型前五阶频率与质量参与系数\input\modal_energy_ratios_batch.m,599AA258C7DA9BD5732E8AE5557BC3AD4ED9718E8DE8E7F9BBB3BD68D8169D5E,599AA258C7DA9BD5732E8AE5557BC3AD4ED9718E8DE8E7F9BBB3BD68D8169D5E,MATCH
energy_zonghe.mlx,D:\JZ_PhD\10_论文_Papers\Li\RHTS\liangyustability-master\liangyustability-master\能量指标\energy_zonghe.mlx,D:\JZ_PhD\10_论文_Papers\Li\RHTS\liangyustability-master\test\00_上游模型身份证\U02_完整模型前五阶频率与质量参与系数\input\energy_zonghe.mlx,BCEDEF1887ABEE046A3018EB746B2088B0D63F9ACC917B9B4A78D97DEC84159D,BCEDEF1887ABEE046A3018EB746B2088B0D63F9ACC917B9B4A78D97DEC84159D,MATCH
PDmonicanshu_energy_branch.m,D:\JZ_PhD\10_论文_Papers\Li\RHTS\liangyustability-master\liangyustability-master\能量指标\PDmonicanshu.m,D:\JZ_PhD\10_论文_Papers\Li\RHTS\liangyustability-master\test\00_上游模型身份证\U02_完整模型前五阶频率与质量参与系数\input\PDmonicanshu_energy_branch.m,A78F2608FEE0FA0775DEB0D7F778A51327C81BF88F25AA6D8E13D4202EB7B883,A78F2608FEE0FA0775DEB0D7F778A51327C81BF88F25AA6D8E13D4202EB7B883,MATCH
