route_id,l,j,elapsed_seconds,point_status
main_guyan_div1,0,0,0.011246300069615245,PASS
main_guyan_div1,1,0,0.01279810001142323,PASS
main_guyan_div1,0,1,0.012990200077183545,PASS
main_guyan_div1,2,5,0.023131199995987117,PASS
main_guyan_div1,5,2,0.021192300016991794,PASS
main_guyan_div1,10,10,0.044602900044992566,PASS
main_guyan_div1,11,39,0.15470249997451901,PASS
main_guyan_div1,15,40,0.14812409994192421,PASS
main_guyan_div1,23,41,0.14134800003375858,PASS
main_guyan_div1,28,43,0.16538539994508028,PASS
main_guyan_div1,30,66,0.37065380008425564,PASS
