relative_path,bytes,sha256
cas-common.sty,76432,d830c770f805c1a3abf3eb413f3b14a40b515e1e46378e33f09bcd974cefe6c7
cas-email.jpeg,8764,51cadbff5919f51f76f6f9238b18c9b5d512ea9234cb6d7fef7b53d9767fa845
cas-facebook.jpeg,3676,ee892a2efc41325af58c7aa5c9356249d68524e796ed2e2da391652a9d2e4294
cas-gplus.jpeg,7946,7a903863812ac3b33d64c5f774ea549793d2657880874ca6e7d4243f5a51516b
cas-linkedin.jpeg,6124,3fa7b9ead03ed5d1976316aa1d69157eeeaefae04fab568a4d704185755f7f9f
cas-sc.cls,4410,0ba919511e97af9e37c3056b7674d2a7cea225208afc6a412ec510284bbff777
cas-twitter.jpeg,4655,bf2765da8cc4cc58fef109fd0f864b4fc39d7ba8e8040c8633542076ccdc91ef
cas-url.jpeg,7736,66e3c16ef98e082d61397c9644ccae92c227bae49fd7eba5bcad4a6623fd67d5
elsarticle-num-names.bst,28892,f7b33fba01050d3f65f56088bb4d4551a05b8c554f4d1884df9222a1e6db8e6b
main.bbl,22169,f1f92f5e3d93818ec98462bece35020f5ff7bec4571a1a92c6299a1c494e6a8b
main.pdf,1103378,46465918b7660042b6bb4f3e84c96ebf3683d4227c2ec79276c88e0e48fb7f58
main.tex,81086,fde581fe058e832d85b7abff1786d6bc9b81b654495a86b9b58012c400e9cad4
README.md,2072,db1cc20982ff646e2dd9e1a7ca42bc2fccf1d08466bee7006c67f332522d4ab1
references.bib,15753,4eaa91b2506329574366d62a48a8633b1b984ff408a582749571e7127e12a618
refinement_evidence/baseline/fig12_horizontal_modes.pdf,104554,9b8cad7e8cd31eafc57c69d1e2550669b709e8ef72e45fc6789033395a662fc1
refinement_evidence/baseline/fig16_modal_shares.pdf,171435,b2171f807f86f7f7f1f68edc2270b5203139454771075dab5b8fe1251692f97a
refinement_evidence/baseline/main.pdf,1043311,c646687b6ffffb3e6767aab4107f0220d4c4fe8a8cd8767f735d4862231a8fb3
refinement_evidence/baseline/main.tex,81415,0b9e021dfaa87eb184fdba769cc1b06c7a895d6d9ded20d9546a97a929a6655c
refinement_evidence/code/build_report.py,11920,234e199f6bc287d29af4a39dac73cda923af908424f69881f8fcff591fe3ca4f
refinement_evidence/code/compile_and_verify.py,4621,a7bca8e7a97cf7d9f2bdda169e17b44d6f5f71a2bb9f44a2009fe9c3a930ffa3
refinement_evidence/code/finalize.py,5420,d0550313c7d85acfa0dc5ed667f93f1ebff706d17e59e7b0fbf8a18d6e5f2454
refinement_evidence/code/plot_figure15.py,3668,6873efd07d63b27feb6d21d736f3c9a90913d2ad84beef286fea00b7288c71f5
refinement_evidence/code/plot_figure6.py,4652,7e6e74e30a68d6b324d9bfefb2e105d6ac39ef9eb2bbad13d875dcb60d46320c
refinement_evidence/code/prepare.py,1601,c9e14aacd064885693ade769d0c7fcc9f45d77fbb6428ed31f008746aead0d56
refinement_evidence/code/qa_report.cjs,4133,311ef04e403b9983c37a4dcfd03f1b59a097b74d2421ea192e7f6589afeecf8c
refinement_evidence/code/revise_metric.py,10774,97eafb7986f86bf604a3bd549cae72f3650a8634b2c34e5c98b7818f3cb99763
refinement_evidence/data/actuator_share_deviations.csv,813,b74ce106ac5769c2dfa35a84367f3bf4642c6c3ad2be1b07c70cae23a034f692
refinement_evidence/data/explanation_calculations.json,79593,7a3a6861beb34288ac0c134ae6e302f051666c21841e4ef0e2351c574bb72b07
refinement_evidence/data/layout_figure_manifest.json,8063,5a44efa17f3051f33c398bc71c171c962c11abf18ca5d03bc8f8b8daa1ed0252
refinement_evidence/data/modal_share_deviation.json,3346,5b9fa5f8059cf8011ad4de744cea40f60dc2971c8624c34354a720c9129d8750
refinement_evidence/data/new_actuator_share_contributions.csv,473,fde0e0f311bb5bc5742bd7599116ca4b3b9ca2fbd66af9282685c1b543288f12
refinement_evidence/data/new_horizontal_modes.csv,988,9d64743f987dd4d741f0b21ed5948c7eae2d5bf6023b797e0f568d673ea9d530
refinement_evidence/data/new_modal_shares.csv,2834,1c9f8603bbd6b44391f431cd1044ce41ef01b21d80605250a77c79b015fca6e6
refinement_evidence/data/new_modes_frequencies.csv,880,d9c86dba9eac0339a422e2300bfc345aa954fae8063a64cde7c0321e8da0757f
refinement_evidence/data/new_peak_drift.csv,1240,82d574adda7ec1c10a09dec2423a245f87aebcbf79982dc821dfc6eec5c5df1d
refinement_evidence/main_changes.diff,20684,8ce1b01eb9da699b56d2edbd9122ebfa68b8a52f39861cae34353ee01a9b7b87
refinement_evidence/manuscript_changes.json,8195,3d8eab8caaf2996f5085c2e940c71da5c80d7d723443a665ce6ad6578eced2dc
refinement_evidence/protected_previous.json,17422,26deca4817bcd3931b5a3113e6cb856515ab16c9840f6697e6390cfcc009de70
refinement_evidence/validation/absolute_metric_numeric_checks.json,1133,3d74390d984820daeff318191880e1e5beb9fb8f6fb5258ea4cc883e059278ca
refinement_evidence/validation/compilation_logs/compile_1.log,10635,63287d88a012691a24ff6ab71ffd6a68ef7562be11023ed68b50088606be7026
refinement_evidence/validation/compilation_logs/compile_2.log,163,36d7a18ea0b2e07e89dd669f77a132c79a10d90aa7705580b6561fb0487ea9be
refinement_evidence/validation/compilation_logs/compile_3.log,10635,63287d88a012691a24ff6ab71ffd6a68ef7562be11023ed68b50088606be7026
refinement_evidence/validation/compilation_logs/compile_4.log,10635,63287d88a012691a24ff6ab71ffd6a68ef7562be11023ed68b50088606be7026
refinement_evidence/validation/compilation_logs/main.abs,1859,1c4b1bf3739ed11b10ac761fbf9821261670f9a24ad82e1ab8fb8817bed6a594
refinement_evidence/validation/compilation_logs/main.aux,20676,c8331fffe78e2c86eda1291f6ea215dce2e3416eafafd1fb8524cfad8278ac0e
refinement_evidence/validation/compilation_logs/main.blg,991,4c2b8d2a6a256c76277746fbeb1bcf3458a02bfd50bc52bcacc99806f8d62158
refinement_evidence/validation/compilation_logs/main.log,42528,3b40ca9964fc0cac4d9bc16e38920b6e4793084b4ce53337b6e65eb25e2273d4
refinement_evidence/validation/compilation_logs/main.out,0,e3b0c44298fc1c149afbf4c8996fb92427ae41e4649b934ca495991b7852b855
refinement_evidence/validation/figure15_values.json,4533,6e4f725928de36c9c4e0ce1be6fe675cb47b748effae295b4e321e5db093239c
refinement_evidence/validation/figure6_layout.json,5995,38d5f569a68d51138e3c64524080ec03f6781f9ed312e71a6f3dda0d826ba21c
refinement_evidence/validation/final_acceptance.json,1169,d690e9e70a23fffb88bae73ccc2d887a0ccd4ca6a3965ae72ea208e43ebbb279
refinement_evidence/validation/manuscript_compile.json,4750,42b7b69cf242bc0792f89701c123bb7d1177d2f611b9cbdf109cf92fb7396e06
refinement_evidence/validation/report_browser_checks.json,1084,a53c15616ed3d48e4dfe6958d43fd472a70496c616b1517e31ddb646c1f4326b
refinement_evidence/validation/report_desktop.png,155789,139b0a729a3a062aba8c281a7f708811d616875c676e7c3c9eb902f856e09c5f
refinement_evidence/validation/report_mobile.png,77533,4067b8ef3b56ac149d1480ddbf4d6eb16871cb623c88ec3bf9ea583ecf1275a0
refinement_evidence/validation/report_mobile_metric.png,63233,d4ca4cdc88763f24bf10b58b3ea99d548943d9ffe5d899ea1e1ce5a2e05d8c11
submit_figure/fig01_force_feedback.pdf,92406,20e4d96bbe809a0daf89c2b9b43e2c4973c561cf1a2bf4bf7d75f4292224f467
submit_figure/fig02_geometry.pdf,24392,5bc55cd6892b43d613761d8637370c8ce456ad87ffd981a624ad0e7bf2ea58ab
submit_figure/fig03_dofs.pdf,32748,5733cef2dd958baa673b99f44d1f2764c2a7d4ee6a38dad4846cfc69022695c1
submit_figure/fig04_divisions.pdf,42330,c198830f0245426c5411a3b320aa42ed7b62ef8bf7ce0a7b2e06cad4460496f0
submit_figure/fig06_eq_div1.pdf,156950,d330c293c415309179514169a503f2e7beda8329e1fcfe07f79c5286ca48fff0
submit_figure/fig07_eq_div2.pdf,158583,ca4ae65e23994059a6bb3bb2bb44e11526cac47cc81b2a83775f79760910bc5f
submit_figure/fig08_chirp_div1.pdf,170070,7fbf5443dd6e1cc541c808992df038139828cc1b4757376cc31c6c842f8626fc
submit_figure/fig09_chirp_div2.pdf,172548,3c3eee3d8df36501dc23a4669622eb2336c960cf57db1816500386373145f5cf
submit_figure/fig10_stability_domain.pdf,104941,eea26cefa38b9666aef48c6e9355b8b23c14365f8d0dffbd1e8e2e61646b9847
submit_figure/fig11_excitation.pdf,160677,69d1e5599fc96162762b0e072062bf5f1a43a9263fa9d596c6ce7edfa9699d4e
submit_figure/fig12_horizontal_modes.pdf,169657,6eeb71d9bba5efe7f9359638ffb0b47f4087fdd6fea635833222819d73e55029
submit_figure/fig12_horizontal_modes.png,298957,576c5298f841b2d4ce74e8b31c64cce168df03a42da8cddcc568b91328810920
submit_figure/fig13_middle_eq.pdf,189013,d8902937973e03074c8d9bd9e636e7b6fb921c83b230c35d6bbb268dc5d69656
submit_figure/fig14_middle_chirp.pdf,205383,b65b79b88111ad055499574d17ef31dc64bc3e1416a77ae1fcad8b8c2527e510
submit_figure/fig15_peak_drift.pdf,73606,6f38452b5d0c0463c85a005f2b6289d68b1bfa680c0e64ff17a46b5f61f049b5
submit_figure/fig15_peak_drift.png,235651,b52d13d7aa9c6de2549a85e715e3dc32560ba26f7fb0cc7ec5e367fd6070820c
submit_figure/fig16_modal_shares.pdf,140932,9bf316744d6ae9d72dfa4c9f3255bc178b90b42f42ef65c67243971e2a4ca315
submit_figure/fig16_modal_shares.png,396489,641b7ee5467fec57ccca284a2be68c9fadd655e5fe5e6c905864f143548aa252
supplementary_data/C_full.csv,2065,1ae2f4a6dfa1a72a1eb1906448b3b837c179537faa396296b14e81986c393d36
supplementary_data/division_I_matrices.mat,10976,366a7a3b8cb770a631f1876c446b5139ad0104202e1be091f2278805e92da088
supplementary_data/division_II_matrices.mat,10064,0c222c211953aa6813c354f93fb3c00afab077bb7afab08f37c9f63070c601cc
supplementary_data/EQ.mat,19354,f0292ef78e5b3fa585931f382bdfbf325fbc2e79dda55ed4fc97568a3344f9c9
supplementary_data/K_full.csv,2066,0d383afaad3697ddd60537ba4ffd345b35ef4949edd7fdcf23b7326aaadc70b8
supplementary_data/M_full.csv,720,683654b25f2911259283f1e4c76c809c24cb3043bac6c2136173f85d389c8ac8
supplementary_data/README.txt,623,97a80286c1867b883e2ef9fe747adf7e2c2055774e2c128c18c7dc5a787d4328
supplementary_data/response_division_1_chirp.csv,7254991,2fdc6b5bf3b48118a51dd147ece32b6711cefdcd702d88eec64cfc4e6a13df49
supplementary_data/response_division_1_eq.csv,6584073,e7149dd6777b2127527393ce1d7b126b040576f0a535618be33e882738acfc40
supplementary_data/response_division_2_chirp.csv,7248756,88919c2afa4fc431edb08772a1dcb091b6d8dc1445253c0a4d30334223040457
supplementary_data/response_division_2_eq.csv,6589237,2899dfd2c03b22aaee701c7e4b3b70e40d49668531bb6734fa6b52e8246b5e5d
图6排版与图15变化幅度指标修改汇报.html,947576,70abf51a4bf6db823c296c3e09ff025c3d6e625f1265a94d4c6ac35d63e3996b
