division,method,route,mode,coordinate_dimension,mac_value,paper_value,printed_decimals,rounded_value,absolute_difference,rounded_match,interpretation
1,Guyan,boundary_correct_master,1,6,0.9999966585085782,1.0,4,1.0,3.3414914217821945e-06,True,作者脚本意图：只比较正确顺序保留坐标
1,Guyan,full_recovery_euclidean,1,15,0.9999834628209845,1.0,4,1.0,1.6537179015507775e-05,True,必要适配：恢复到完整15维后普通欧氏MAC
1,Guyan,full_recovery_mass_weighted,1,15,0.9999980438597441,1.0,4,1.0,1.9561402558876395e-06,True,候选：恢复到完整15维后以完整质量矩阵加权
1,Guyan,three_floor_euclidean,1,3,0.999998662337927,1.0,4,1.0,1.3376620729976807e-06,True,候选：只比较三层水平位移
1,Guyan,first_two_boundary_euclidean,1,2,0.999999382533024,1.0,4,1.0,6.174669759939633e-07,True,motai2.m候选：只比较前两个保留坐标
1,Guyan,script_literal_wrong_order,1,6,0.9044045658695381,1.0,4,0.9044,0.0955954341304619,False,MAC.m字面顺序：交换自然自由度6与11
1,Guyan,boundary_correct_master,2,6,0.9997727680699968,0.9998,4,0.9998,2.723193000320201e-05,True,作者脚本意图：只比较正确顺序保留坐标
1,Guyan,full_recovery_euclidean,2,15,0.9963470218354122,0.9998,4,0.9963,0.0034529781645877833,False,必要适配：恢复到完整15维后普通欧氏MAC
1,Guyan,full_recovery_mass_weighted,2,15,0.9985134644872435,0.9998,4,0.9985,0.0012865355127564815,False,候选：恢复到完整15维后以完整质量矩阵加权
1,Guyan,three_floor_euclidean,2,3,0.9994211273446918,0.9998,4,0.9994,0.00037887265530822667,False,候选：只比较三层水平位移
1,Guyan,first_two_boundary_euclidean,2,2,0.9993711455239381,0.9998,4,0.9994,0.00042885447606189064,False,motai2.m候选：只比较前两个保留坐标
1,Guyan,script_literal_wrong_order,2,6,0.5456406252565219,0.9998,4,0.5456,0.4541593747434781,False,MAC.m字面顺序：交换自然自由度6与11
1,Craig-Bampton,boundary_correct_master,1,6,0.9999999999676727,1.0,4,1.0,3.232725198643038e-11,True,作者脚本意图：只比较正确顺序保留坐标
1,Craig-Bampton,full_recovery_euclidean,1,15,0.9999957679870735,1.0,4,1.0,4.232012926541628e-06,True,必要适配：恢复到完整15维后普通欧氏MAC
1,Craig-Bampton,full_recovery_mass_weighted,1,15,0.9999997907448774,1.0,4,1.0,2.0925512256297907e-07,True,候选：恢复到完整15维后以完整质量矩阵加权
1,Craig-Bampton,three_floor_euclidean,1,3,0.9999999999858691,1.0,4,1.0,1.4130918657428992e-11,True,候选：只比较三层水平位移
1,Craig-Bampton,first_two_boundary_euclidean,1,2,0.999999999988463,1.0,4,1.0,1.1536993582694777e-11,True,motai2.m候选：只比较前两个保留坐标
1,Craig-Bampton,script_literal_wrong_order,1,6,0.9039832906282176,1.0,4,0.904,0.09601670937178242,False,MAC.m字面顺序：交换自然自由度6与11
1,Craig-Bampton,boundary_correct_master,2,6,0.9999996674405369,1.0,4,1.0,3.3255946307875206e-07,True,作者脚本意图：只比较正确顺序保留坐标
1,Craig-Bampton,full_recovery_euclidean,2,15,0.998705423413839,1.0,4,0.9987,0.0012945765861609448,False,必要适配：恢复到完整15维后普通欧氏MAC
1,Craig-Bampton,full_recovery_mass_weighted,2,15,0.9996049227564522,1.0,4,0.9996,0.0003950772435478145,False,候选：恢复到完整15维后以完整质量矩阵加权
1,Craig-Bampton,three_floor_euclidean,2,3,0.9999995437907818,1.0,4,1.0,4.562092181803479e-07,True,候选：只比较三层水平位移
1,Craig-Bampton,first_two_boundary_euclidean,2,2,0.9999997236328685,1.0,4,1.0,2.763671315131333e-07,True,motai2.m候选：只比较前两个保留坐标
1,Craig-Bampton,script_literal_wrong_order,2,6,0.537596638017338,1.0,4,0.5376,0.46240336198266196,False,MAC.m字面顺序：交换自然自由度6与11
2,Guyan,boundary_correct_master,1,5,0.9961675456844347,0.9962,4,0.9962,3.24543155653112e-05,True,作者脚本意图：只比较正确顺序保留坐标
2,Guyan,full_recovery_euclidean,1,15,0.9929558472167027,0.9962,4,0.993,0.0032441527832972605,False,必要适配：恢复到完整15维后普通欧氏MAC
2,Guyan,full_recovery_mass_weighted,1,15,0.9986588389111934,0.9962,4,0.9987,0.0024588389111934728,False,候选：恢复到完整15维后以完整质量矩阵加权
2,Guyan,three_floor_euclidean,1,3,0.9988336412121096,0.9962,4,0.9988,0.0026336412121096275,False,候选：只比较三层水平位移
2,Guyan,first_two_boundary_euclidean,1,2,0.9995078162170097,0.9962,4,0.9995,0.003307816217009707,False,motai2.m候选：只比较前两个保留坐标
2,Guyan,script_literal_wrong_order,1,6,nan,0.9962,4,nan,nan,False,FAIL_DIMENSION_AND_NMODES：脚本6坐标/6阶，第二类Guyan仅5维
2,Guyan,boundary_correct_master,2,5,0.9254993073696836,0.9255,4,0.9255,6.926303164345171e-07,True,作者脚本意图：只比较正确顺序保留坐标
2,Guyan,full_recovery_euclidean,2,15,0.9293786723279209,0.9255,4,0.9294,0.00387867232792094,False,必要适配：恢复到完整15维后普通欧氏MAC
2,Guyan,full_recovery_mass_weighted,2,15,0.8535487477165211,0.9255,4,0.8535,0.07195125228347887,False,候选：恢复到完整15维后以完整质量矩阵加权
2,Guyan,three_floor_euclidean,2,3,0.851121575725397,0.9255,4,0.8511,0.07437842427460295,False,候选：只比较三层水平位移
2,Guyan,first_two_boundary_euclidean,2,2,0.7778766094831064,0.9255,4,0.7779,0.14762339051689355,False,motai2.m候选：只比较前两个保留坐标
2,Guyan,script_literal_wrong_order,2,6,nan,0.9255,4,nan,nan,False,FAIL_DIMENSION_AND_NMODES：脚本6坐标/6阶，第二类Guyan仅5维
2,Craig-Bampton,boundary_correct_master,1,5,0.9999999998170523,1.0,4,1.0,1.8294765702364657e-10,True,作者脚本意图：只比较正确顺序保留坐标
2,Craig-Bampton,full_recovery_euclidean,1,15,0.9998701661143491,1.0,4,0.9999,0.00012983388565090959,False,必要适配：恢复到完整15维后普通欧氏MAC
2,Craig-Bampton,full_recovery_mass_weighted,1,15,0.9999961619691875,1.0,4,1.0,3.8380308124974505e-06,True,候选：恢复到完整15维后以完整质量矩阵加权
2,Craig-Bampton,three_floor_euclidean,1,3,0.9999996274165286,1.0,4,1.0,3.7258347140856074e-07,True,候选：只比较三层水平位移
2,Craig-Bampton,first_two_boundary_euclidean,1,2,0.9999999999994388,1.0,4,1.0,5.612177389480166e-13,True,motai2.m候选：只比较前两个保留坐标
2,Craig-Bampton,script_literal_wrong_order,1,6,nan,1.0,4,nan,nan,False,FAIL_DIMENSION_AND_NMODES：脚本6坐标/6阶，第二类Guyan仅5维
2,Craig-Bampton,boundary_correct_master,2,5,0.9999997834110754,0.9998,4,1.0,0.00019978341107540487,False,作者脚本意图：只比较正确顺序保留坐标
2,Craig-Bampton,full_recovery_euclidean,2,15,0.9990660827928824,0.9998,4,0.9991,0.0007339172071175737,False,必要适配：恢复到完整15维后普通欧氏MAC
2,Craig-Bampton,full_recovery_mass_weighted,2,15,0.9998368338569095,0.9998,4,0.9998,3.683385690944618e-05,True,候选：恢复到完整15维后以完整质量矩阵加权
2,Craig-Bampton,three_floor_euclidean,2,3,0.9999992719377496,0.9998,4,1.0,0.00019927193774960106,False,候选：只比较三层水平位移
2,Craig-Bampton,first_two_boundary_euclidean,2,2,0.9999988858407526,0.9998,4,1.0,0.00019888584075256066,False,motai2.m候选：只比较前两个保留坐标
2,Craig-Bampton,script_literal_wrong_order,2,6,nan,0.9998,4,nan,nan,False,FAIL_DIMENSION_AND_NMODES：脚本6坐标/6阶，第二类Guyan仅5维
