candidate_route,model_scope,admissible_model_scope,method,mode,mac_route,paper_division_compared,mac_value,paper_value,rounded_value,rounded_match,absolute_difference,source_evidence
phy_full_master_1_6_4_9_11,完整15自由度替代主自由度集合,True,Guyan,1,boundary_correct_master,1,0.9999972851530063,1.0,1.0,True,2.71484699365665e-06,input/documented_alternatives/phy.m:39-54；源码仅有Guyan
phy_full_master_1_6_4_9_11,完整15自由度替代主自由度集合,True,Guyan,1,full_recovery_euclidean,1,0.9999741310396774,1.0,1.0,True,2.586896032263919e-05,input/documented_alternatives/phy.m:39-54；源码仅有Guyan
phy_full_master_1_6_4_9_11,完整15自由度替代主自由度集合,True,Guyan,1,boundary_correct_master,2,0.9999972851530063,0.9962,1.0,False,0.003797285153006369,input/documented_alternatives/phy.m:39-54；源码仅有Guyan
phy_full_master_1_6_4_9_11,完整15自由度替代主自由度集合,True,Guyan,1,full_recovery_euclidean,2,0.9999741310396774,0.9962,1.0,False,0.0037741310396773864,input/documented_alternatives/phy.m:39-54；源码仅有Guyan
phy_full_master_1_6_4_9_11,完整15自由度替代主自由度集合,True,Guyan,2,boundary_correct_master,1,0.9978597045111943,0.9998,0.9979,False,0.001940295488805699,input/documented_alternatives/phy.m:39-54；源码仅有Guyan
phy_full_master_1_6_4_9_11,完整15自由度替代主自由度集合,True,Guyan,2,full_recovery_euclidean,1,0.9954556229470596,0.9998,0.9955,False,0.00434437705294044,input/documented_alternatives/phy.m:39-54；源码仅有Guyan
phy_full_master_1_6_4_9_11,完整15自由度替代主自由度集合,True,Guyan,2,boundary_correct_master,2,0.9978597045111943,0.9255,0.9979,False,0.07235970451119433,input/documented_alternatives/phy.m:39-54；源码仅有Guyan
phy_full_master_1_6_4_9_11,完整15自由度替代主自由度集合,True,Guyan,2,full_recovery_euclidean,2,0.9954556229470596,0.9255,0.9955,False,0.06995562294705959,input/documented_alternatives/phy.m:39-54；源码仅有Guyan
energy_three_floor_master_1_6_11,完整15自由度替代主自由度集合,True,Guyan,1,boundary_correct_master,1,0.9999976209624325,1.0,1.0,True,2.379037567501463e-06,input/documented_alternatives/PDmonicanshu_energy.m:190-235；CB固定界面模态r=3
energy_three_floor_master_1_6_11,完整15自由度替代主自由度集合,True,Guyan,1,full_recovery_euclidean,1,0.9999769919566222,1.0,1.0,True,2.3008043377847898e-05,input/documented_alternatives/PDmonicanshu_energy.m:190-235；CB固定界面模态r=3
energy_three_floor_master_1_6_11,完整15自由度替代主自由度集合,True,Guyan,1,boundary_correct_master,2,0.9999976209624325,0.9962,1.0,False,0.003797620962432524,input/documented_alternatives/PDmonicanshu_energy.m:190-235；CB固定界面模态r=3
energy_three_floor_master_1_6_11,完整15自由度替代主自由度集合,True,Guyan,1,full_recovery_euclidean,2,0.9999769919566222,0.9962,1.0,False,0.0037769919566221777,input/documented_alternatives/PDmonicanshu_energy.m:190-235；CB固定界面模态r=3
energy_three_floor_master_1_6_11,完整15自由度替代主自由度集合,True,Guyan,2,boundary_correct_master,1,0.9989563640415218,0.9998,0.999,False,0.0008436359584782505,input/documented_alternatives/PDmonicanshu_energy.m:190-235；CB固定界面模态r=3
energy_three_floor_master_1_6_11,完整15自由度替代主自由度集合,True,Guyan,2,full_recovery_euclidean,1,0.9974940636846029,0.9998,0.9975,False,0.0023059363153971058,input/documented_alternatives/PDmonicanshu_energy.m:190-235；CB固定界面模态r=3
energy_three_floor_master_1_6_11,完整15自由度替代主自由度集合,True,Guyan,2,boundary_correct_master,2,0.9989563640415218,0.9255,0.999,False,0.07345636404152178,input/documented_alternatives/PDmonicanshu_energy.m:190-235；CB固定界面模态r=3
energy_three_floor_master_1_6_11,完整15自由度替代主自由度集合,True,Guyan,2,full_recovery_euclidean,2,0.9974940636846029,0.9255,0.9975,False,0.07199406368460293,input/documented_alternatives/PDmonicanshu_energy.m:190-235；CB固定界面模态r=3
energy_three_floor_master_1_6_11,完整15自由度替代主自由度集合,True,Craig-Bampton,1,boundary_correct_master,1,0.9999999999280396,1.0,1.0,True,7.196043760870907e-11,input/documented_alternatives/PDmonicanshu_energy.m:190-235；CB固定界面模态r=3
energy_three_floor_master_1_6_11,完整15自由度替代主自由度集合,True,Craig-Bampton,1,full_recovery_euclidean,1,0.9999944167964206,1.0,1.0,True,5.58320357935127e-06,input/documented_alternatives/PDmonicanshu_energy.m:190-235；CB固定界面模态r=3
energy_three_floor_master_1_6_11,完整15自由度替代主自由度集合,True,Craig-Bampton,1,boundary_correct_master,2,0.9999999999280396,1.0,1.0,True,7.196043760870907e-11,input/documented_alternatives/PDmonicanshu_energy.m:190-235；CB固定界面模态r=3
energy_three_floor_master_1_6_11,完整15自由度替代主自由度集合,True,Craig-Bampton,1,full_recovery_euclidean,2,0.9999944167964206,1.0,1.0,True,5.58320357935127e-06,input/documented_alternatives/PDmonicanshu_energy.m:190-235；CB固定界面模态r=3
energy_three_floor_master_1_6_11,完整15自由度替代主自由度集合,True,Craig-Bampton,2,boundary_correct_master,1,0.999992328732473,1.0,1.0,True,7.671267526987435e-06,input/documented_alternatives/PDmonicanshu_energy.m:190-235；CB固定界面模态r=3
energy_three_floor_master_1_6_11,完整15自由度替代主自由度集合,True,Craig-Bampton,2,full_recovery_euclidean,1,0.9989719262763814,1.0,0.999,False,0.0010280737236185722,input/documented_alternatives/PDmonicanshu_energy.m:190-235；CB固定界面模态r=3
energy_three_floor_master_1_6_11,完整15自由度替代主自由度集合,True,Craig-Bampton,2,boundary_correct_master,2,0.999992328732473,0.9998,1.0,False,0.00019232873247299054,input/documented_alternatives/PDmonicanshu_energy.m:190-235；CB固定界面模态r=3
energy_three_floor_master_1_6_11,完整15自由度替代主自由度集合,True,Craig-Bampton,2,full_recovery_euclidean,2,0.9989719262763814,0.9998,0.999,False,0.0008280737236185942,input/documented_alternatives/PDmonicanshu_energy.m:190-235；CB固定界面模态r=3
pd2_local_physical,局部物理子结构PD2_6自由度,False,Guyan,1,boundary_correct_master,1,0.9999878772511478,1.0,1.0,True,1.2122748852205767e-05,input/documented_alternatives/PDmonicanshu2.m:123-165
pd2_local_physical,局部物理子结构PD2_6自由度,False,Guyan,1,full_recovery_euclidean,1,0.9998746608704551,1.0,0.9999,False,0.00012533912954493243,input/documented_alternatives/PDmonicanshu2.m:123-165
pd2_local_physical,局部物理子结构PD2_6自由度,False,Guyan,1,boundary_correct_master,2,0.9999878772511478,0.9962,1.0,False,0.00378787725114782,input/documented_alternatives/PDmonicanshu2.m:123-165
pd2_local_physical,局部物理子结构PD2_6自由度,False,Guyan,1,full_recovery_euclidean,2,0.9998746608704551,0.9962,0.9999,False,0.003674660870455093,input/documented_alternatives/PDmonicanshu2.m:123-165
pd2_local_physical,局部物理子结构PD2_6自由度,False,Guyan,2,boundary_correct_master,1,0.9937783995360778,0.9998,0.9938,False,0.006021600463922194,input/documented_alternatives/PDmonicanshu2.m:123-165
pd2_local_physical,局部物理子结构PD2_6自由度,False,Guyan,2,full_recovery_euclidean,1,0.9868572076576979,0.9998,0.9869,False,0.012942792342302112,input/documented_alternatives/PDmonicanshu2.m:123-165
pd2_local_physical,局部物理子结构PD2_6自由度,False,Guyan,2,boundary_correct_master,2,0.9937783995360778,0.9255,0.9938,False,0.06827839953607784,input/documented_alternatives/PDmonicanshu2.m:123-165
pd2_local_physical,局部物理子结构PD2_6自由度,False,Guyan,2,full_recovery_euclidean,2,0.9868572076576979,0.9255,0.9869,False,0.06135720765769792,input/documented_alternatives/PDmonicanshu2.m:123-165
pd2_local_physical,局部物理子结构PD2_6自由度,False,Craig-Bampton,1,boundary_correct_master,1,0.9999999997775709,1.0,1.0,True,2.22429075158459e-10,input/documented_alternatives/PDmonicanshu2.m:123-165
pd2_local_physical,局部物理子结构PD2_6自由度,False,Craig-Bampton,1,full_recovery_euclidean,1,0.9999791526998443,1.0,1.0,True,2.0847300155724113e-05,input/documented_alternatives/PDmonicanshu2.m:123-165
pd2_local_physical,局部物理子结构PD2_6自由度,False,Craig-Bampton,1,boundary_correct_master,2,0.9999999997775709,1.0,1.0,True,2.22429075158459e-10,input/documented_alternatives/PDmonicanshu2.m:123-165
pd2_local_physical,局部物理子结构PD2_6自由度,False,Craig-Bampton,1,full_recovery_euclidean,2,0.9999791526998443,1.0,1.0,True,2.0847300155724113e-05,input/documented_alternatives/PDmonicanshu2.m:123-165
pd2_local_physical,局部物理子结构PD2_6自由度,False,Craig-Bampton,2,boundary_correct_master,1,0.9999823914778764,1.0,1.0,True,1.7608522123624404e-05,input/documented_alternatives/PDmonicanshu2.m:123-165
pd2_local_physical,局部物理子结构PD2_6自由度,False,Craig-Bampton,2,full_recovery_euclidean,1,0.99907754469665,1.0,0.9991,False,0.0009224553033500005,input/documented_alternatives/PDmonicanshu2.m:123-165
pd2_local_physical,局部物理子结构PD2_6自由度,False,Craig-Bampton,2,boundary_correct_master,2,0.9999823914778764,0.9998,1.0,False,0.00018239147787635357,input/documented_alternatives/PDmonicanshu2.m:123-165
pd2_local_physical,局部物理子结构PD2_6自由度,False,Craig-Bampton,2,full_recovery_euclidean,2,0.99907754469665,0.9998,0.9991,False,0.0007224553033500225,input/documented_alternatives/PDmonicanshu2.m:123-165
pd3_local_physical,局部物理子结构PD3_9自由度,False,Guyan,1,boundary_correct_master,1,0.9995596856812529,1.0,0.9996,False,0.000440314318747137,input/documented_alternatives/PDmonicanshu3.m:124-166
pd3_local_physical,局部物理子结构PD3_9自由度,False,Guyan,1,full_recovery_euclidean,1,0.9946522860092869,1.0,0.9947,False,0.005347713990713099,input/documented_alternatives/PDmonicanshu3.m:124-166
pd3_local_physical,局部物理子结构PD3_9自由度,False,Guyan,1,boundary_correct_master,2,0.9995596856812529,0.9962,0.9996,False,0.0033596856812528886,input/documented_alternatives/PDmonicanshu3.m:124-166
pd3_local_physical,局部物理子结构PD3_9自由度,False,Guyan,1,full_recovery_euclidean,2,0.9946522860092869,0.9962,0.9947,False,0.0015477139907130733,input/documented_alternatives/PDmonicanshu3.m:124-166
pd3_local_physical,局部物理子结构PD3_9自由度,False,Guyan,2,boundary_correct_master,1,0.7739287438606255,0.9998,0.7739,False,0.22587125613937453,input/documented_alternatives/PDmonicanshu3.m:124-166
pd3_local_physical,局部物理子结构PD3_9自由度,False,Guyan,2,full_recovery_euclidean,1,0.9144971656230639,0.9998,0.9145,False,0.08530283437693609,input/documented_alternatives/PDmonicanshu3.m:124-166
pd3_local_physical,局部物理子结构PD3_9自由度,False,Guyan,2,boundary_correct_master,2,0.7739287438606255,0.9255,0.7739,False,0.1515712561393745,input/documented_alternatives/PDmonicanshu3.m:124-166
pd3_local_physical,局部物理子结构PD3_9自由度,False,Guyan,2,full_recovery_euclidean,2,0.9144971656230639,0.9255,0.9145,False,0.011002834376936055,input/documented_alternatives/PDmonicanshu3.m:124-166
pd3_local_physical,局部物理子结构PD3_9自由度,False,Craig-Bampton,1,boundary_correct_master,1,0.999999999814935,1.0,1.0,True,1.850649633539092e-10,input/documented_alternatives/PDmonicanshu3.m:124-166
pd3_local_physical,局部物理子结构PD3_9自由度,False,Craig-Bampton,1,full_recovery_euclidean,1,0.9999782914269661,1.0,1.0,True,2.1708573033851764e-05,input/documented_alternatives/PDmonicanshu3.m:124-166
pd3_local_physical,局部物理子结构PD3_9自由度,False,Craig-Bampton,1,boundary_correct_master,2,0.999999999814935,1.0,1.0,True,1.850649633539092e-10,input/documented_alternatives/PDmonicanshu3.m:124-166
pd3_local_physical,局部物理子结构PD3_9自由度,False,Craig-Bampton,1,full_recovery_euclidean,2,0.9999782914269661,1.0,1.0,True,2.1708573033851764e-05,input/documented_alternatives/PDmonicanshu3.m:124-166
pd3_local_physical,局部物理子结构PD3_9自由度,False,Craig-Bampton,2,boundary_correct_master,1,0.9999929963715107,1.0,1.0,True,7.003628489266056e-06,input/documented_alternatives/PDmonicanshu3.m:124-166
pd3_local_physical,局部物理子结构PD3_9自由度,False,Craig-Bampton,2,full_recovery_euclidean,1,0.999752508575783,1.0,0.9998,False,0.00024749142421698345,input/documented_alternatives/PDmonicanshu3.m:124-166
pd3_local_physical,局部物理子结构PD3_9自由度,False,Craig-Bampton,2,boundary_correct_master,2,0.9999929963715107,0.9998,1.0,False,0.00019299637151071192,input/documented_alternatives/PDmonicanshu3.m:124-166
pd3_local_physical,局部物理子结构PD3_9自由度,False,Craig-Bampton,2,full_recovery_euclidean,2,0.999752508575783,0.9998,0.9998,True,4.7491424217005473e-05,input/documented_alternatives/PDmonicanshu3.m:124-166
