l,j,seed_source,seed_value,dps,status,refined_root_decimal,scaled_determinant_abs_decimal,newton_correction_abs_decimal,failure
11,39,MATLAB_STEP4,1.0163977217624076,80,PASS,1.0163977217626663127881057483999553637624735818848703272868337423880823165518793,1.0711288683466526889e-93,1.2008632705688158992e-79,
11,39,PYTHON_STEP5_COMPACT,1.0163977557490909,80,PASS,1.0163977217626663127881057483999553637624735818848703272868337423880823165518793,1.0711288683466526889e-93,1.2008632705688158992e-79,
11,39,FULL_Q,1.0163977217627955,80,PASS,1.0163977217626663127881057483999553637624735818848703272868337423880823165518793,1.0711288683466526889e-93,1.2008632705688158992e-79,
11,39,FULL_Q,1.0163977217627955,120,PASS,1.0163977217626663127881057483999553637624735818848703272868337423880823165518789432357190323982430078998044083,6.0629073310797946176e-133,6.7972425558787670273e-119,
23,41,MATLAB_STEP4,1.0167482880062317,80,PASS,1.0167482880058056384888794020162950634548965552089801746498786652227274888408768,4.2035436359257831171e-93,2.6804355695568715707e-79,
23,41,PYTHON_STEP5_COMPACT,1.0167483091485336,80,PASS,1.0167482880058056384888794020162950634548965552089801746498786652227274888408768,4.2035436359257831171e-93,2.6804355695568715707e-79,
23,41,FULL_Q,1.0167482880056318,80,PASS,1.0167482880058056384888794020162950634548965552089801746498786652227274888408768,4.2035436359257831171e-93,2.6804355695568715707e-79,
23,41,FULL_Q,1.0167482880056318,120,PASS,1.0167482880058056384888794020162950634548965552089801746498786652227274888408765649813766922867328330281794189,0,0.0,
15,40,MATLAB_STEP4,1.0181382838457822,80,PASS,1.0181382838458045006828172376568124729018844258883313718769750254226438673191988,0,0.0,
15,40,PYTHON_STEP5_COMPACT,1.0181382983256464,80,PASS,1.0181382838458045006828172376568124729018844258883313718769750254226438673191988,0,0.0,
15,40,FULL_Q,1.0181382838458142,80,PASS,1.0181382838458045006828172376568124729018844258883313718769750254226438673191988,0,0.0,
15,40,FULL_Q,1.0181382838458142,120,PASS,1.0181382838458045006828172376568124729018844258883313718769750254226438673191987008361310332676998328263881693,5.6607227859213526267e-133,1.4297741146119091515e-119,
28,43,MATLAB_STEP4,1.0200476120122581,80,PASS,1.0200476120122019455367451812547842376299341603287127706955797149760960467767693,5.604658734830133643e-93,8.4672687443594275987e-80,
28,43,PYTHON_STEP5_COMPACT,1.0200476242830934,80,PASS,1.0200476120122019455367451812547842376299341603287127706955797149760960467767693,5.604658734830133643e-93,8.4672687443594275987e-80,
28,43,FULL_Q,1.0200476120122186,80,PASS,1.0200476120122019455367451812547842376299341603287127706955797149760960467767693,5.604658734830133643e-93,8.4672687443594275987e-80,
28,43,FULL_Q,1.0200476120122186,120,PASS,1.0200476120122019455367451812547842376299341603287127706955797149760960467767692972789382413293484896320038593,2.463311710290558589e-133,3.7214615981056629376e-120,
