l,j,source,rho,dominant_root_real,dominant_root_imag,dominant_polynomial_residual,dominant_laurent_residual,nearest_root_distance,dominant_modulus_gap,eigenvalue_condition_number,stable
11,39,MATLAB_STEP4,1.0163977217624076,1.0163977217624076,0,3.2397810765269033e-16,NaN,0.00095323171530359296,0.00095323171530359296,NaN,FALSE
11,39,PYTHON_STEP5_COMPACT,1.0163977557490909,1.0163977557490909,0,9.7307806576712211e-12,9.4603105973009974e-12,0.0009532999857435609,0.0009532999857435609,59765735204.374794,FALSE
11,39,TARGETED_FULL_Q_ALL_ROOTS_RETAINED,1.0163977217627955,1.0163977217627955,0,4.667943381176875e-17,2.1976271947326732e-16,0.0009532317160738657,0.0009532317160738657,4331.8963994335927,FALSE
11,39,MPMATH_120DPS_NONLINEAR_REFINEMENT,1.0163977217626663,1.0163977217626663,0,NaN,NaN,0.0009532317160738657,0.0009532317160738657,NaN,FALSE
23,41,MATLAB_STEP4,1.0167482880062317,1.0167482880062317,0,2.4976740108047733e-16,NaN,0.0018196996517951813,0.0018196996517951813,NaN,FALSE
23,41,PYTHON_STEP5_COMPACT,1.0167483091485336,1.0167483091485336,0,1.1986135594633266e-11,1.1652825161393472e-11,0.0018197420772105843,0.0018197420772105843,32476735251.396992,FALSE
23,41,TARGETED_FULL_Q_ALL_ROOTS_RETAINED,1.0167482880056318,1.0167482880056318,0,1.6497545018110716e-16,3.5292051801916152e-16,0.0018196996505948082,0.0018196996505948082,2264.0418277723188,FALSE
23,41,MPMATH_120DPS_NONLINEAR_REFINEMENT,1.0167482880058056,1.0167482880058056,0,NaN,NaN,0.0018196996505948082,0.0018196996505948082,NaN,FALSE
15,40,MATLAB_STEP4,1.0181382838457822,1.0181382838457822,0,1.1749055153265992e-16,NaN,0.004341982319191473,0.0041620860648130531,NaN,FALSE
15,40,PYTHON_STEP5_COMPACT,1.0181382983256464,1.0181382983256464,0,1.8187653480426222e-11,1.7682462501023591e-11,0.0043420114398324827,0.0041621006316965303,13106374130.105927,FALSE
15,40,TARGETED_FULL_Q_ALL_ROOTS_RETAINED,1.0181382838458142,1.0181382838458142,0,1.8817778663240174e-17,2.8227839648940476e-16,0.0043419823192536455,0.0041620860648499125,928.25663760320845,FALSE
15,40,MPMATH_120DPS_NONLINEAR_REFINEMENT,1.0181382838458044,1.0181382838458044,0,NaN,NaN,0.0043419823192536455,0.0041620860648499125,NaN,FALSE
28,43,MATLAB_STEP4,1.0200476120122581,1.0200476120122581,0,9.8248125085307947e-17,NaN,0.0079387012727629713,0.0079387012727629713,NaN,FALSE
28,43,PYTHON_STEP5_COMPACT,1.0200476242830934,1.0200476242830934,0,3.0251662839901941e-11,2.94115572840817e-11,0.0079387263893755389,0.0079387263893755389,7339590893.8519907,FALSE
28,43,TARGETED_FULL_Q_ALL_ROOTS_RETAINED,1.0200476120122186,1.0200476120122186,0,6.4898927565432191e-17,2.0601539483717488e-16,0.0079387012726728212,0.0079387012726728212,492.99549077180797,FALSE
28,43,MPMATH_120DPS_NONLINEAR_REFINEMENT,1.020047612012202,1.020047612012202,0,NaN,NaN,0.0079387012726728212,0.0079387012726728212,NaN,FALSE
