role,path,bytes,sha256
code,D:\JZ_PhD\10_论文_Papers\Li\RHTS\liangyustability-master\figure\图10_计算级精准复现_隔离派生_20260901\cases\case_fig10_v1_来源约束参数反演\code\run_fig10_blind_search.py,24121,80D1BBE2F3DC49AFFDAF77DE619104BD582705AB344D96C48E6C9D6A8EBEDC6B
code,D:\JZ_PhD\10_论文_Papers\Li\RHTS\liangyustability-master\figure\图10_计算级精准复现_隔离派生_20260901\cases\case_fig10_v1_来源约束参数反演\code\fig10_blind_core.py,22494,9F001CD1E57F8909070295EBC8E265B2CE6619784EE1ADDA75F762B49B377411
input_manifest,D:\JZ_PhD\10_论文_Papers\Li\RHTS\liangyustability-master\figure\图10_计算级精准复现_隔离派生_20260901\cases\case_fig10_v1_来源约束参数反演\data\blind_manifests\gain_scale_1_source_anchor\B3.json,25265,9A67EAC03E084C183D5145239A6857F67F1577B7A6C9D4DE1B2105C527D16646
operator_bundle,D:\JZ_PhD\10_论文_Papers\Li\RHTS\liangyustability-master\figure\图10_计算级精准复现_隔离派生_20260901\cases\case_fig10_v1_来源约束参数反演\data\numeric_bundles\gain_scale_1_source_anchor\new_route_bundles\B2_D1_Original.mat,15368,92AEEA7E549D8630CEB1D7395ADD1575B22AFDF1226B493061B16362CB6E42ED
operator_bundle,D:\JZ_PhD\10_论文_Papers\Li\RHTS\liangyustability-master\figure\图10_计算级精准复现_隔离派生_20260901\cases\case_fig10_v1_来源约束参数反演\data\numeric_bundles\gain_scale_1_source_anchor\new_route_bundles\B2_D1_Craig_Bampton.mat,16631,37AC8E2B26D19AB01993BBB652891C982DBE7ACA3BE85DE8E1641D9CCA1B4E51
operator_bundle,D:\JZ_PhD\10_论文_Papers\Li\RHTS\liangyustability-master\figure\图10_计算级精准复现_隔离派生_20260901\cases\case_fig10_v1_来源约束参数反演\data\numeric_bundles\gain_scale_1_source_anchor\new_route_bundles\B2_D1_Guyan.mat,11954,FA8DE5D7FD3B5EB65A24C0188D2CD164EF4D3E21B864442754DC27F3C0954E51
operator_bundle,D:\JZ_PhD\10_论文_Papers\Li\RHTS\liangyustability-master\figure\图10_计算级精准复现_隔离派生_20260901\cases\case_fig10_v1_来源约束参数反演\data\numeric_bundles\gain_scale_1_source_anchor\new_route_bundles\B3_D2_Original.mat,15599,D386E1BC9C735DF13B27DBA35A64C7009CBE29965FF275E22A0C6D2DC160D4E5
operator_bundle,D:\JZ_PhD\10_论文_Papers\Li\RHTS\liangyustability-master\figure\图10_计算级精准复现_隔离派生_20260901\cases\case_fig10_v1_来源约束参数反演\data\numeric_bundles\gain_scale_1_source_anchor\new_route_bundles\B3_D2_Craig_Bampton.mat,15539,373C01CA13D91DB7F26AC9B8E84D363BDDDC5AAA20AB4FD6F90890EA876B89CD
operator_bundle,D:\JZ_PhD\10_论文_Papers\Li\RHTS\liangyustability-master\figure\图10_计算级精准复现_隔离派生_20260901\cases\case_fig10_v1_来源约束参数反演\data\numeric_bundles\gain_scale_1_source_anchor\new_route_bundles\B3_D2_Guyan.mat,11174,D07D242891DB07B3B5BE05FD91D7F254C1E3870DAF26C3C70A5F4EF7B6738BB0
output,D:\JZ_PhD\10_论文_Papers\Li\RHTS\liangyustability-master\figure\图10_计算级精准复现_隔离派生_20260901\cases\case_fig10_v1_来源约束参数反演\checkpoints\stage2_sparse_gain_scale_1_source_anchor\B3\routes\B3_D1_Craig_Bampton\sparse-band\checkpoint.json,1110,F18B9B6B022A28EF09151DBBF5ABF0EC3CF32E3330640BEF3AEC1D2F9B1E2FA1
output,D:\JZ_PhD\10_论文_Papers\Li\RHTS\liangyustability-master\figure\图10_计算级精准复现_隔离派生_20260901\cases\case_fig10_v1_来源约束参数反演\checkpoints\stage2_sparse_gain_scale_1_source_anchor\B3\routes\B3_D1_Craig_Bampton\sparse-band\points.csv,86505,FA2ADFDC4FBA20E68C0553F589CE0599B007BE490B3E643B79B572282E37C7FB
output,D:\JZ_PhD\10_论文_Papers\Li\RHTS\liangyustability-master\figure\图10_计算级精准复现_隔离派生_20260901\cases\case_fig10_v1_来源约束参数反演\checkpoints\stage2_sparse_gain_scale_1_source_anchor\B3\routes\B3_D1_Craig_Bampton\sparse-band\route_summary.json,1171,07BB3BA64FC70947C949CCFFA4A675E57E4D75FEDF1DAC8958083EAA6E12DA23
output,D:\JZ_PhD\10_论文_Papers\Li\RHTS\liangyustability-master\figure\图10_计算级精准复现_隔离派生_20260901\cases\case_fig10_v1_来源约束参数反演\checkpoints\stage2_sparse_gain_scale_1_source_anchor\B3\routes\B3_D1_Guyan\sparse-band\checkpoint.json,1094,88FEC13513F3D4E688EDB8C4F01238375CC24836F87C4EDCF27543DA509AF273
output,D:\JZ_PhD\10_论文_Papers\Li\RHTS\liangyustability-master\figure\图10_计算级精准复现_隔离派生_20260901\cases\case_fig10_v1_来源约束参数反演\checkpoints\stage2_sparse_gain_scale_1_source_anchor\B3\routes\B3_D1_Guyan\sparse-band\points.csv,79076,AB6C2ACE016A4DDC4D1FB502C7622E748B5A41179DC0508F266CA5389574BB54
output,D:\JZ_PhD\10_论文_Papers\Li\RHTS\liangyustability-master\figure\图10_计算级精准复现_隔离派生_20260901\cases\case_fig10_v1_来源约束参数反演\checkpoints\stage2_sparse_gain_scale_1_source_anchor\B3\routes\B3_D1_Guyan\sparse-band\route_summary.json,1148,FD8ADEEB77535864C9168BE50CDF336EE0207D54F94AF601DAFA99A2E8646FFC
output,D:\JZ_PhD\10_论文_Papers\Li\RHTS\liangyustability-master\figure\图10_计算级精准复现_隔离派生_20260901\cases\case_fig10_v1_来源约束参数反演\checkpoints\stage2_sparse_gain_scale_1_source_anchor\B3\routes\B3_D1_Original\sparse-band\checkpoint.json,1100,CB16E31D15C24F3CE7DAA724ECDE73E9D7DF1A89A73C77A3FABD3E6F3ADEF10E
output,D:\JZ_PhD\10_论文_Papers\Li\RHTS\liangyustability-master\figure\图10_计算级精准复现_隔离派生_20260901\cases\case_fig10_v1_来源约束参数反演\checkpoints\stage2_sparse_gain_scale_1_source_anchor\B3\routes\B3_D1_Original\sparse-band\points.csv,81931,B8F178CB0EC3FD005417DFF18342619F99072E67C27AB0DD473F4983525C5985
output,D:\JZ_PhD\10_论文_Papers\Li\RHTS\liangyustability-master\figure\图10_计算级精准复现_隔离派生_20260901\cases\case_fig10_v1_来源约束参数反演\checkpoints\stage2_sparse_gain_scale_1_source_anchor\B3\routes\B3_D1_Original\sparse-band\route_summary.json,1155,49B692B4D8D46E38CBEF28BCA8FE0465880B1922CA28DF39288485398EC0E2A3
output,D:\JZ_PhD\10_论文_Papers\Li\RHTS\liangyustability-master\figure\图10_计算级精准复现_隔离派生_20260901\cases\case_fig10_v1_来源约束参数反演\checkpoints\stage2_sparse_gain_scale_1_source_anchor\B3\routes\B3_D2_Craig_Bampton\sparse-band\checkpoint.json,1110,1F2FB3032F23AF8EB533ABD4ED7539490FDA84D1217E6273FA9A5ABF3987F47E
output,D:\JZ_PhD\10_论文_Papers\Li\RHTS\liangyustability-master\figure\图10_计算级精准复现_隔离派生_20260901\cases\case_fig10_v1_来源约束参数反演\checkpoints\stage2_sparse_gain_scale_1_source_anchor\B3\routes\B3_D2_Craig_Bampton\sparse-band\points.csv,86841,0ECBDC9102FA7904025DC130D73F20BAD2EF39209271D8788D4DBE599F91CBDA
output,D:\JZ_PhD\10_论文_Papers\Li\RHTS\liangyustability-master\figure\图10_计算级精准复现_隔离派生_20260901\cases\case_fig10_v1_来源约束参数反演\checkpoints\stage2_sparse_gain_scale_1_source_anchor\B3\routes\B3_D2_Craig_Bampton\sparse-band\route_summary.json,1172,C33D8E3B5F9FD88CE0817ADB1B296A50D1BD275F0A566DCB4E43E3BE5F8F81AF
output,D:\JZ_PhD\10_论文_Papers\Li\RHTS\liangyustability-master\figure\图10_计算级精准复现_隔离派生_20260901\cases\case_fig10_v1_来源约束参数反演\checkpoints\stage2_sparse_gain_scale_1_source_anchor\B3\routes\B3_D2_Guyan\sparse-band\checkpoint.json,1094,93DF050BFE6CFF4B33D9387A869021C255C725D4160E5892CCC595243E6C6456
output,D:\JZ_PhD\10_论文_Papers\Li\RHTS\liangyustability-master\figure\图10_计算级精准复现_隔离派生_20260901\cases\case_fig10_v1_来源约束参数反演\checkpoints\stage2_sparse_gain_scale_1_source_anchor\B3\routes\B3_D2_Guyan\sparse-band\points.csv,79278,19CB35EE854068BFB73F94214BD46F08A35274BA7FE2A83CA3043FB10777EC51
output,D:\JZ_PhD\10_论文_Papers\Li\RHTS\liangyustability-master\figure\图10_计算级精准复现_隔离派生_20260901\cases\case_fig10_v1_来源约束参数反演\checkpoints\stage2_sparse_gain_scale_1_source_anchor\B3\routes\B3_D2_Guyan\sparse-band\route_summary.json,1146,FD78C083B531A7345DB08454E9EEF9778F6D9B63818DA738CA4263175BD15181
output,D:\JZ_PhD\10_论文_Papers\Li\RHTS\liangyustability-master\figure\图10_计算级精准复现_隔离派生_20260901\cases\case_fig10_v1_来源约束参数反演\checkpoints\stage2_sparse_gain_scale_1_source_anchor\B3\routes\B3_D2_Original\sparse-band\checkpoint.json,1100,A44FC04F68B935EA8D73BC971459A0D557BEFC4AA7EA976E5F282AEFDF7390BE
output,D:\JZ_PhD\10_论文_Papers\Li\RHTS\liangyustability-master\figure\图10_计算级精准复现_隔离派生_20260901\cases\case_fig10_v1_来源约束参数反演\checkpoints\stage2_sparse_gain_scale_1_source_anchor\B3\routes\B3_D2_Original\sparse-band\points.csv,82271,EDB452F8F96C53DF3D677535172CDA094BFD9AC7A6ABEE036B7FE7D0678D4CD8
output,D:\JZ_PhD\10_论文_Papers\Li\RHTS\liangyustability-master\figure\图10_计算级精准复现_隔离派生_20260901\cases\case_fig10_v1_来源约束参数反演\checkpoints\stage2_sparse_gain_scale_1_source_anchor\B3\routes\B3_D2_Original\sparse-band\route_summary.json,1156,E1988EDBD09DDA0F7F67F0A38809CD036F9D735FAEE2354E972FF433089F74F0
output,D:\JZ_PhD\10_论文_Papers\Li\RHTS\liangyustability-master\figure\图10_计算级精准复现_隔离派生_20260901\cases\case_fig10_v1_来源约束参数反演\checkpoints\stage2_sparse_gain_scale_1_source_anchor\B3\run_summary.json,8221,CB3F99806E433CF146F87147863BCD9182CE3B7D834E077BEE5E66887888F5FC
